timestamp,timestamp_sample,time_last_fuse,device_id,observation[0],observation[1],observation[2],observation_variance[0],observation_variance[1],observation_variance[2],innovation[0],innovation[1],innovation[2],innovation_filtered[0],innovation_filtered[1],innovation_filtered[2],innovation_variance[0],innovation_variance[1],innovation_variance[2],test_ratio[0],test_ratio[1],test_ratio[2],test_ratio_filtered[0],test_ratio_filtered[1],test_ratio_filtered[2],estimator_instance,innovation_rejected,fused
111100884,110891955,110900836,0,-0.01203652,-0.16601948,0.32294047,0.0025000002,0.0025000002,0.0025000002,0.052659176,-0.020247802,0.011832386,0.023146693,-0.0012912244,0.00019017702,0.0025053278,0.002502284,0.002502076,0.122981854,0.018203815,0.0062172874,0.043397646,-0.0029146739,0.00034073062,2,0,1
111589533,111381731,111390624,0,0.027700549,-0.17423575,0.33978638,0.0025000002,0.0025000002,0.0025000002,0.012842737,-0.011872411,-0.004961133,0.012823917,-0.006320967,-0.00092723395,0.0025053245,0.0025022754,0.0025020693,0.007314905,0.00625885,0.0010930038,0.021206895,-0.005676245,-0.00025061908,2,0,1
112142103,111941738,111942873,0,0.0361471,-0.1664496,0.3114376,0.0025000002,0.0025000002,0.0025000002,0.0042387135,-0.01950498,0.023334801,0.014510979,-0.014714686,0.011488576,0.002505322,0.0025022696,0.0025020626,0.0007968235,0.016893253,0.024180572,0.024087992,-0.013812077,0.012582857,2,0,1
112632023,112431765,112432551,0,0.031883836,-0.16908571,0.31472415,0.0025000002,0.0025000002,0.0025000002,0.008313023,-0.016904071,0.019888103,0.017092705,-0.01640587,0.012971251,0.0025053138,0.0025022645,0.0025020572,0.0030648788,0.012688311,0.017564941,0.021305092,-0.017940389,0.012595717,2,0,1
113124906,112921812,112922271,0,0.0140316915,-0.18638775,0.32195434,0.0025000002,0.0025000002,0.0025000002,0.025980014,0.000373587,0.012491554,0.016543426,-0.011861522,0.01633787,0.0025053038,0.0025022584,0.0025020519,0.029934764,6.203533e-06,0.006929389,0.020264257,-0.011345102,0.015254012,2,0,1
113611885,113411915,113412123,0,0.026077058,-0.16031457,0.34023577,0.0025000002,0.0025000002,0.0025000002,0.01371761,-0.025785878,-0.005866945,0.0146873165,-0.011895385,0.0059799002,0.0025053038,0.0025022537,0.0025020468,0.008345532,0.029524792,0.0015285801,0.013370059,-0.013062705,0.0057906564,2,0,1
114111546,113901746,113912303,0,0.032680813,-0.18829167,0.3327335,0.0025000002,0.0025000002,0.0025000002,0.0070747063,0.00217776,0.0016868412,0.011655711,-0.005289519,-0.00368432,0.0025053066,0.0025022482,0.0025020416,0.0022197978,0.00021060255,0.00012636677,0.010404871,-0.0060271667,-0.0051203063,2,0,1
114604466,114391728,114401862,0,0.04419793,-0.18218395,0.33611998,0.0025000002,0.0025000002,0.0025000002,-0.0045494772,-0.0038601905,-0.0016322732,0.011674904,-0.0067534973,-0.0077105826,0.0025053094,0.0025022416,0.002502036,0.0009179502,0.00066169136,0.00011831565,0.010717983,-0.0061758934,-0.006525378,2,0,1
115090448,114881759,114891530,0,0.03828522,-0.14994523,0.34646297,0.0025000002,0.0025000002,0.0025000002,0.0016162694,-0.035895884,-0.011852413,0.010010294,-0.012819787,-0.0069526834,0.0025053164,0.0025022388,0.0025020307,0.00011585702,0.05721603,0.006238499,0.014053733,-0.018080385,-0.0047467444,2,0,1
115579994,115371729,115381209,0,0.059284307,-0.20416638,0.34760323,0.0025000002,0.0025000002,0.0025000002,-0.018753361,0.01857844,-0.012753755,-0.0042279647,-0.006460571,-0.013722343,0.0025053143,0.0025022337,0.002502025,0.015597446,0.015326433,0.007223374,-0.0070756366,-0.0086054625,-0.014479022,2,0,1
116132922,115931729,115933483,0,0.14038411,-0.15372272,0.43473014,0.0025000002,0.0025000002,0.0025000002,-0.09666006,-0.031450585,-0.09916678,-0.04136004,-0.006853946,-0.04846073,0.0025054442,0.0025022335,0.0025020235,0.4143496,0.043927383,0.4367161,-0.14655598,-0.008288211,-0.15508237,2,0,1
116622856,116421814,116423153,0,0.20798336,-0.17901914,0.4647988,0.0025000002,0.0025000002,0.0025000002,-0.14370269,-0.0046829283,-0.12763876,-0.10191566,-0.021654546,-0.08708684,0.0025107241,0.0025022877,0.0025021425,0.913878,0.0009854838,0.72336584,-0.60985464,-0.039133355,-0.4034844,2,0,1
117111360,116912081,116496068,0,0.20480463,-0.17718066,0.5218108,0.0025000002,0.0025000002,0.0025000002,-0.1398924,-0.0064671333,-0.1844408,-0.13569698,-0.0122202495,-0.12804987,0.0025108948,0.0025023,0.0025021492,0.8659987,0.0018571275,1.5106308,-0.9224509,-0.021191096,-0.82298034,2,1,0
117601212,117401979,117339996,0,0.20184368,-0.12909915,0.50447,0.0025000002,0.0025000002,0.0025000002,-0.16402882,-0.052118834,-0.16660342,-0.15794694,-0.026541283,-0.14965652,0.002505498,0.0025024451,0.0025020873,1.193174,0.12060972,1.2326019,-1.1809754,-0.045848925,-1.0648324,2,1,0
118090761,117891730,117829767,0,0.20807263,-0.17558625,0.53035146,0.0025000002,0.0025000002,0.0025000002,-0.19048484,-0.007862622,-0.19541049,-0.15851663,-0.019456668,-0.15723492,0.0025110084,0.0025022896,0.0025020768,1.6055734,0.0027450782,1.6957141,-1.1677915,-0.030167703,-1.1582294,2,1,0
118584490,118381736,118381841,0,0.20861894,-0.15806149,0.48939675,0.0025000002,0.0025000002,0.0025000002,-0.008842383,0.0012949854,-0.00822103,-0.09223624,-0.021115601,-0.08920755,0.0030514493,0.0030485396,0.0030566107,0.0028470163,6.3057305e-05,0.0024575915,-0.67270195,-0.03896003,-0.65247697,2,0,1
119084767,118871744,118881934,0,0.24234834,-0.14154853,0.53765476,0.0025000002,0.0025000002,0.0025000002,-0.04744365,-0.02043277,-0.051897526,-0.044926398,-0.012562219,-0.042965826,0.0027156381,0.002715981,0.0027174961,0.09209622,0.017002663,0.110113464,-0.28156123,-0.016526997,-0.27515075,2,0,1
119632880,119431738,119434031,0,0.21651633,-0.107920006,0.5104675,0.0025000002,0.0025000002,0.0025000002,-0.023756936,-0.0483637,-0.016992211,-0.022278205,-0.017871795,-0.021571282,0.0026277523,0.002628018,0.0026283371,0.023864588,0.09884556,0.012194403,-0.107572936,-0.028580213,-0.103908725,2,0,1
120122664,119921775,119923684,0,0.21911648,-0.13501576,0.49015737,0.0025000002,0.0025000002,0.0025000002,-0.020104572,-0.016499758,0.004729539,-0.027497457,-0.012162311,-0.008966893,0.0025939238,0.002594909,0.0025944551,0.017313702,0.011649438,0.000958637,-0.07580168,-0.01743925,-0.0437672,2,0,1
120612144,120411730,120413383,0,0.21446648,-0.124466494,0.52182853,0.0025000002,0.0025000002,0.0025000002,-0.011541024,-0.024682969,-0.023425847,-0.023503626,-0.009946725,-0.015528809,0.0025747225,0.0025758345,0.0025747798,0.0057479865,0.026279477,0.02368533,-0.044042464,-0.011518018,-0.03568095,2,0,1
121101836,120901753,120903116,0,0.23838845,-0.13540834,0.50709265,0.0025000002,0.0025000002,0.0025000002,-0.031870604,-0.008582532,-0.0050886273,-0.021476826,-0.010116381,-0.011228961,0.0025620032,0.0025628316,0.002561884,0.044051263,0.0031936485,0.0011235711,-0.035012413,-0.010884438,-0.017670725,2,0,1
121595400,121391777,121392635,0,0.21164478,-0.106555216,0.48487353,0.0025000002,0.0025000002,0.0025000002,0.0015737712,-0.037536092,0.01694274,-0.022702906,-0.008533227,-0.0014389214,0.002552898,0.0025534423,0.0025527836,0.00010779715,0.06130995,0.012492449,-0.03709923,-0.010406834,-0.0039244224,2,0,1
122081189,121881895,121882295,0,0.23412302,-0.13879612,0.5134564,0.0025000002,0.0025000002,0.0025000002,-0.016620085,-0.0031334162,-0.009718418,-0.027048714,-0.006694597,-0.0104747685,0.0025462308,0.0025466243,0.0025460212,0.012053861,0.00042829412,0.0041222647,-0.042202517,-0.0076501337,-0.011681383,2,0,1
122570650,122371731,122371962,0,0.18816556,-0.1507402,0.49327317,0.0025000002,0.0025000002,0.0025000002,0.03065604,0.011988133,0.0135068,-0.015690295,-0.009234538,-0.012445183,0.0025411297,0.0025414636,0.0025408117,0.04109252,0.006283616,0.007978848,-0.029045833,-0.011057986,-0.024726516,2,0,1
123133319,122931730,122934542,0,0.27934837,-0.11939784,0.5421475,0.0025000002,0.0025000002,0.0025000002,-0.058209524,-0.020360924,-0.03573525,-0.017294005,-0.009841798,-0.014446245,0.0025365844,0.0025367083,0.0025361308,0.14842132,0.018158637,0.055957284,-0.029980838,-0.007509487,-0.01936262,2,0,1
123626972,123421754,123424243,0,0.24276215,-0.13152969,0.5127989,0.0025000002,0.0025000002,0.0025000002,-0.019890442,-0.00791277,-0.006571889,-0.011834174,-0.009489747,-0.0028975962,0.0025333017,0.0025333446,0.0025328302,0.017352397,0.002745851,0.0018950674,-0.015698249,-0.007888841,-0.0018085933,2,0,1
124112911,123911735,123913871,0,0.25255066,-0.120262496,0.5419648,0.0025000002,0.0025000002,0.0025000002,-0.02845566,-0.018984236,-0.035096824,-0.01242081,-0.0050741048,-0.0071232594,0.0025306286,0.0025305913,0.0025300889,0.035552192,0.015823403,0.054098126,-0.017110094,-0.003072239,-0.0066234395,2,0,1
124602348,124401790,124403499,0,0.22619706,-0.12282312,0.50415766,0.0025000002,0.0025000002,0.0025000002,-0.0030037463,-0.016048804,0.0032969117,-0.010143688,-0.007284063,-0.0065718074,0.0025283415,0.0025282898,0.0025277683,0.0003965046,0.011319227,0.00047772072,-0.011400038,-0.00662095,-0.0050470764,2,0,1
125091763,124891786,124893124,0,0.22004545,-0.13772699,0.48637965,0.0025000002,0.0025000002,0.0025000002,0.0057877004,-0.0009576082,0.021659106,-0.0069224,0.0011458902,-0.0019052485,0.0025264304,0.0025262684,0.0025257848,0.0014732018,4.0345552e-05,0.02063698,-0.00854427,0.0032761532,-0.0004367222,2,0,1
125581624,125381737,125382896,0,0.25318068,-0.1316832,0.5031673,0.0025000002,0.0025000002,0.0025000002,-0.026525825,-0.007230878,0.0047211647,-0.0137147065,0.00060606253,0.00040073806,0.00252478,0.002524547,0.002524065,0.030965045,0.0023007775,0.0009810631,-0.016422786,0.0020875346,-0.001424573,2,0,1
126074978,125871730,125872394,0,0.21461295,-0.16337553,0.5076655,0.0025000002,0.0025000002,0.0025000002,0.0109805465,0.024410248,0.0007593632,-0.008936373,0.0013523133,-0.005249342,0.0025233207,0.0025230807,0.0025225647,0.005309247,0.026240593,2.5424035e-05,-0.011140893,0.0024030684,-0.009676507,2,0,1
126633939,126431730,126434940,0,0.21333647,-0.10501167,0.49340343,0.0025000002,0.0025000002,0.0025000002,0.012172833,-0.03330584,0.015637577,-0.010691512,-0.002558194,-0.0021338651,0.0025219168,0.0025215962,0.002521064,0.0065284497,0.048878226,0.010776974,-0.013163395,-0.004017466,-0.0051159235,2,0,1
127123527,126921786,126924548,0,0.20932905,-0.13109611,0.49694997,0.0025000002,0.0025000002,0.0025000002,0.017660946,-0.0080563575,0.0121821165,-0.0032862634,-0.0018926811,-0.0055508646,0.002520731,0.002520408,0.0025199093,0.013748614,0.002861215,0.006543796,-0.0045281756,-0.0024251149,-0.005737419,2,0,1
127612896,127411997,127414191,0,0.21978435,-0.106325604,0.5190083,0.0025000002,0.0025000002,0.0025000002,0.008291632,-0.031948663,-0.009697974,-0.0027173487,-0.0067322413,-0.004100417,0.002519768,0.0025193715,0.002518876,0.0030316357,0.04501618,0.004148764,-0.0015992583,-0.008034639,-0.002392429,2,0,1
128106692,127901938,127903780,0,0.21571562,-0.13713229,0.5010225,0.0025000002,0.0025000002,0.0025000002,0.013307229,-0.0008826852,0.008317113,-0.0023095626,-0.0049337023,-0.00061196054,0.00251887,0.0025184208,0.0025179437,0.0078113656,3.4370216e-05,0.003052692,-0.0011125043,-0.005720371,-0.00063403865,2,0,1
128592227,128391731,128393416,0,0.24112195,-0.174513,0.52347696,0.0025000002,0.0025000002,0.0025000002,-0.012926877,0.03622447,-0.014432192,-0.00974267,-0.00022748965,-0.0036327639,0.0025180248,0.0025175733,0.0025170983,0.0073736873,0.05791328,0.009194392,-0.008952759,0.0028710414,-0.0017540993,2,0,1
129085511,128881730,128747620,0,0.32473934,-0.11057516,0.67450726,0.0025000002,0.0025000002,0.0025000002,-0.07943714,-0.034834586,-0.1672086,-0.027204946,-0.019866506,-0.059766896,0.0025187118,0.0025171633,0.0025166941,0.2783724,0.053563308,1.2343669,-0.07180856,-0.089095645,-0.6360471,2,1,0
129571461,129371730,129372706,0,0.2601602,-0.11246349,0.47243133,0.0025000002,0.0025000002,0.0025000002,-0.023609728,-0.024188146,0.037409276,-0.06360154,-0.011995995,-0.04992717,0.002519172,0.0025167286,0.0025161563,0.024585648,0.025827866,0.0617923,-0.3237202,-0.030784335,-0.6036525,2,0,1
130133863,129931729,129862407,0,0.48519683,-0.17261967,0.5180462,0.0025000002,0.0025000002,0.0025000002,-0.23998213,0.03981693,-0.0057753865,-0.097543545,-0.011603197,-0.10826923,0.0025211256,0.0025167542,0.0025159852,2.5381706,0.06999262,0.0014730297,-0.8783958,-0.03923576,-1.1856816,2,1,0
130623353,130421770,130008130,0,0.40487474,-0.1231098,0.570463,0.0025000002,0.0025000002,0.0025000002,-0.1515224,-0.014698535,-0.05988666,-0.1147572,-0.011119954,-0.10824672,0.002523129,0.0025166753,0.0025157565,1.0110477,0.009538463,0.15839778,-0.8539584,-0.037449535,-1.0747948,2,1,0
131113107,130911730,130914445,0,0.36000666,-0.08675478,0.4432719,0.0025000002,0.0025000002,0.0025000002,-0.102802545,-0.05354788,0.06768474,-0.10572334,-0.025594914,-0.11023316,0.0025243578,0.002516507,0.0025154755,0.46517283,0.12661913,0.2024123,-0.6393325,-0.12362036,-1.104049,2,0,1
131602805,131401737,131404031,0,0.32056153,-0.09671213,0.6498531,0.0025000002,0.0025000002,0.0025000002,-0.05862096,-0.040370658,-0.13704109,-0.09887918,-0.005823341,-0.095246464,0.0025245044,0.002516113,0.0025151249,0.15124714,0.07197977,0.8297239,-0.5426113,-0.015600784,-0.8322785,2,0,1
132092244,131891730,131831120,0,0.5316664,-0.13362394,0.45016995,0.0025000002,0.0025000002,0.0025000002,-0.2673208,-0.00094299763,0.06648584,-0.12143513,0.010647256,-0.068689294,0.0025239363,0.0025157244,0.0025147512,3.145898,3.927495e-05,0.19530833,-0.97501004,0.042876415,-0.6099417,2,1,0
132581690,132381744,132320795,0,0.3641927,-0.16073394,0.7032229,0.0025000002,0.0025000002,0.0025000002,-0.09538898,0.02816476,-0.18584706,-0.11025638,-0.0105904015,-0.088425234,0.0025240374,0.0025155216,0.0025145467,0.40055126,0.03503818,1.526192,-0.7342629,-0.083438836,-0.9701392,2,1,0
133071539,132871805,132872849,0,0.30945867,0.014981057,0.38177377,0.0025000002,0.0025000002,0.0025000002,-0.040397972,-0.1492165,0.13621801,-0.10008578,-0.013931379,-0.063242294,0.0025239373,0.002515281,0.0025143514,0.071845256,0.98358595,0.81987387,-0.6141882,-0.13880004,-0.6583661,2,0,1
133634292,133431730,133435426,0,0.37323546,-0.16570084,0.46473452,0.0025000002,0.0025000002,0.0025000002,-0.10394469,0.031060457,0.05333367,-0.080160916,-0.012135582,-0.06587707,0.0025237757,0.0025149565,0.002514034,0.47567612,0.04261686,0.12564664,-0.45905018,-0.12709866,-0.6098355,2,0,1
134123783,133921763,133925002,0,0.37544808,-0.0871354,0.5778017,0.0025000002,0.0025000002,0.0025000002,-0.10291922,-0.04853902,-0.059984326,-0.07886134,-0.043821055,-0.058953375,0.0025231936,0.0025145852,0.0025137272,0.4664444,0.10410694,0.15905982,-0.3698098,-0.22445053,-0.452179,2,0,1
134613741,134411730,134341785,0,0.31779668,-0.058087178,0.35491857,0.0025000002,0.0025000002,0.0025000002,-0.04421431,-0.07521519,0.16523038,-0.061187483,-0.021473417,-0.047184773,0.0025224835,0.0025142583,0.002513475,0.08611024,0.2500108,1.2068762,-0.23898396,-0.06750254,-0.35594398,2,1,0
135102924,134901778,134904349,0,0.30616266,-0.13547608,0.5165498,0.0025000002,0.0025000002,0.0025000002,-0.03696263,0.0034528226,0.0039426684,-0.0578996,-0.008252992,-0.05042615,0.0025219498,0.0025140361,0.0025133013,0.060193103,0.0005273261,0.0006849748,-0.31895733,-0.03864857,-0.3793083,2,0,1
135592821,135391731,135393738,0,0.41661388,-0.22415113,0.42532608,0.0025000002,0.0025000002,0.0025000002,-0.1464212,0.09145349,0.09467098,-0.07192139,-0.0010678942,-0.04600718,0.0025210814,0.0025136247,0.0025129667,0.9448841,0.36976302,0.39614618,-0.37055665,-0.024794098,-0.45946863,2,0,1
136082137,135881830,135747977,0,0.3068329,-0.03385886,0.73821276,0.0025000002,0.0025000002,0.0025000002,-0.035170168,-0.100611016,-0.21795535,-0.09011377,0.0061931787,-0.08231391,0.0025204886,0.0025133016,0.0025127116,0.054528262,0.4475113,2.1006317,-0.5561356,0.060599927,-0.73632056,2,1,0
136571911,136372034,136372936,0,0.27310672,-0.13614836,0.62447834,0.0025000002,0.0025000002,0.0025000002,-0.0039526224,-0.010842055,-0.111928046,-0.07432245,-0.0048700944,-0.05813335,0.0025217885,0.0025139772,0.0025128997,0.0006883661,0.005196104,0.55391574,-0.44032666,0.01949942,-0.4518693,2,0,1
137134136,136932000,136862517,0,0.29623264,-0.1490711,0.82486415,0.0025000002,0.0025000002,0.0025000002,-0.019546658,0.0150055885,-0.30324006,-0.038393576,-0.007731705,-0.097989015,0.0025183908,0.0025126624,0.002512247,0.016856965,0.009957021,4.066945,-0.19489379,-0.023640068,-0.9782513,2,1,0
137623766,137421955,137425010,0,0.37215853,-0.13836579,0.54635024,0.0025000002,0.0025000002,0.0025000002,-0.09593588,0.009806484,-0.02055198,-0.062486198,-0.017558042,-0.080971554,0.0025181654,0.0025125914,0.0025120834,0.4061022,0.0042528952,0.018708903,-0.28217965,-0.08881864,-0.77513355,2,0,1
138113486,137911730,137914668,0,0.24242502,-0.054743517,0.5744946,0.0025000002,0.0025000002,0.0025000002,0.036180273,-0.08282748,-0.05352336,-0.051807486,0.0024684987,-0.09183686,0.002518691,0.0025123127,0.0025118312,0.057746585,0.30342865,0.12672436,-0.2763611,-0.014537803,-0.80424213,2,0,1
138603185,138401763,138404244,0,0.34296882,-0.12035784,0.5615169,0.0025000002,0.0025000002,0.0025000002,-0.06540492,-0.014202371,-0.036939025,-0.047902126,0.0020246257,-0.06921626,0.0025185614,0.0025119362,0.0025114636,0.18872343,0.008918654,0.06037313,-0.20388821,-0.00473616,-0.473762,2,0,1
139096287,138891731,138831319,0,0.5125708,-0.2869915,0.48709938,0.0025000002,0.0025000002,0.0025000002,-0.23377478,0.15820414,0.04216806,-0.060632028,0.015367732,-0.07123192,0.002519191,0.002511887,0.0025113237,2.4104145,1.1071159,0.07867233,-0.42939156,0.12290795,-0.61352074,2,1,0
139582400,139381753,139383540,0,0.28531995,-0.10984068,0.66382366,0.0025000002,0.0025000002,0.0025000002,-0.0024018288,-0.021391831,-0.13598639,-0.05483136,0.012109366,-0.07586681,0.0025194066,0.0025116033,0.0025110575,0.00025441535,0.020244097,0.8182678,-0.33470502,0.07378212,-0.73625654,2,0,1
140071764,139871876,139872950,0,0.38921124,-0.19358148,0.4123307,0.0025000002,0.0025000002,0.0025000002,-0.10547623,0.059709325,0.11485118,-0.06519231,0.013672433,-0.07624514,0.0025190574,0.00251134,0.0025108333,0.4907142,0.15775675,0.58367634,-0.366134,0.048753135,-0.78004533,2,0,1
140634312,140431764,140435407,0,0.21282412,-0.157593,0.6610046,0.0025000002,0.0025000002,0.0025000002,0.067692384,0.019463852,-0.1364246,-0.055200584,0.0036385362,-0.07312898,0.0025186643,0.002511123,0.0025106366,0.20214677,0.016761307,0.8237482,-0.33022347,-0.04918038,-0.676025,2,0,1
141123493,140921755,140789587,0,0.3411331,-0.16220391,0.6796369,0.0025000002,0.0025000002,0.0025000002,-0.056725442,0.025117055,-0.15413864,-0.061737962,-0.016318545,-0.08393638,0.0025184413,0.0025108734,0.0025103963,0.14196505,0.027917087,1.0515702,-0.27890474,-0.13992418,-0.742047,2,1,0
141613417,141411730,141279130,0,0.28381178,-0.21826383,0.7424845,0.0025000002,0.0025000002,0.0025000002,0.0042569637,0.07819863,-0.21897876,-0.050804082,0.012730795,-0.06975051,0.0025184646,0.0025108757,0.002510344,0.0007995057,0.27060172,2.122405,-0.19467863,0.024077447,-0.63322765,2,1,0
142102844,141901746,141904146,0,0.33956838,-0.18486053,0.574806,0.0025000002,0.0025000002,0.0025000002,-0.048283517,0.047439933,-0.049663305,-0.0577374,0.02476789,-0.048097223,0.0025186301,0.0025106193,0.0025101502,0.10284683,0.09961058,0.10916181,-0.20117714,0.12879546,-0.3999703,2,0,1
142592462,142391730,142393752,0,0.30796507,-0.029987635,0.38606474,0.0025000002,0.0025000002,0.0025000002,-0.015049279,-0.10528828,0.14140204,-0.055554166,-0.013746456,-0.01727992,0.002518528,0.0025103705,0.002509947,0.009991762,0.49065372,0.88514435,-0.18222806,-0.076437265,-0.16563289,2,0,1
143082186,142881735,142747830,0,0.31106302,-0.14847311,0.70166445,0.0025000002,0.0025000002,0.0025000002,-0.015858531,0.016199037,-0.17299595,-0.057360254,0.022089373,-0.087533645,0.002518832,0.0025103353,0.002509898,0.011093899,0.011614597,1.3248701,-0.24198371,0.08027629,-0.78808236,2,1,0
143571857,143371730,143310364,0,0.46869457,-0.22097488,0.42709965,0.0025000002,0.0025000002,0.0025000002,-0.17807421,0.088842064,0.102332056,-0.08720347,0.010863435,-0.0633004,0.0025185838,0.0025102175,0.002509809,1.3989531,0.3493682,0.46359652,-0.45634362,0.043244317,-0.6105987,2,1,0
144133824,143931749,143862360,0,0.28330177,-0.22122243,0.6885249,0.0025000002,0.0025000002,0.0025000002,0.003948301,0.08085582,-0.16425017,-0.05548396,0.009558063,-0.08150164,0.002518296,0.002510142,0.0025097027,0.0006878143,0.28938884,1.194392,-0.25845858,-0.010846143,-0.66178143,2,1,0
144624564,144421762,144424809,0,0.30365762,-0.11271727,0.63791907,0.0025000002,0.0025000002,0.0025000002,-0.010803372,-0.027946293,-0.113273084,-0.034512,-0.0014820521,-0.07978726,0.0025183957,0.002509994,0.0025095365,0.0051493472,0.034571737,0.56806886,-0.13203801,-0.0026485585,-0.6930136,2,0,1
145112967,144911730,144851952,0,0.31415656,-0.16340297,0.7611014,0.0025000002,0.0025000002,0.0025000002,-0.018202424,0.023324043,-0.23503141,-0.040422752,0.003976566,-0.07224581,0.002518282,0.0025097767,0.002509337,0.014618796,0.02408408,2.4459655,-0.1721619,0.0064338427,-0.5914729,2,1,0
145602874,145401732,145404025,0,0.32676965,-0.18381298,0.61258316,0.0025000002,0.0025000002,0.0025000002,-0.030469358,0.04575722,-0.08459222,-0.04208796,0.004798661,-0.07790505,0.0025183882,0.0025095982,0.0025092026,0.04096014,0.09270438,0.3168603,-0.13986386,0.0053012744,-0.5935845,2,0,1
146092997,145891733,145893517,0,0.3761023,-0.026532674,0.6350226,0.0025000002,0.0025000002,0.0025000002,-0.08066288,-0.10719193,-0.10299027,-0.056316525,-0.012904877,-0.10054987,0.0025185733,0.0025094505,0.0025090673,0.2870452,0.50872594,0.4697334,-0.25529882,-0.056437142,-0.8700027,2,0,1
146582931,146381766,146383086,0,0.3187687,-0.1827691,0.5564387,0.0025000002,0.0025000002,0.0025000002,0.027949959,-0.027652591,-0.090874106,-0.03126326,-0.010374849,-0.08194364,0.0025306335,0.00254133,0.002528036,0.03429972,0.03395972,0.3635839,-0.14893025,-0.025331767,-0.5968985,2,0,1
147071206,146871732,146872714,0,0.3781332,-0.111632146,0.45335865,0.0025000002,0.0025000002,0.0025000002,-0.05793208,-0.02055823,0.07964945,0.0019928885,-0.021341013,-0.046961848,0.002520106,0.002509245,0.00250875,0.1479711,0.018723367,0.28093335,-0.019805597,-0.04290914,-0.3469936,2,0,1
147633697,147431730,147362156,0,0.3032855,-0.08297718,0.83621144,0.0025000002,0.0025000002,0.0025000002,-0.043688774,-0.0093661845,-0.27696195,-0.023354957,-0.008345657,-0.0834683,0.0025185505,0.0025176208,0.0025137318,0.084206685,0.003871619,3.3906171,-0.08101385,-0.012783091,-0.9061626,2,1,0
148127173,147921760,147924649,0,0.3641863,-0.1748169,0.5579256,0.0025000002,0.0025000002,0.0025000002,-0.07369006,0.04451385,-0.02203077,-0.04348394,0.0019639551,-0.08203681,0.0025141903,0.0025087914,0.0025084985,0.23998114,0.087751545,0.021506956,-0.3687552,-0.0014010665,-0.8349663,2,0,1
148612882,148411825,148414234,0,0.23470345,-0.09541189,0.5687993,0.0025000002,0.0025000002,0.0025000002,0.04874596,-0.046699278,-0.04080063,-0.02969235,0.0038022825,-0.08612698,0.0025136902,0.0025087886,0.0025084075,0.105032325,0.09656714,0.07376028,-0.20566209,0.0075848894,-0.6375352,2,0,1
149102981,148901768,148768377,0,0.3407434,-0.12484258,0.7378186,0.0025000002,0.0025000002,0.0025000002,-0.06432006,-0.008443773,-0.20284355,-0.044798207,-0.008257863,-0.10566218,0.0025145242,0.0025084342,0.0025082133,0.18280773,0.0031581144,1.8227009,-0.19752607,-0.036297016,-0.90289366,2,1,0
149591865,149391731,149330855,0,0.5010193,-0.19898194,0.4386605,0.0025000002,0.0025000002,0.0025000002,-0.20817423,0.06942192,0.100053445,-0.06528014,0.022886477,-0.0810298,0.0025142026,0.002508542,0.002508197,1.9151869,0.2134663,0.4434656,-0.46091893,0.06257367,-0.76483434,2,1,0
150082422,149881756,149882866,0,0.37506792,-0.1454415,0.47727153,0.0025000002,0.0025000002,0.0025000002,-0.080510914,0.005923435,0.05468604,-0.043851588,0.007967758,-0.059317496,0.00251419,0.0025083192,0.0025080317,0.28646323,0.0015550908,0.13250868,-0.28927281,-0.026938014,-0.62711245,2,0,1
150570815,150371732,150309891,0,0.28935495,-0.147716,0.7424576,0.0025000002,0.0025000002,0.0025000002,0.0044771135,0.009404734,-0.20928578,-0.027256472,0.0020927866,-0.07691229,0.0025139805,0.0025081513,0.0025078796,0.0008859144,0.0039182915,1.940574,-0.14226422,-0.033606607,-0.6620239,2,1,0
151133587,150931730,150934849,0,0.43409327,-0.14731877,0.51767313,0.0025000002,0.0025000002,0.0025000002,-0.14184716,0.018893123,0.023279607,-0.045475833,0.0018321945,-0.06608574,0.0025139214,0.0025082284,0.002507875,0.88929754,0.015814798,0.023973452,-0.22212063,-0.013817337,-0.5823465,2,0,1
151623328,151421731,151424369,0,0.33563697,-0.1671121,0.668954,0.0025000002,0.0025000002,0.0025000002,-0.046316326,0.03632672,-0.12915087,-0.06300653,-0.0017002008,-0.07516045,0.0025139337,0.0025079406,0.0025076824,0.094813876,0.058470313,0.73909116,-0.28377736,-0.010026301,-0.54902756,2,0,1
152112690,151911732,151851574,0,0.48176333,-0.1832206,0.52797216,0.0025000002,0.0025000002,0.0025000002,-0.19235614,0.045964792,0.007944435,-0.076480865,-0.007276766,-0.086530454,0.002513955,0.002507759,0.0025075306,1.6353551,0.09361,0.0027966443,-0.5314264,-0.0420453,-0.68825465,2,1,0
152603831,152401759,152403491,0,0.37895817,-0.19050364,0.49982244,0.0025000002,0.0025000002,0.0025000002,-0.08673006,0.05192572,0.03588289,-0.0511445,0.02836107,-0.06597444,0.0025142392,0.002507753,0.0025074936,0.33242235,0.11945548,0.05707081,-0.3055825,0.18717167,-0.5160122,2,0,1
153092686,152891733,152830555,0,0.32813576,-0.17796257,0.8009696,0.0025000002,0.0025000002,0.0025000002,-0.034082025,0.038241297,-0.26620308,-0.02907804,0.017507432,-0.080078915,0.0025142813,0.0025077246,0.0025074696,0.051332735,0.06479521,3.140132,-0.13457033,0.08582158,-0.78737515,2,1,0
153581501,153381760,153382527,0,0.30643186,-0.16031335,0.6630679,0.0025000002,0.0025000002,0.0025000002,-0.008408278,0.027578562,-0.122472346,-0.028198147,-0.0025994154,-0.10157607,0.002514506,0.002507564,0.002507343,0.003124057,0.033701204,0.6646934,-0.094511256,0.012231916,-0.9025917,2,0,1
154070822,153871730,153872146,0,0.35003895,-0.14244711,0.4162754,0.0025000002,0.0025000002,0.0025000002,-0.056887478,0.013609901,0.12773624,-0.025964594,-0.014969916,-0.06256389,0.0025145034,0.0025075853,0.0025073136,0.14300084,0.008209582,0.7230196,-0.0990498,-0.07866125,-0.55586964,2,0,1
154633156,154431731,154372049,0,0.12531897,0.029448884,0.9499073,0.0025000002,0.0025000002,0.0025000002,0.16961797,-0.16921401,-0.41429883,0.0049315193,-0.029958816,-0.11701989,0.0025144944,0.0025074852,0.0025072063,1.2713072,1.2687958,7.6066747,0.10889666,-0.18433213,-1.4746166,2,1,0
155123056,154921735,154924079,0,0.36626005,-0.124925,0.6426187,0.0025000002,0.0025000002,0.0025000002,-0.06779286,-0.008674055,-0.10219294,-0.01151552,-0.024425188,-0.072044715,0.0025147577,0.0025072687,0.0025070533,0.2030623,0.0033342142,0.46284786,-0.00883508,-0.11825336,-0.7485592,2,0,1
155612648,155411730,155351090,0,0.3149073,-0.052602917,0.77946436,0.0025000002,0.0025000002,0.0025000002,-0.0151005685,-0.0785708,-0.23587179,-0.024021136,-0.0041671693,-0.07963449,0.0025148687,0.0025072086,0.0025069742,0.010074622,0.27358317,2.46581,-0.1299123,-0.022585902,-0.72707146,2,1,0
156103760,155901735,155903168,0,0.28514948,-0.12870333,0.5528456,0.0025000002,0.0025000002,0.0025000002,0.012349904,-0.0026386827,-0.009861469,-0.010484248,-0.018668998,-0.046442464,0.0025149973,0.0025071048,0.002506888,0.0067382497,0.00030860884,0.0043099583,-0.08525037,-0.047031686,-0.40562603,2,0,1
156591246,156391732,156330321,0,0.30779278,-0.21903682,0.7937683,0.0025000002,0.0025000002,0.0025000002,-0.12033138,0.09258297,-0.26140943,-0.031066066,-0.0057442673,-0.098512895,0.0025817398,0.0025072738,0.0025119456,0.6231646,0.3798551,3.0226636,-0.14064425,-0.0777103,-0.9797635,2,1,0
157084833,156881759,156882191,0,0.20984685,-0.12541506,0.5743366,0.0025000002,0.0025000002,0.0025000002,0.097613424,-0.0030284375,-0.028919518,0.03248516,-0.011497806,-0.051321026,0.002530884,0.0025080135,0.0025070743,0.4183159,0.0003915274,0.036870833,0.093786545,-0.05645041,-0.412822,2,0,1
157582167,157371953,157382166,0,0.42015088,-0.099882595,0.54309344,0.0025000002,0.0025000002,0.0025000002,-0.013855338,-0.027535148,-0.008606732,0.05181302,-0.016617948,-0.028547745,0.002544997,0.0025080068,0.0025076244,0.0083811665,0.033613864,0.0032646977,0.19160044,-0.036110044,-0.183414,2,0,1
158133257,157931800,157934207,0,0.4619089,-0.19877829,0.47105187,0.0025000002,0.0025000002,0.0025000002,-0.13166383,0.05833289,0.06558359,0.000105525854,-0.0028056449,-0.028284432,0.0025185756,0.002507747,0.0025066065,0.76477814,0.15062833,0.19098978,-0.025903683,-0.006393285,-0.17856205,2,0,1
158622655,158421766,158423760,0,0.32318372,-0.10504706,0.58314025,0.0025000002,0.0025000002,0.0025000002,-0.0057877004,-0.0026667565,-0.022892952,-0.025463037,0.014649698,-0.06689854,0.002514123,0.0025094463,0.002507779,0.0014804135,0.00031507446,0.023231912,-0.1369088,0.03690165,-0.670555,2,0,1
159112872,158911731,158913265,0,0.41730547,-0.1853224,0.5502524,0.0025000002,0.0025000002,0.0025000002,-0.10664576,0.062790364,0.0012535453,-0.013093142,-0.007572762,-0.08208634,0.0025123486,0.0025072284,0.002506566,0.5029963,0.17470388,6.62298e-05,-0.074644744,-0.17447653,-0.76181275,2,0,1
159602415,159401746,159402781,0,0.35589227,-0.15521753,0.65677524,0.0025000002,0.0025000002,0.0025000002,-0.05960548,0.010661319,-0.11971086,-0.022923687,-0.0022362366,-0.09179373,0.0025115968,0.0025071038,0.0025065006,0.15717372,0.00502951,0.63512766,-0.14885674,-0.031534802,-0.7440662,2,0,1
160090944,159891732,159829870,0,0.2683779,-0.21128541,0.7523122,0.0025000002,0.0025000002,0.0025000002,0.026497364,0.072166085,-0.21121433,-0.021045586,0.0051790066,-0.09138137,0.0025111272,0.002506597,0.0025062372,0.031066628,0.23085499,1.9777987,-0.14711538,-0.028043775,-0.78121495,2,1,0
160584696,160381731,160381811,0,0.361137,-0.1419475,0.5278185,0.0025000002,0.0025000002,0.0025000002,-0.061147004,0.004605815,0.014166057,0.007053664,-0.02143398,-0.07028233,0.002510986,0.0025064636,0.0025061588,0.16544878,0.0009409582,0.008900176,0.00512364,-0.2079447,-0.7376674,2,0,1
161080706,160871731,160881809,0,0.3512426,-0.118704654,0.6761161,0.0025000002,0.0025000002,0.0025000002,-0.047793746,-0.018626072,-0.13340008,-0.01614372,-0.009267377,-0.069855206,0.0025111777,0.0025063772,0.002506103,0.10106998,0.015376175,0.78897464,-0.08144658,-0.06939381,-0.61148,2,0,1
161632777,161431732,161433987,0,0.4369386,-0.23700741,0.46381623,0.0025000002,0.0025000002,0.0025000002,-0.14338183,0.107878864,0.08547652,-0.030394217,0.016278943,-0.04702497,0.002510944,0.0025063213,0.0025060293,0.90972203,0.51596385,0.32391647,-0.16118571,0.054167558,-0.3652699,2,0,1
162122057,161921743,161923343,0,0.29532218,-0.17237404,0.63626015,0.0025000002,0.0025000002,0.0025000002,-0.005109042,0.04103358,-0.088630915,-0.020159306,0.010289344,-0.042057864,0.0025109502,0.002506178,0.002505929,0.0011550435,0.07464934,0.3483031,-0.08718708,0.018125866,-0.24734898,2,0,1
162615302,162411787,162350348,0,0.24212003,-0.16127695,0.8032054,0.0025000002,0.0025000002,0.0025000002,0.052895606,0.024319038,-0.25844634,-0.018454,0.018866241,-0.07846022,0.0025109763,0.0025061332,0.0025058822,0.12380953,0.026220812,2.9616764,-0.07803473,0.0891658,-0.63113695,2,1,0
163101114,162901755,162902374,0,0.29537976,-0.1833396,0.6237276,0.0025000002,0.0025000002,0.0025000002,0.00069624186,0.045261413,-0.07977599,-0.011083692,0.014274145,-0.07465925,0.0025111511,0.0025061206,0.0025058624,2.1448894e-05,0.09082626,0.2821924,-0.037242714,0.06614566,-0.5673091,2,0,1
163590989,163391732,163391896,0,0.40182155,-0.1633019,0.48622757,0.0025000002,0.0025000002,0.0025000002,-0.112900645,0.03128721,0.0625968,-0.012689979,0.002642105,-0.072413824,0.002511309,0.0025060105,0.0025057606,0.56396246,0.043401226,0.17375685,-0.045884363,-0.0061203367,-0.64920306,2,0,1
164090627,163881733,163891867,0,0.31877118,-0.15229453,0.5242247,0.0025000002,0.0025000002,0.0025000002,-0.033711195,0.020308346,0.02501595,-0.038805448,0.0057149,-0.08074371,0.002511619,0.0025059672,0.0025057215,0.050274994,0.01828655,0.02775153,-0.3599136,0.0059585623,-0.90213597,2,0,1
164579882,164371731,164308495,0,0.2537647,-0.14293467,0.80326825,0.0025000002,0.0025000002,0.0025000002,0.03870201,0.0038046688,-0.25855377,-0.015669491,0.003482083,-0.09374536,0.002511717,0.002505979,0.0025057213,0.06626037,0.0006418208,2.9643295,-0.1579981,0.002807269,-0.8921362,2,1,0
165132789,164931732,164933332,0,0.29982668,-0.26248735,0.56087875,0.0025000002,0.0025000002,0.0025000002,-0.012336373,0.1296662,-0.011526823,-0.0060395785,0.015286582,-0.061590005,0.002511772,0.0025058265,0.0025055856,0.0067321267,0.7455185,0.005891547,-0.04860516,0.06606818,-0.51301175,2,0,1
165622224,165421766,165422868,0,0.28047597,-0.10343248,0.5847397,0.0025000002,0.0025000002,0.0025000002,0.010866225,-0.0364189,-0.039304852,-0.011646297,0.017292643,-0.07853776,0.002511859,0.0025058659,0.0025056042,0.0052229953,0.0588101,0.06850676,-0.08163562,0.07445321,-0.5703162,2,0,1
166110923,165911732,165850088,0,0.32897392,-0.15548696,0.8108945,0.0025000002,0.0025000002,0.0025000002,-0.034806877,0.02014348,-0.26157808,-0.0073898486,0.026499137,-0.092822745,0.002512056,0.0025057255,0.0025054887,0.053586856,0.01799256,3.0343645,-0.025388988,0.13806123,-0.7595594,2,1,0
166601104,166401730,166401914,0,0.29557425,0.05031459,0.53807944,0.0025000002,0.0025000002,0.0025000002,0.04133618,0.0064408183,0.097663224,-0.021216182,0.0067067877,-0.04538257,0.0025194893,0.0026195566,0.0025735798,0.07535389,0.0020316362,0.41068977,-0.1774606,0.03271997,-0.576713,2,0,1
167100595,166891750,166901911,0,0.2211819,-0.16620478,0.5559921,0.0025000002,0.0025000002,0.0025000002,0.022598177,0.010336205,-0.026844978,0.0340052,0.009850023,-0.026128557,0.0025145484,0.0025076072,0.0025069213,0.022565467,0.0047599836,0.031917192,0.090456076,0.049088176,-0.2382974,2,0,1
167590461,167381735,167391428,0,0.25069177,-0.1776936,0.51928544,0.0025000002,0.0025000002,0.0025000002,0.06783122,-0.0241476,-0.024236172,0.054965135,-0.009628593,-0.03501701,0.0025119393,0.0025240222,0.0025164082,0.20352024,0.025654595,0.02627811,0.17356981,-0.00082627946,-0.14937067,2,0,1
168079445,167871731,167807952,0,0.35225052,-0.10075648,0.7286454,0.0025000002,0.0025000002,0.0025000002,-0.024007589,-0.03623122,-0.18094005,0.04241938,-0.022232128,-0.058474038,0.0025134087,0.002505859,0.0025052698,0.02547953,0.05820587,1.4520193,0.11867188,-0.033907782,-0.40031376,2,1,0
168631727,168431785,168370441,0,0.49651408,-0.25609562,0.5153604,0.0025000002,0.0025000002,0.0025000002,-0.17671892,0.117929935,0.032356985,-0.011076671,-0.006639429,-0.063838966,0.002512229,0.0025057523,0.0025052375,1.3812248,0.6166908,0.046434917,-0.14685652,-0.017777769,-0.44610047,2,1,0
169122969,168921753,168922453,0,0.30170724,-0.1057822,0.6265396,0.0025000002,0.0025000002,0.0025000002,0.019369721,-0.02795308,-0.07514542,-0.03505436,-0.010738082,-0.07034097,0.0025111209,0.0025055434,0.0025051693,0.01660109,0.034649696,0.2504496,-0.26026446,-0.024584886,-0.48717076,2,0,1
169614424,169411732,169349476,0,0.35662594,0.059924867,0.3792154,0.0025000002,0.0025000002,0.0025000002,-0.04792714,-0.17972787,0.18246979,-0.011030709,-0.05037365,-0.064761065,0.0025096883,0.0025060505,0.0025054936,0.10169528,1.432183,1.476543,-0.009182097,-0.28196734,-0.883364,2,1,0
170114268,169901736,169911864,0,0.33122864,-0.14098021,0.59364146,0.0025000002,0.0025000002,0.0025000002,-0.024097353,0.010708958,-0.038667202,-0.014159122,-0.024420826,-0.05693484,0.0025094256,0.0025054065,0.0025050945,0.02571117,0.0050855447,0.06632168,-0.012392114,-0.10719545,-0.5074973,2,0,1
170600380,170391731,170401358,0,0.32873374,-0.2255335,0.47016478,0.0025000002,0.0025000002,0.0025000002,-0.026259989,0.09033699,0.081786096,-0.005053737,-0.0033364953,-0.027731908,0.002509124,0.0025052936,0.0025050172,0.03053686,0.3619314,0.29669663,0.040034734,-0.015936164,-0.2838943,2,0,1
171089414,170881766,170891100,0,0.24672031,-0.057624124,0.60008615,0.0025000002,0.0025000002,0.0025000002,0.05457294,-0.0764767,-0.047080696,-0.0044116518,-0.0037114567,-0.04101709,0.0025093846,0.0025052598,0.0025049853,0.13186967,0.25938982,0.098318495,0.016182998,-0.027538573,-0.3639931,2,0,1
171579156,171371731,171307473,0,0.33592972,-0.21208368,0.7357357,0.0025000002,0.0025000002,0.0025000002,-0.033559263,0.075543955,-0.18437478,-0.0062868465,-0.009513348,-0.05719238,0.0025096633,0.0025052403,0.0025049432,0.04986167,0.25310898,1.5078657,0.016364718,-0.07097703,-0.40615615,2,1,0
172130835,171931731,171869952,0,0.20278367,-0.032336846,0.85251653,0.0025000002,0.0025000002,0.0025000002,0.10351312,-0.10807921,-0.3037149,-0.004978669,-0.021965478,-0.1039559,0.0025097001,0.002505326,0.0025050014,0.47438014,0.518057,4.091492,0.022970125,-0.09565514,-0.9881548,2,1,0
172620522,172421733,172421956,0,0.31823385,-0.1279177,0.5864406,0.0025000002,0.0025000002,0.0025000002,-0.017609686,-0.009556651,-0.035364985,-0.0072700614,-0.0040912773,-0.1172516,0.0025095702,0.0025051632,0.0025049082,0.013729709,0.0040507517,0.05547689,-0.022837175,-0.026697585,-1.1448642,2,0,1
173120672,172911731,172921881,0,0.39231807,-0.11568535,0.47333902,0.0025000002,0.0025000002,0.0025000002,-0.096266,-0.015760727,0.0817759,-0.011459159,-0.014784418,-0.0590701,0.0025095756,0.0025050838,0.0025048337,0.41030148,0.011020713,0.2966282,-0.04838098,-0.063671045,-0.6017711,2,0,1
173610011,173401763,173411338,0,0.3128866,-0.08377062,0.6871812,0.0025000002,0.0025000002,0.0025000002,-0.02163601,-0.047264323,-0.13134396,-0.021756083,-0.0020039608,-0.08380745,0.0025096822,0.0025050496,0.0025048016,0.02072493,0.09908672,0.7652586,-0.24576916,0.015299753,-0.8973709,2,0,1
174099867,173892170,173900935,0,0.2551663,-0.21764961,0.69968885,0.0025000002,0.0025000002,0.0025000002,0.03595373,0.0797542,-0.14835405,-0.014223382,-0.0035872331,-0.07619176,0.002509874,0.0025050614,0.0025048114,0.057226013,0.2821412,0.97628856,-0.19684716,0.018490955,-0.6945754,2,0,1
174589796,174381969,174390334,0,0.30993888,-0.13822454,0.646032,0.0025000002,0.0025000002,0.0025000002,-0.01282832,-0.0009949058,-0.09492445,-0.0073355497,-0.008941662,-0.07896644,0.0025100003,0.0025050726,0.002504806,0.0072848955,4.391422e-05,0.39970535,-0.07583262,-0.024916755,-0.65886813,2,0,1
175141962,174941944,174942346,0,0.28801423,-0.13866615,0.62907934,0.0025000002,0.0025000002,0.0025000002,0.0009743571,0.007458329,-0.0724808,-0.034153715,-0.005148474,-0.055400845,0.0025102345,0.0025049516,0.002504702,4.202227e-05,0.002467449,0.23304877,-0.19122511,-0.046524543,-0.535187,2,0,1
175641987,175431883,175369599,0,0.27664897,-0.16014358,0.7835611,0.0025000002,0.0025000002,0.0025000002,0.008657068,0.02420704,-0.23009595,-0.03771491,0.0035218773,-0.08567715,0.0025104985,0.0025049339,0.0025046868,0.003316952,0.025992297,2.34867,-0.20002092,-0.008218554,-0.75088507,2,1,0
176130474,175921856,175932056,0,0.30566472,-0.14151056,0.54708123,0.0025000002,0.0025000002,0.0025000002,-0.014996082,0.0032523423,0.005679846,-0.03688851,0.013100429,-0.0779088,0.002510789,0.0025049676,0.0025046968,0.009951827,0.0004691289,0.0014305734,-0.15464127,0.010546162,-0.5732916,2,0,1
176620251,176411820,176421311,0,0.29938838,-0.15909205,0.45570314,0.0025000002,0.0025000002,0.0025000002,0.12214157,0.016377658,0.08083409,-0.025146678,-0.018119222,-0.102118626,0.0025766846,0.002505172,0.0025085493,0.6433143,0.01159473,0.28712982,-0.15069851,-0.1863498,-1.4612864,2,0,1
177109594,176901826,176910854,0,0.2533332,-0.15117897,0.5412887,0.0025000002,0.0025000002,0.0025000002,0.023743242,0.014336288,0.012025118,0.042117327,-0.0122320065,-0.044971272,0.002510696,0.0025048268,0.0025046626,0.02494844,0.0091198115,0.006416813,0.22885045,-0.09154357,-0.59143114,2,0,1
177598762,177391754,177327423,0,0.21336429,-0.060306277,0.7120378,0.0025000002,0.0025000002,0.0025000002,0.026232392,-0.074677184,-0.16160312,0.021177825,-0.009558983,-0.060678508,0.0025172657,0.0025047546,0.002505097,0.030374154,0.24738204,1.1583303,0.083714075,-0.06388101,-0.56883603,2,1,0
178088530,177881807,177889840,0,0.3276206,-0.11392248,0.6196246,0.0025000002,0.0025000002,0.0025000002,-0.028166741,-0.017281726,-0.060714126,0.0032441497,-0.003954362,-0.036404643,0.0025087548,0.0025046845,0.0025044938,0.035137627,0.01325019,0.16354315,0.024440149,-0.02241848,-0.29860234,2,0,1
178641486,178441754,178441899,0,0.28754503,-0.12590684,0.5793655,0.0025000002,0.0025000002,0.0025000002,0.009007245,-0.016851544,-0.029415429,0.0023107948,-0.007910509,-0.06783109,0.0025088603,0.0025049301,0.0025046393,0.0035930644,0.012595048,0.03838751,-0.00446478,-0.058291133,-0.6233828,2,0,1
179067695,178861781,178868899,0,0.34803337,-0.14792176,0.5913963,0.0025000002,0.0025000002,0.0025000002,-0.05303526,0.005445674,-0.04099208,0.0065391804,0.002354679,-0.069278084,0.00250917,0.0025048614,0.0025045758,0.124553755,0.0013125299,0.07452842,0.0112404125,0.03827875,-0.6674408,2,0,1
179630430,179421773,179431285,0,0.26424217,-0.051418733,0.70267475,0.0025000002,0.0025000002,0.0025000002,0.04847583,-0.077041194,-0.14113045,0.008478358,-0.018737784,-0.11777067,0.0025094934,0.0025047057,0.0025044573,0.10404519,0.26328218,0.8836169,0.10838678,-0.08439048,-1.2846816,2,0,1
180119488,179911896,179920795,0,0.34407175,-0.04083333,0.42040113,0.0025000002,0.0025000002,0.0025000002,-0.0340814,-0.09459875,0.13627407,0.011028802,-0.034630295,-0.05588975,0.0025094985,0.002504587,0.0025043655,0.05142868,0.3970025,0.823912,0.069203354,-0.14635392,-0.6002695,2,0,1
180609547,180401775,180410278,0,0.33203483,-0.14571829,0.61731744,0.0025000002,0.0025000002,0.0025000002,-0.028865427,0.010423332,-0.060647666,-0.020232629,-0.02723001,-0.034390952,0.0025094578,0.0025045478,0.00250434,0.036892116,0.0048196474,0.1631866,-0.07234686,-0.13305323,-0.24045792,2,0,1
181098233,180891731,180691526,0,0.1681311,-0.15916577,0.79559714,0.0025000002,0.0025000002,0.0025000002,0.13290113,0.024875969,-0.23796012,0.005503089,-0.022781344,-0.08359389,0.0025095933,0.0025045192,0.0025043236,0.7820086,0.027453208,2.5123227,-0.0053515527,-0.10760284,-0.7360844,2,1,0
181588145,181381744,181389258,0,0.34372592,-0.14826441,0.5440348,0.0025000002,0.0025000002,0.0025000002,-0.041572094,0.009226531,0.010343552,-0.0030079738,-0.008124207,-0.06764435,0.0025097374,0.0025045811,0.0025043576,0.07651261,0.0037757799,0.0047490937,-0.033725016,-0.094316855,-0.5880935,2,0,1
182077301,181871731,181805871,0,0.2466783,-0.0218671,0.780389,0.0025000002,0.0025000002,0.0025000002,0.056393623,-0.1170844,-0.2258407,0.0035280925,-0.032930754,-0.08542914,0.002509821,0.0025045471,0.0025043334,0.14079095,0.6081719,2.262923,0.0066510476,-0.19698125,-0.75935376,2,1,0
182639715,182431731,182368349,0,0.5089873,-0.15232226,0.4500319,0.0025000002,0.0025000002,0.0025000002,-0.20438069,0.018985063,0.10923307,-0.038626842,-0.030367298,-0.056262165,0.0025099558,0.002504437,0.002504247,1.8491459,0.015990848,0.52940565,-0.27279517,-0.19612439,-0.4343255,2,1,0
183129494,182921768,182930723,0,0.30213737,-0.11943935,0.571413,0.0025000002,0.0025000002,0.0025000002,-0.0005637109,-0.014422625,-0.012780249,-0.008050023,-0.023039622,-0.04361922,0.0025100152,0.0025044077,0.0025042263,1.4066759e-05,0.009228769,0.0072473763,-0.07041609,-0.09937495,-0.34003833,2,0,1
183618577,183411780,183347354,0,0.31112888,-0.12612538,0.81784517,0.0025000002,0.0025000002,0.0025000002,-0.013558358,-0.0095547885,-0.26061505,-0.019000115,-0.025670944,-0.07534992,0.002510129,0.0025043802,0.0025042065,0.008137213,0.0040504136,3.013605,-0.10891968,-0.08389872,-0.7269724,2,1,0
184112277,183901731,183909714,0,0.3538223,-0.14541325,0.51309866,0.0025000002,0.0025000002,0.0025000002,-0.052830786,0.007317424,0.04259485,-0.022240348,-0.017293254,-0.06444133,0.0025102056,0.0025044165,0.0025042254,0.123544194,0.0023752,0.08050601,-0.12160144,-0.073168956,-0.5336233,2,0,1
184597600,184391733,184326487,0,0.45527825,-0.08998603,0.7705198,0.0025000002,0.0025000002,0.0025000002,-0.14985159,-0.04735686,-0.213784,-0.037824746,-0.014650069,-0.075137556,0.0025103085,0.0025043525,0.002504172,0.9939238,0.09950108,2.0278869,-0.19341695,-0.05004262,-0.58334565,2,1,0
185087843,184881761,184888954,0,0.33334872,-0.11097419,0.6004915,0.0025000002,0.0025000002,0.0025000002,-0.030883104,-0.023670465,-0.04194516,-0.016828116,-0.018235307,-0.06169097,0.0025104398,0.0025042985,0.002504124,0.042213324,0.024859294,0.07806738,-0.10040568,-0.047793295,-0.50564665,2,0,1
185577935,185371731,185378239,0,0.31710523,-0.118169956,0.5324651,0.0025000002,0.0025000002,0.0025000002,-0.015856594,-0.014148332,0.027831316,-0.024560293,-0.030532286,-0.012854645,0.0025107267,0.002504283,0.002504108,0.011126994,0.008881493,0.034368623,-0.08555018,-0.13248448,-0.14920828,2,0,1
186139232,185931790,185867780,0,0.42813405,-0.24058448,0.77189237,0.0025000002,0.0025000002,0.0025000002,-0.12341863,0.10268459,-0.21564573,-0.04304489,-0.0064749285,-0.06608282,0.0025109516,0.0025043322,0.0025041348,0.6740321,0.46781707,2.063391,-0.17416815,-0.027124967,-0.5496922,2,1,0
186629089,186421752,186430157,0,0.22421472,-0.2177346,0.5290808,0.0025000002,0.0025000002,0.0025000002,0.0042213798,0.012896404,-0.047246456,-0.03799244,-0.036713324,-0.034126077,0.0025329317,0.0025250528,0.002519394,0.0007817049,0.007359158,0.098355226,-0.14457238,-0.259307,-0.20457356,2,0,1
187118392,186911732,186919647,0,0.26257136,-0.1574025,0.57614684,0.0025000002,0.0025000002,0.0025000002,0.058315814,0.04193318,-0.003189683,0.008651427,-0.01619456,-0.058384567,0.0025116561,0.0025052517,0.0025047162,0.15044232,0.07807294,0.00044859297,0.016167965,-0.106242634,-0.56048745,2,0,1
187607724,187401734,187409129,0,0.28043288,-0.05156834,0.62374085,0.0025000002,0.0025000002,0.0025000002,0.038768947,-0.049003888,-0.04067743,0.027385306,-0.027767194,-0.045803983,0.0025128084,0.0025074934,0.002506294,0.066460885,0.10621726,0.073391244,0.05923463,-0.14424577,-0.3785735,2,0,1
188097694,187891732,187898731,0,0.22999454,-0.1598229,0.443869,0.0025000002,0.0025000002,0.0025000002,0.0446316,0.011560783,0.10258067,0.027269455,0.009741611,-0.02310723,0.0025092217,0.0025049862,0.0025046594,0.088207066,0.0059399335,0.46690884,0.06817934,0.1132951,-0.15927508,2,0,1
188586858,188381750,188388150,0,0.29165423,-0.1295551,0.6184461,0.0025000002,0.0025000002,0.0025000002,-0.0054733753,0.0038922578,-0.053155363,0.012613475,-0.0052135917,-0.039481565,0.002508748,0.0025043013,0.0025040358,0.0013268165,0.0006720388,0.12537244,0.047604546,0.009000131,-0.18467791,2,0,1
189077348,188871731,188877700,0,0.4105338,-0.1945035,0.5289149,0.0025000002,0.0025000002,0.0025000002,-0.12773764,0.06906386,0.036723673,-0.025574513,0.025138685,-0.03811783,0.0025093812,0.0025042996,0.0025040077,0.7224847,0.2115709,0.059895508,-0.1426342,0.2080281,-0.41250935,2,0,1
189638903,189431731,189367360,0,0.2193439,-0.07380701,0.93786615,0.0025000002,0.0025000002,0.0025000002,0.055521667,-0.06864248,-0.38573614,0.01003774,0.00026443836,-0.093475886,0.0025099309,0.0025044715,0.0025041932,0.13646483,0.20903902,6.601921,0.0068372167,0.03132336,-1.1605086,2,1,0
190128096,189921767,189929556,0,0.27897495,-0.15745646,0.66311395,0.0025000002,0.0025000002,0.0025000002,-0.010383308,0.022074163,-0.10579908,-0.011152084,-0.0054789213,-0.08676954,0.0025119132,0.0025042987,0.0025039294,0.004768967,0.021618016,0.49671888,-0.061048523,-0.048065405,-0.8381297,2,0,1
190617853,190411732,190346180,0,0.2912443,-0.15972492,0.8376195,0.0025000002,0.0025000002,0.0025000002,-0.035075933,0.029336289,-0.27759233,-0.031047039,0.026881626,-0.086010896,0.0025147137,0.0025044202,0.002503844,0.054360993,0.038182173,3.4195201,-0.109493084,0.056573573,-0.8971538,2,1,0
191107273,190901757,190908554,0,0.29239976,-0.116059355,0.6217521,0.0025000002,0.0025000002,0.0025000002,-0.0368008,-0.017435618,-0.06389934,-0.018350113,0.0063984725,-0.111738205,0.0025160327,0.0025045294,0.0025038878,0.059807517,0.013486537,0.18124723,-0.07104907,0.016391292,-1.0244316,2,0,1
191596405,191391822,191252290,0,0.28816295,-0.17617261,0.7126563,0.0025000002,0.0025000002,0.0025000002,-0.03816375,0.04663007,-0.15271777,-0.026989274,0.021913229,-0.10003485,0.002515999,0.0025044866,0.0025038144,0.06432046,0.09646526,1.034986,-0.116985865,0.09784699,-0.83628875,2,1,0
192086727,191881966,191887592,0,0.20317948,-0.16426185,0.52652097,0.0025000002,0.0025000002,0.0025000002,0.047216,0.033159047,0.032454073,0.005339626,0.0100336755,-0.09400853,0.0025170513,0.00250456,0.0025038244,0.09841102,0.048775885,0.046767913,-0.0029476797,0.040199302,-0.8087051,2,0,1
192576053,192371925,192377188,0,0.16898192,-0.13348207,0.585424,0.0025000002,0.0025000002,0.0025000002,0.060214967,0.014105335,-0.021038413,0.040615723,0.016899962,-0.04536339,0.0025282397,0.0025055252,0.002503802,0.15934856,0.008790161,0.019667363,0.11488594,0.031109652,-0.33192965,2,0,1
193138035,192932085,192939620,0,0.14151946,-0.14631286,0.55116856,0.0025000002,0.0025000002,0.0025000002,0.08210079,0.026337326,0.013020635,0.0667475,0.020720102,-0.01640548,0.00252643,0.002505419,0.0025038035,0.29644555,0.030690977,0.007508021,0.2321458,0.027889855,-0.11673382,2,0,1
193631608,193421896,193428924,0,0.28090033,-0.03281655,0.6014806,0.0025000002,0.0025000002,0.0025000002,-0.039910167,-0.09537593,-0.039822996,0.058321033,0.006097418,0.0005300252,0.002518938,0.0025046691,0.00250381,0.07025984,0.4035244,0.0703917,0.21307656,-0.026739681,-0.03432303,2,0,1
194117320,193911774,193918432,0,0.12564795,-0.1407962,0.50987566,0.0025000002,0.0025000002,0.0025000002,0.115514874,0.014095873,0.05313456,0.07776751,0.017027779,0.039968524,0.0025171412,0.0025045145,0.002503763,0.5890142,0.008820055,0.12524673,0.32355633,0.07029326,0.14531635,2,0,1
194606642,194401804,194408191,0,0.27231655,-0.23798959,0.63000983,0.0025000002,0.0025000002,0.0025000002,-0.016420633,0.13646561,-0.04379028,0.09201638,0.017492684,0.04101501,0.0025184555,0.0025073243,0.0025054105,0.011896055,0.8251159,0.08491409,0.49604887,0.121541075,0.14417167,2,0,1
195095919,194891731,194824547,0,0.09900429,-0.12663838,0.4628213,0.0025000002,0.0025000002,0.0025000002,0.15608844,-0.007729441,0.0951013,0.11698115,0.008283578,0.0679564,0.0025154643,0.0025042216,0.0025037832,1.0761698,0.002650824,0.40135962,0.6862403,0.11818788,0.25704354,2,1,0
195585398,195381775,194970334,0,0.029686514,-0.15374048,0.37149376,0.0025000002,0.0025000002,0.0025000002,0.22624332,0.00017170608,0.1670521,0.15950023,-0.024334544,0.08743393,0.002517261,0.0025059853,0.0025048465,2.2593358,1.3072249e-06,1.237885,1.2638427,-0.12920098,0.48758444,2,1,0
196074848,195871732,194970334,0,0.0047426117,-0.14605974,0.36989594,0.0025000002,0.0025000002,0.0025000002,0.2503021,-0.016640708,0.1586008,0.20644319,-0.0239136,0.12532985,0.0025175924,0.0025078321,0.0025059476,2.7650378,0.012268815,1.1153119,2.0058122,-0.073020004,0.8012931,2,1,0
196637263,196431731,194970334,0,-0.13958359,-0.028722797,0.31027496,0.0025000002,0.0025000002,0.0025000002,0.08775985,-0.37613982,0.05242592,0.20315161,-0.07086781,0.13067071,0.007512015,0.0075008925,0.007500842,0.113918126,2.0957677,0.04071361,1.9304181,-0.30698028,0.830635,2,1,0
197130792,196921750,196720053,0,-0.07518507,-0.12301855,0.3654713,0.0025000002,0.0025000002,0.0025000002,0.023162168,-0.28174013,-0.0026804805,0.09872181,-0.19135983,0.06034667,0.0072057624,0.0074944,0.0075006844,0.008272483,1.1768417,0.000106434374,0.7806047,-0.7805915,0.33548608,2,1,0
