timestamp,timestamp_sample,gps_hvel[0],gps_hvel[1],gps_vvel,gps_hpos[0],gps_hpos[1],gps_vpos,ev_hvel[0],ev_hvel[1],ev_vvel,ev_hpos[0],ev_hpos[1],ev_vpos,rng_vpos,baro_vpos,aux_hvel[0],aux_hvel[1],flow[0],flow[1],heading,mag_field[0],mag_field[1],mag_field[2],gravity[0],gravity[1],gravity[2],drag[0],drag[1],airspeed,beta,hagl,hagl_rate
111060582,110869691,0.0,0.0,0.0,0.0,0.0,0.0,0.0,0.0,0.0,0.0001066355,0.00010663548,0.000102185826,0.0,12.250002,0.0,0.0,0.0,0.0,0.100109205,0.00250528,0.0025021958,0.002502099,1.0000051,1.0000054,1.0,0.0,0.0,0.0,0.0,0.0,0.0
111550696,111359863,0.0,0.0,0.0,0.0,0.0,0.0,0.0,0.0,0.0,0.00010640217,0.00010640214,0.000102142825,0.0,12.250002,0.0,0.0,0.0,0.0,0.10010906,0.002505279,0.00250219,0.0025020938,1.000005,1.0000054,1.0,0.0,0.0,0.0,0.0,0.0,0.0
112050918,111860039,0.0,0.0,0.0,0.0,0.0,0.0,0.0,0.0,0.0,0.0001066187,0.00010661865,0.000102166734,0.0,12.250002,0.0,0.0,0.0,0.0,0.100109115,0.0025052766,0.0025021834,0.0025020877,1.0000051,1.0000054,1.0,0.0,0.0,0.0,0.0,0.0,0.0
112551255,112360214,0.0,0.0,0.0,0.0,0.0,0.0,0.0,0.0,0.0,0.00010655333,0.0001065533,0.00010215783,0.0,12.250002,0.0,0.0,0.0,0.0,0.10010904,0.0025052673,0.0025021743,0.002502081,1.0000051,1.0000055,1.0,0.0,0.0,0.0,0.0,0.0,0.0
113061244,112870393,0.0,0.0,0.0,0.0,0.0,0.0,0.0,0.0,0.0,0.00010668035,0.000106680316,0.00010218468,0.0,12.250002,0.0,0.0,0.0,0.0,0.10010912,0.0025052675,0.00250217,0.0025020754,1.0000051,1.0000054,1.0,0.0,0.0,0.0,0.0,0.0,0.0
113561454,113370567,0.0,0.0,0.0,0.0,0.0,0.0,0.0,0.0,0.0,0.00010686758,0.000106867556,0.00010220055,0.0,12.250002,0.0,0.0,0.0,0.0,0.10010914,0.0025052722,0.0025021688,0.0025020707,1.0000051,1.0000055,1.0,0.0,0.0,0.0,0.0,0.0,0.0
114061600,113870740,0.0,0.0,0.0,0.0,0.0,0.0,0.0,0.0,0.0,0.000106604675,0.00010660466,0.00010217219,0.0,12.250002,0.0,0.0,0.0,0.0,0.10010911,0.00250526,0.0025021592,0.0025020635,1.0000051,1.0000055,1.0,0.0,0.0,0.0,0.0,0.0,0.0
114561798,114370913,0.0,0.0,0.0,0.0,0.0,0.0,0.0,0.0,0.0,0.00010672342,0.00010672338,0.00010219084,0.0,12.250002,0.0,0.0,0.0,0.0,0.100109145,0.0025052603,0.0025021555,0.0025020584,1.0000051,1.0000055,1.0,0.0,0.0,0.0,0.0,0.0,0.0
115062015,114871085,0.0,0.0,0.0,0.0,0.0,0.0,0.0,0.0,0.0,0.000106876956,0.00010687691,0.00010220902,0.0,12.250002,0.0,0.0,0.0,0.0,0.10010923,0.0025052566,0.0025021487,0.0025020523,1.0000051,1.0000055,1.0,0.0,0.0,0.0,0.0,0.0,0.0
115562119,115371256,0.0,0.0,0.0,0.0,0.0,0.0,0.0,0.0,0.0,0.00010680612,0.0001068061,0.00010223139,0.0,12.250002,0.0,0.0,0.0,0.0,0.100109376,0.0025052577,0.0025021415,0.0025020463,1.0000051,1.0000055,1.0,0.0,0.0,0.0,0.0,0.0,0.0
116062627,115871425,0.0,0.0,0.0,0.0,0.0,0.0,0.0,0.0,0.0,0.00010667351,0.00010667346,0.00010218429,0.0,12.250002,0.0,0.0,0.0,0.0,0.100109436,0.0025053367,0.0025021376,0.0025020416,1.0000051,1.0000055,1.0,0.0,0.0,0.0,0.0,0.0,0.0
116552634,116361588,0.0,0.0,0.0,0.0,0.0,0.0,0.0,0.0,0.0,0.00010653637,0.00010653623,0.0001021463,0.0,12.250002,0.0,0.0,0.0,0.0,0.1001094,0.0025103886,0.0025021804,0.0025021178,1.0000051,1.0000055,1.0,0.0,0.0,0.0,0.0,0.0,0.0
117052709,116861750,0.0,0.0,0.0,0.0,0.0,0.0,0.0,0.0,0.0,0.00010659551,0.00010659503,0.00010220486,0.0,12.250002,0.0,0.0,0.0,0.0,0.10010945,0.0025111435,0.002502187,0.0025021199,1.0000051,1.0000055,1.0,0.0,0.0,0.0,0.0,0.0,0.0
117562769,117371909,0.0,0.0,0.0,0.0,0.0,0.0,0.0,0.0,0.0,0.00010644856,0.0001064234,0.00010230031,0.0,12.250002,0.0,0.0,0.0,0.0,0.100109346,0.0025056077,0.0025023462,0.0025021168,1.000005,1.0000055,1.0,0.0,0.0,0.0,0.0,0.0,0.0
118057522,117867060,0.0,0.0,0.0,0.0,0.0,0.0,0.0,0.0,0.0,0.00010672662,0.00010669987,0.00010402484,0.0,12.250004,0.0,0.0,0.0,0.0,0.10010778,0.0025067453,0.0025021858,0.002502079,1.0000049,1.0000055,1.0,0.0,0.0,0.0,0.0,0.0,0.0
118557694,118367202,0.0,0.0,0.0,0.0,0.0,0.0,0.0,0.0,0.0,0.00010654237,0.00010644037,0.000108168104,0.0,12.250009,0.0,0.0,0.0,0.0,0.10010683,0.0025061416,0.0025023192,0.0025021113,1.000005,1.0000055,1.0,0.0,0.0,0.0,0.0,0.0,0.0
119057979,118867349,0.0,0.0,0.0,0.0,0.0,0.0,0.0,0.0,0.0,0.00010670925,0.00010669039,0.00011514834,0.0,12.250014,0.0,0.0,0.0,0.0,0.10010427,0.0025063036,0.0025023057,0.0025021036,1.000005,1.0000056,1.0,0.0,0.0,0.0,0.0,0.0,0.0
119558041,119367478,0.0,0.0,0.0,0.0,0.0,0.0,0.0,0.0,0.0,0.000106740874,0.0001067368,0.00012546749,0.0,12.250026,0.0,0.0,0.0,0.0,0.100104615,0.002508063,0.0025021967,0.002502091,1.000005,1.0000055,1.0,0.0,0.0,0.0,0.0,0.0,0.0
120058116,119867610,0.0,0.0,0.0,0.0,0.0,0.0,0.0,0.0,0.0,0.00010662842,0.00010663012,0.0001410043,0.0,12.25004,0.0,0.0,0.0,0.0,0.10010484,0.0025073832,0.0025022232,0.0025020954,1.0000049,1.0000055,1.0,0.0,0.0,0.0,0.0,0.0,0.0
120558254,120367739,0.0,0.0,0.0,0.0,0.0,0.0,0.0,0.0,0.0,0.00010663196,0.00010663217,0.00016334493,0.0,12.250059,0.0,0.0,0.0,0.0,0.10010522,0.0025066417,0.0025023138,0.0025021068,1.0000049,1.0000054,1.0,0.0,0.0,0.0,0.0,0.0,0.0
121058515,120867865,0.0,0.0,0.0,0.0,0.0,0.0,0.0,0.0,0.0,0.00010667182,0.00010667278,0.00019533708,0.0,12.250092,0.0,0.0,0.0,0.0,0.10010562,0.0025064973,0.0025023918,0.0025021276,1.0000049,1.0000054,1.0,0.0,0.0,0.0,0.0,0.0,0.0
121558464,121367990,0.0,0.0,0.0,0.0,0.0,0.0,0.0,0.0,0.0,0.00010675132,0.00010675169,0.00023720326,0.0,12.250133,0.0,0.0,0.0,0.0,0.10010597,0.0025063425,0.0025023536,0.0025021287,1.0000049,1.0000054,1.0,0.0,0.0,0.0,0.0,0.0,0.0
122058789,121868107,0.0,0.0,0.0,0.0,0.0,0.0,0.0,0.0,0.0,0.00010680661,0.00010680523,0.00029523665,0.0,12.250194,0.0,0.0,0.0,0.0,0.10010628,0.0025062875,0.0025023501,0.0025021357,1.0000049,1.0000054,1.0,0.0,0.0,0.0,0.0,0.0,0.0
122562691,122368225,0.0,0.0,0.0,0.0,0.0,0.0,0.0,0.0,0.0,0.000106736865,0.000106736785,0.00036960494,0.0,12.250257,0.0,0.0,0.0,0.0,0.10010655,0.002506351,0.002502467,0.0025021723,1.0000049,1.0000054,1.0,0.0,0.0,0.0,0.0,0.0,0.0
123062804,122868339,0.0,0.0,0.0,0.0,0.0,0.0,0.0,0.0,0.0,0.000106514584,0.00010651358,0.00010631086,0.0,12.250006,0.0,0.0,0.0,0.0,0.10010686,0.0025062386,0.002502396,0.0025021585,1.000005,1.0000055,1.0,0.0,0.0,0.0,0.0,0.0,0.0
123558951,123368451,0.0,0.0,0.0,0.0,0.0,0.0,0.0,0.0,0.0,0.000106570114,0.00010656982,0.00012297921,0.0,12.250023,0.0,0.0,0.0,0.0,0.100107126,0.002506392,0.00250239,0.0025021657,1.000005,1.0000055,1.0,0.0,0.0,0.0,0.0,0.0,0.0
124059150,123868562,0.0,0.0,0.0,0.0,0.0,0.0,0.0,0.0,0.0,0.00010708925,0.00010708949,0.00016135826,0.0,12.250056,0.0,0.0,0.0,0.0,0.100107625,0.0025063765,0.0025024011,0.0025021741,1.0000049,1.0000055,1.0,0.0,0.0,0.0,0.0,0.0,0.0
124559240,124368668,0.0,0.0,0.0,0.0,0.0,0.0,0.0,0.0,0.0,0.0001066725,0.00010667234,0.00022763398,0.0,12.250126,0.0,0.0,0.0,0.0,0.10010795,0.0025063953,0.0025024095,0.002502175,1.0000049,1.0000054,1.0,0.0,0.0,0.0,0.0,0.0,0.0
125059335,124868772,0.0,0.0,0.0,0.0,0.0,0.0,0.0,0.0,0.0,0.00010690564,0.00010690547,0.00032435232,0.0,12.250216,0.0,0.0,0.0,0.0,0.10010843,0.00250635,0.0025024367,0.0025021946,1.0000049,1.0000054,1.0,0.0,0.0,0.0,0.0,0.0,0.0
125559440,125368875,0.0,0.0,0.0,0.0,0.0,0.0,0.0,0.0,0.0,0.000106491345,0.00010649106,0.0004580227,0.0,12.250331,0.0,0.0,0.0,0.0,0.10010887,0.0025064384,0.0025024274,0.002502199,1.0000049,1.0000054,1.0,0.0,0.0,0.0,0.0,0.0,0.0
126059439,125868973,0.0,0.0,0.0,0.0,0.0,0.0,0.0,0.0,0.0,0.00010693428,0.00010693421,0.00063056184,0.0,12.250515,0.0,0.0,0.0,0.0,0.10010956,0.0025063362,0.0025023813,0.0025021825,1.0000049,1.0000054,1.0,0.0,0.0,0.0,0.0,0.0,0.0
126559620,126369070,0.0,0.0,0.0,0.0,0.0,0.0,0.0,0.0,0.0,0.00010683758,0.00010683753,0.00085531984,0.0,12.2507305,0.0,0.0,0.0,0.0,0.10010986,0.0025064715,0.0025024617,0.002502208,1.0000049,1.0000054,1.0,0.0,0.0,0.0,0.0,0.0,0.0
127059721,126869165,0.0,0.0,0.0,0.0,0.0,0.0,0.0,0.0,0.0,0.000106629646,0.000106629675,0.0011423869,0.0,12.251036,0.0,0.0,0.0,0.0,0.10011011,0.0025065092,0.0025024235,0.0025022037,1.0000049,1.0000054,1.0,0.0,0.0,0.0,0.0,0.0,0.0
127559877,127369258,0.0,0.0,0.0,0.0,0.0,0.0,0.0,0.0,0.0,0.00010699089,0.00010699089,0.0014880891,0.0,12.251389,0.0,0.0,0.0,0.0,0.10011051,0.0025064822,0.002502436,0.0025022097,1.0000049,1.0000054,1.0,0.0,0.0,0.0,0.0,0.0,0.0
128059943,127869348,0.0,0.0,0.0,0.0,0.0,0.0,0.0,0.0,0.0,0.00010683384,0.00010683375,0.00011694226,0.0,12.251724,0.0,0.0,0.0,0.0,0.10011089,0.002506461,0.0025024246,0.002502214,1.0000049,1.0000054,1.0,0.0,0.0,0.0,0.0,0.0,0.0
128560244,128369436,0.0,0.0,0.0,0.0,0.0,0.0,0.0,0.0,0.0,0.00010675347,0.00010675303,0.00010690496,0.0,12.250007,0.0,0.0,0.0,0.0,0.10011113,0.0025068193,0.0025024842,0.0025022372,1.0000046,1.0000054,1.0,0.0,0.0,0.0,0.0,0.0,0.0
129060107,128869521,0.0,0.0,0.0,0.0,0.0,0.0,0.0,0.0,0.0,0.00010686627,0.00010686127,0.00010503981,0.0,12.250005,0.0,0.0,0.0,0.0,0.10011131,0.0025065034,0.0025022544,0.0025021776,1.0000045,1.0000054,1.0,0.0,0.0,0.0,0.0,0.0,0.0
129560455,129369605,0.0,0.0,0.0,0.0,0.0,0.0,0.0,0.0,0.0,0.00010689971,0.000106900035,0.000103702274,0.0,12.250004,0.0,0.0,0.0,0.0,0.10011112,0.0025082587,0.0025023783,0.002502247,1.0000044,1.0000054,1.0,0.0,0.0,0.0,0.0,0.0,0.0
130060562,129869686,0.0,0.0,0.0,0.0,0.0,0.0,0.0,0.0,0.0,0.000107461485,0.00010743087,0.00010305278,0.0,12.250003,0.0,0.0,0.0,0.0,0.100111134,0.003213373,0.0032048177,0.0032146338,1.0000045,1.0000054,1.0,0.0,0.0,0.0,0.0,0.0,0.0
130560616,130369765,0.0,0.0,0.0,0.0,0.0,0.0,0.0,0.0,0.0,0.000108454275,0.00010844746,0.000102962316,0.0,12.250003,0.0,0.0,0.0,0.0,0.10011093,0.0027951172,0.0027909856,0.0027947086,1.0000045,1.0000054,1.0,0.0,0.0,0.0,0.0,0.0,0.0
131060483,130869842,0.0,0.0,0.0,0.0,0.0,0.0,0.0,0.0,0.0,0.000106760075,0.00010676162,0.00010249436,0.0,12.250003,0.0,0.0,0.0,0.0,0.10011112,0.0026866663,0.0026839771,0.0026855809,1.0000045,1.0000054,1.0,0.0,0.0,0.0,0.0,0.0,0.0
131560585,131369916,0.0,0.0,0.0,0.0,0.0,0.0,0.0,0.0,0.0,0.00010786475,0.00010786851,0.00010259915,0.0,12.250003,0.0,0.0,0.0,0.0,0.10011196,0.0026368843,0.0026346913,0.0026355598,1.0000045,1.0000054,1.0,0.0,0.0,0.0,0.0,0.0,0.0
132060516,131869988,0.0,0.0,0.0,0.0,0.0,0.0,0.0,0.0,0.0,0.00010796482,0.00010796257,0.00010257885,0.0,12.250003,0.0,0.0,0.0,0.0,0.10011252,0.0026081998,0.0026064857,0.0026068073,1.0000046,1.0000054,1.0,0.0,0.0,0.0,0.0,0.0,0.0
132560566,132370059,0.0,0.0,0.0,0.0,0.0,0.0,0.0,0.0,0.0,0.00010870137,0.000108701744,0.000102929225,0.0,12.250003,0.0,0.0,0.0,0.0,0.100114316,0.002589701,0.0025881524,0.0025881801,1.0000046,1.0000054,1.0,0.0,0.0,0.0,0.0,0.0,0.0
133060947,132870128,0.0,0.0,0.0,0.0,0.0,0.0,0.0,0.0,0.0,0.000108386346,0.0001083882,0.00010301271,0.0,12.250003,0.0,0.0,0.0,0.0,0.10011597,0.0025765013,0.0025753067,0.0025750366,1.0000046,1.0000054,1.0,0.0,0.0,0.0,0.0,0.0,0.0
133561121,133370192,0.0,0.0,0.0,0.0,0.0,0.0,0.0,0.0,0.0,0.00010799527,0.00010799503,0.00010291981,0.0,12.250003,0.0,0.0,0.0,0.0,0.10011741,0.002566933,0.002565858,0.0025652915,1.0000046,1.0000054,1.0,0.0,0.0,0.0,0.0,0.0,0.0
134061080,133870257,0.0,0.0,0.0,0.0,0.0,0.0,0.0,0.0,0.0,0.000107226886,0.00010722655,0.000102559614,0.0,12.250003,0.0,0.0,0.0,0.0,0.10011785,0.0025579187,0.002557202,0.002556542,1.0000046,1.0000054,1.0,0.0,0.0,0.0,0.0,0.0,0.0
134560940,134370318,0.0,0.0,0.0,0.0,0.0,0.0,0.0,0.0,0.0,0.00010816094,0.00010816158,0.00010257701,0.0,12.250003,0.0,0.0,0.0,0.0,0.10011854,0.0025523193,0.0025516583,0.0025509433,1.0000046,1.0000054,1.0,0.0,0.0,0.0,0.0,0.0,0.0
135060874,134870377,0.0,0.0,0.0,0.0,0.0,0.0,0.0,0.0,0.0,0.0001078395,0.000107839005,0.00010252893,0.0,12.250003,0.0,0.0,0.0,0.0,0.100118995,0.0025475156,0.002547086,0.0025461777,1.0000046,1.0000054,1.0,0.0,0.0,0.0,0.0,0.0,0.0
135551005,135360433,0.0,0.0,0.0,0.0,0.0,0.0,0.0,0.0,0.0,0.00010825364,0.00010825331,0.00010258735,0.0,12.250003,0.0,0.0,0.0,0.0,0.10011967,0.0025443854,0.00254407,0.00254304,1.0000046,1.0000054,1.0,0.0,0.0,0.0,0.0,0.0,0.0
136051228,135860488,0.0,0.0,0.0,0.0,0.0,0.0,0.0,0.0,0.0,0.00010720902,0.00010720915,0.000102564365,0.0,12.250003,0.0,0.0,0.0,0.0,0.100120455,0.002540343,0.0025401334,0.0025390424,1.0000046,1.0000054,1.0,0.0,0.0,0.0,0.0,0.0,0.0
136561184,136370542,0.0,0.0,0.0,0.0,0.0,0.0,0.0,0.0,0.0,0.00010786403,0.000107862616,0.00010256697,0.0,12.250003,0.0,0.0,0.0,0.0,0.10012116,0.0025387127,0.0025379383,0.0025368922,1.0000045,1.0000052,1.0,0.0,0.0,0.0,0.0,0.0,0.0
137051409,136860592,0.0,0.0,0.0,0.0,0.0,0.0,0.0,0.0,0.0,0.00010676686,0.000106771426,0.00010235108,0.0,12.250002,0.0,0.0,0.0,0.0,0.10012088,0.002535984,0.0025359094,0.002534299,1.0000044,1.000005,1.0,0.0,0.0,0.0,0.0,0.0,0.0
137561424,137370641,0.0,0.0,0.0,0.0,0.0,0.0,0.0,0.0,0.0,0.000106843916,0.00010684294,0.000102297265,0.0,12.250002,0.0,0.0,0.0,0.0,0.1001206,0.002533757,0.0025334675,0.0025317727,1.0000046,1.0000052,1.0,0.0,0.0,0.0,0.0,0.0,0.0
138061259,137870688,0.0,0.0,0.0,0.0,0.0,0.0,0.0,0.0,0.0,0.00010671664,0.00010672726,0.00010225498,0.0,12.250002,0.0,0.0,0.0,0.0,0.100119315,0.0025310612,0.0025307864,0.0025296363,1.0000046,1.0000055,1.0,0.0,0.0,0.0,0.0,0.0,0.0
138561355,138370733,0.0,0.0,0.0,0.0,0.0,0.0,0.0,0.0,0.0,0.00010658422,0.000106589134,0.00010219239,0.0,12.250002,0.0,0.0,0.0,0.0,0.10011886,0.0025290784,0.002528715,0.0025277056,1.0000046,1.0000055,1.0,0.0,0.0,0.0,0.0,0.0,0.0
139061350,138870777,0.0,0.0,0.0,0.0,0.0,0.0,0.0,0.0,0.0,0.00010662629,0.00010662938,0.00010218449,0.0,12.250002,0.0,0.0,0.0,0.0,0.10011796,0.0025278057,0.002527125,0.0025261806,1.0000045,1.0000054,1.0,0.0,0.0,0.0,0.0,0.0,0.0
139561408,139370818,0.0,0.0,0.0,0.0,0.0,0.0,0.0,0.0,0.0,0.00010691849,0.000106917956,0.00010220934,0.0,12.250002,0.0,0.0,0.0,0.0,0.1001176,0.002526779,0.0025258188,0.002524919,1.0000045,1.0000052,1.0,0.0,0.0,0.0,0.0,0.0,0.0
140061475,139870858,0.0,0.0,0.0,0.0,0.0,0.0,0.0,0.0,0.0,0.00010668013,0.00010667645,0.00010218236,0.0,12.250002,0.0,0.0,0.0,0.0,0.10011731,0.0025254295,0.0025243994,0.002523546,1.0000045,1.0000052,1.0,0.0,0.0,0.0,0.0,0.0,0.0
140561958,140370895,0.0,0.0,0.0,0.0,0.0,0.0,0.0,0.0,0.0,0.00010666508,0.000106662636,0.0001021692,0.0,12.250002,0.0,0.0,0.0,0.0,0.10011693,0.0025244483,0.0025234926,0.00252261,1.0000045,1.0000052,1.0,0.0,0.0,0.0,0.0,0.0,0.0
141061608,140870931,0.0,0.0,0.0,0.0,0.0,0.0,0.0,0.0,0.0,0.000106802916,0.00010680213,0.000102174155,0.0,12.250002,0.0,0.0,0.0,0.0,0.10011672,0.0025233051,0.002522312,0.0025214395,1.0000045,1.0000052,1.0,0.0,0.0,0.0,0.0,0.0,0.0
141561543,141370966,0.0,0.0,0.0,0.0,0.0,0.0,0.0,0.0,0.0,0.00010703473,0.00010703516,0.00010221405,0.0,12.250002,0.0,0.0,0.0,0.0,0.10011662,0.0025226919,0.002521551,0.0025206818,1.0000045,1.0000052,1.0,0.0,0.0,0.0,0.0,0.0,0.0
142061852,141870999,0.0,0.0,0.0,0.0,0.0,0.0,0.0,0.0,0.0,0.000107433865,0.0001074342,0.00010235286,0.0,12.250002,0.0,0.0,0.0,0.0,0.1001171,0.002521939,0.0025208672,0.0025199733,1.0000045,1.0000052,1.0,0.0,0.0,0.0,0.0,0.0,0.0
142561605,142371030,0.0,0.0,0.0,0.0,0.0,0.0,0.0,0.0,0.0,0.000107448446,0.0001074491,0.00010237067,0.0,12.250002,0.0,0.0,0.0,0.0,0.10011741,0.0025211193,0.0025198313,0.0025190173,1.0000046,1.0000054,1.0,0.0,0.0,0.0,0.0,0.0,0.0
143061926,142871059,0.0,0.0,0.0,0.0,0.0,0.0,0.0,0.0,0.0,0.00010691695,0.00010691703,0.0001023143,0.0,12.250002,0.0,0.0,0.0,0.0,0.10011759,0.002520649,0.0025191575,0.0025184008,1.0000045,1.0000052,1.0,0.0,0.0,0.0,0.0,0.0,0.0
143561680,143371087,0.0,0.0,0.0,0.0,0.0,0.0,0.0,0.0,0.0,0.000107219435,0.000107217835,0.00010233442,0.0,12.250002,0.0,0.0,0.0,0.0,0.100117885,0.002520184,0.0025184853,0.0025177328,1.0000045,1.0000052,1.0,0.0,0.0,0.0,0.0,0.0,0.0
144051655,143861113,0.0,0.0,0.0,0.0,0.0,0.0,0.0,0.0,0.0,0.00010713064,0.000107129155,0.00010233175,0.0,12.250002,0.0,0.0,0.0,0.0,0.10011806,0.0025196366,0.0025180788,0.0025172404,1.0000045,1.0000052,1.0,0.0,0.0,0.0,0.0,0.0,0.0
144561835,144371139,0.0,0.0,0.0,0.0,0.0,0.0,0.0,0.0,0.0,0.00010766072,0.0001076599,0.000102375576,0.0,12.250002,0.0,0.0,0.0,0.0,0.10011839,0.0025188269,0.0025170988,0.0025163544,1.0000046,1.0000054,1.0,0.0,0.0,0.0,0.0,0.0,0.0
145061845,144871162,0.0,0.0,0.0,0.0,0.0,0.0,0.0,0.0,0.0,0.00010747111,0.0001074707,0.00010240448,0.0,12.250003,0.0,0.0,0.0,0.0,0.10011874,0.0025183416,0.0025166036,0.002515858,1.0000045,1.0000054,1.0,0.0,0.0,0.0,0.0,0.0,0.0
145562011,145371184,0.0,0.0,0.0,0.0,0.0,0.0,0.0,0.0,0.0,0.000107107524,0.00010710747,0.000102341124,0.0,12.250002,0.0,0.0,0.0,0.0,0.10011884,0.002517836,0.0025161635,0.0025154029,1.0000045,1.0000052,1.0,0.0,0.0,0.0,0.0,0.0,0.0
146061845,145871205,0.0,0.0,0.0,0.0,0.0,0.0,0.0,0.0,0.0,0.00010743321,0.000107434425,0.000102357924,0.0,12.250002,0.0,0.0,0.0,0.0,0.10011908,0.0025176227,0.0025157193,0.0025149877,1.0000045,1.0000054,1.0,0.0,0.0,0.0,0.0,0.0,0.0
146562034,146371223,0.0,0.0,0.0,0.0,0.0,0.0,0.0,0.0,0.0,0.00010789474,0.000107897155,0.0001024236,0.0,12.250003,0.0,0.0,0.0,0.0,0.10011943,0.0025233887,0.002539865,0.0025336775,1.0000046,1.0000052,1.0000001,0.0,0.0,0.0,0.0,0.0,0.0
147061951,146871240,0.0,0.0,0.0,0.0,0.0,0.0,0.0,0.0,0.0,0.0001084753,0.00010859677,0.00010247348,0.0,12.250003,0.0,0.0,0.0,0.0,0.10010712,0.0025227976,0.002515311,0.0025155735,1.0000046,1.0000054,1.0,0.0,0.0,0.0,0.0,0.0,0.0
147562160,147371257,0.0,0.0,0.0,0.0,0.0,0.0,0.0,0.0,0.0,0.000113585505,0.00011357807,0.000103185404,0.0,12.250003,0.0,0.0,0.0,0.0,0.10009798,0.0025200122,0.0025245645,0.0025214388,1.0000051,1.0000056,1.0,0.0,0.0,0.0,0.0,0.0,0.0
148061896,147871272,0.0,0.0,0.0,0.0,0.0,0.0,0.0,0.0,0.0,0.000107804975,0.000108216605,0.00010276876,0.0,12.250003,0.0,0.0,0.0,0.0,0.10008264,0.0025163332,0.0025148436,0.0025138196,1.0000046,1.0000054,1.0,0.0,0.0,0.0,0.0,0.0,0.0
148561951,148371286,0.0,0.0,0.0,0.0,0.0,0.0,0.0,0.0,0.0,0.0001069095,0.00010690586,0.00010235447,0.0,12.250002,0.0,0.0,0.0,0.0,0.100068994,0.0025153589,0.0025139658,0.0025131481,1.0000046,1.0000052,1.0,0.0,0.0,0.0,0.0,0.0,0.0
149051718,148861301,0.0,0.0,0.0,0.0,0.0,0.0,0.0,0.0,0.0,0.00010661074,0.000106738196,0.00010222776,0.0,12.250002,0.0,0.0,0.0,0.0,0.100069195,0.0025156587,0.0025133078,0.0025126173,1.0000045,1.0000052,1.0,0.0,0.0,0.0,0.0,0.0,0.0
149551745,149361310,0.0,0.0,0.0,0.0,0.0,0.0,0.0,0.0,0.0,0.00010655285,0.000106642525,0.00010217635,0.0,12.250002,0.0,0.0,0.0,0.0,0.10006744,0.0025147349,0.0025129826,0.0025122964,1.0000044,1.0000054,1.0,0.0,0.0,0.0,0.0,0.0,0.0
150061991,149871320,0.0,0.0,0.0,0.0,0.0,0.0,0.0,0.0,0.0,0.00010673603,0.00010668206,0.00010218765,0.0,12.250002,0.0,0.0,0.0,0.0,0.100067794,0.0025148178,0.0025126035,0.002511999,1.0000045,1.0000052,1.0,0.0,0.0,0.0,0.0,0.0,0.0
150561997,150371329,0.0,0.0,0.0,0.0,0.0,0.0,0.0,0.0,0.0,0.00010691792,0.00010688338,0.000102234175,0.0,12.250002,0.0,0.0,0.0,0.0,0.10006834,0.0025146487,0.0025123204,0.0025117393,1.0000045,1.0000052,1.0,0.0,0.0,0.0,0.0,0.0,0.0
151062234,150871337,0.0,0.0,0.0,0.0,0.0,0.0,0.0,0.0,0.0,0.000106648185,0.00010665492,0.0001022254,0.0,12.250002,0.0,0.0,0.0,0.0,0.10006974,0.0025143484,0.0025120024,0.0025114336,1.0000045,1.0000052,1.0,0.0,0.0,0.0,0.0,0.0,0.0
151561962,151371344,0.0,0.0,0.0,0.0,0.0,0.0,0.0,0.0,0.0,0.00010671408,0.00010670787,0.00010223267,0.0,12.250002,0.0,0.0,0.0,0.0,0.10007122,0.0025139728,0.0025116373,0.0025110815,1.0000045,1.0000052,1.0,0.0,0.0,0.0,0.0,0.0,0.0
152061831,151871349,0.0,0.0,0.0,0.0,0.0,0.0,0.0,0.0,0.0,0.000106856955,0.00010685256,0.000102230064,0.0,12.250002,0.0,0.0,0.0,0.0,0.10007272,0.0025138175,0.0025114117,0.0025108568,1.0000045,1.0000052,1.0,0.0,0.0,0.0,0.0,0.0,0.0
152561827,152371353,0.0,0.0,0.0,0.0,0.0,0.0,0.0,0.0,0.0,0.00010699837,0.00010700792,0.000102230224,0.0,12.250002,0.0,0.0,0.0,0.0,0.1000743,0.00251373,0.0025111907,0.0025106254,1.0000045,1.0000052,1.0,0.0,0.0,0.0,0.0,0.0,0.0
153061941,152871356,0.0,0.0,0.0,0.0,0.0,0.0,0.0,0.0,0.0,0.00010649052,0.00010649027,0.000102171274,0.0,12.250002,0.0,0.0,0.0,0.0,0.10007583,0.0025138445,0.0025110014,0.0025104391,1.0000044,1.0000052,1.0,0.0,0.0,0.0,0.0,0.0,0.0
153562137,153371358,0.0,0.0,0.0,0.0,0.0,0.0,0.0,0.0,0.0,0.000106518164,0.000106517735,0.00010215546,0.0,12.250002,0.0,0.0,0.0,0.0,0.100077465,0.0025136431,0.0025107681,0.00251023,1.0000044,1.0000052,1.0,0.0,0.0,0.0,0.0,0.0,0.0
154061998,153871360,0.0,0.0,0.0,0.0,0.0,0.0,0.0,0.0,0.0,0.00010729719,0.00010729934,0.000102243415,0.0,12.250002,0.0,0.0,0.0,0.0,0.10007917,0.0025134687,0.0025105833,0.002510037,1.0000045,1.0000052,1.0,0.0,0.0,0.0,0.0,0.0,0.0
154551966,154361360,0.0,0.0,0.0,0.0,0.0,0.0,0.0,0.0,0.0,0.00010670699,0.0001067078,0.00010220522,0.0,12.250002,0.0,0.0,0.0,0.0,0.100080684,0.0025134068,0.0025105528,0.002509969,1.0000044,1.0000052,1.0,0.0,0.0,0.0,0.0,0.0,0.0
155052421,154861359,0.0,0.0,0.0,0.0,0.0,0.0,0.0,0.0,0.0,0.00010675764,0.00010675709,0.000102229315,0.0,12.250002,0.0,0.0,0.0,0.0,0.10008236,0.0025132445,0.0025101975,0.002509687,1.0000044,1.0000052,1.0,0.0,0.0,0.0,0.0,0.0,0.0
155561783,155371357,0.0,0.0,0.0,0.0,0.0,0.0,0.0,0.0,0.0,0.000106819745,0.00010681924,0.00010223884,0.0,12.250002,0.0,0.0,0.0,0.0,0.100084,0.0025130946,0.002509969,0.002509465,1.0000044,1.0000052,1.0,0.0,0.0,0.0,0.0,0.0,0.0
156061964,155871354,0.0,0.0,0.0,0.0,0.0,0.0,0.0,0.0,0.0,0.00010748672,0.000107486645,0.000102346625,0.0,12.250002,0.0,0.0,0.0,0.0,0.10008583,0.0025130296,0.0025098068,0.0025093067,1.0000045,1.0000052,1.0,0.0,0.0,0.0,0.0,0.0,0.0
156561999,156371350,0.0,0.0,0.0,0.0,0.0,0.0,0.0,0.0,0.0,0.000107156106,0.00010715573,0.00010229939,0.0,12.250002,0.0,0.0,0.0,0.0,0.10008738,0.0025559668,0.002510907,0.0025150743,1.0000042,1.0000052,1.0000004,0.0,0.0,0.0,0.0,0.0,0.0
157062142,156871345,0.0,0.0,0.0,0.0,0.0,0.0,0.0,0.0,0.0,0.00010818617,0.000106999134,0.00010236892,0.0,12.250002,0.0,0.0,0.0,0.0,0.10007573,0.0025323695,0.0025104298,0.0025103723,1.0000042,1.0000055,1.0000001,0.0,0.0,0.0,0.0,0.0,0.0
157561945,157371339,0.0,0.0,0.0,0.0,0.0,0.0,0.0,0.0,0.0,0.000106909625,0.00010677673,0.00010231149,0.0,12.250002,0.0,0.0,0.0,0.0,0.10006602,0.002543942,0.0025110834,0.0025103178,1.0000043,1.000006,1.0,0.0,0.0,0.0,0.0,0.0,0.0
158062271,157871333,0.0,0.0,0.0,0.0,0.0,0.0,0.0,0.0,0.0,0.00010870538,0.00010734051,0.000102519865,0.0,12.250003,0.0,0.0,0.0,0.0,0.100050315,0.0025166145,0.0025105032,0.002509264,1.0000044,1.0000052,1.0,0.0,0.0,0.0,0.0,0.0,0.0
158555720,158361325,0.0,0.0,0.0,0.0,0.0,0.0,0.0,0.0,0.0,0.00010673794,0.00010661445,0.00010234065,0.0,12.250002,0.0,0.0,0.0,0.0,0.100042395,0.0025123472,0.002511294,0.0025098287,1.0000044,1.0000052,1.0,0.0,0.0,0.0,0.0,0.0,0.0
159061795,158871317,0.0,0.0,0.0,0.0,0.0,0.0,0.0,0.0,0.0,0.00010705421,0.00010705672,0.000102305596,0.0,12.250002,0.0,0.0,0.0,0.0,0.100043654,0.0025116336,0.0025101146,0.0025090282,1.0000044,1.0000051,1.0,0.0,0.0,0.0,0.0,0.0,0.0
159561756,159371307,0.0,0.0,0.0,0.0,0.0,0.0,0.0,0.0,0.0,0.00010723176,0.000107154374,0.000102308935,0.0,12.250002,0.0,0.0,0.0,0.0,0.100043856,0.0025105726,0.002508792,0.0025082268,1.0000044,1.0000051,1.0,0.0,0.0,0.0,0.0,0.0,0.0
160061944,159871297,0.0,0.0,0.0,0.0,0.0,0.0,0.0,0.0,0.0,0.00010695685,0.000106952146,0.00010226091,0.0,12.250002,0.0,0.0,0.0,0.0,0.10004493,0.002510681,0.0025085928,0.0025080554,1.0000043,1.0000051,1.0,0.0,0.0,0.0,0.0,0.0,0.0
160562032,160371286,0.0,0.0,0.0,0.0,0.0,0.0,0.0,0.0,0.0,0.00010665734,0.0001066685,0.000102224985,0.0,12.250002,0.0,0.0,0.0,0.0,0.100046255,0.002510664,0.002508451,0.0025079018,1.0000043,1.0000051,1.0,0.0,0.0,0.0,0.0,0.0,0.0
161061935,160871275,0.0,0.0,0.0,0.0,0.0,0.0,0.0,0.0,0.0,0.00010702369,0.00010701978,0.000102240265,0.0,12.250002,0.0,0.0,0.0,0.0,0.100048356,0.0025108706,0.0025084252,0.002507876,1.0000043,1.0000051,1.0,0.0,0.0,0.0,0.0,0.0,0.0
161562415,161371261,0.0,0.0,0.0,0.0,0.0,0.0,0.0,0.0,0.0,0.00010667224,0.00010666466,0.000102206504,0.0,12.250002,0.0,0.0,0.0,0.0,0.100050375,0.002510932,0.0025081856,0.0025076205,1.0000043,1.0000051,1.0,0.0,0.0,0.0,0.0,0.0,0.0
162052268,161861248,0.0,0.0,0.0,0.0,0.0,0.0,0.0,0.0,0.0,0.00010668409,0.000106685344,0.00010222547,0.0,12.250002,0.0,0.0,0.0,0.0,0.100052446,0.0025109146,0.0025083388,0.002507635,1.0000043,1.0000051,1.0,0.0,0.0,0.0,0.0,0.0,0.0
162562064,162371233,0.0,0.0,0.0,0.0,0.0,0.0,0.0,0.0,0.0,0.00010691007,0.000106909865,0.000102252176,0.0,12.250002,0.0,0.0,0.0,0.0,0.10005469,0.0025109365,0.0025079995,0.0025073981,1.0000043,1.0000051,1.0,0.0,0.0,0.0,0.0,0.0,0.0
163061834,162871218,0.0,0.0,0.0,0.0,0.0,0.0,0.0,0.0,0.0,0.00010705649,0.000107055865,0.00010227485,0.0,12.250002,0.0,0.0,0.0,0.0,0.10005691,0.0025109523,0.0025079544,0.0025073735,1.0000043,1.0000051,1.0,0.0,0.0,0.0,0.0,0.0,0.0
163551950,163361202,0.0,0.0,0.0,0.0,0.0,0.0,0.0,0.0,0.0,0.00010657347,0.00010657604,0.00010221153,0.0,12.250002,0.0,0.0,0.0,0.0,0.10005902,0.002511396,0.0025078007,0.002507216,1.0000042,1.0000051,1.0,0.0,0.0,0.0,0.0,0.0,0.0
164061896,163871185,0.0,0.0,0.0,0.0,0.0,0.0,0.0,0.0,0.0,0.00010661955,0.00010661995,0.00010221566,0.0,12.250002,0.0,0.0,0.0,0.0,0.10006127,0.0025114955,0.0025078147,0.0025071057,1.0000042,1.0000051,1.0,0.0,0.0,0.0,0.0,0.0,0.0
164551981,164361168,0.0,0.0,0.0,0.0,0.0,0.0,0.0,0.0,0.0,0.00010671494,0.00010671549,0.00010219193,0.0,12.250002,0.0,0.0,0.0,0.0,0.10006339,0.0025116943,0.002507626,0.0025069816,1.0000042,1.0000051,1.0,0.0,0.0,0.0,0.0,0.0,0.0
165051702,164861150,0.0,0.0,0.0,0.0,0.0,0.0,0.0,0.0,0.0,0.000106808875,0.000106809464,0.00010222959,0.0,12.250002,0.0,0.0,0.0,0.0,0.100065604,0.0025117693,0.002507556,0.0025069574,1.0000042,1.0000051,1.0,0.0,0.0,0.0,0.0,0.0,0.0
165552159,165361131,0.0,0.0,0.0,0.0,0.0,0.0,0.0,0.0,0.0,0.00010679278,0.00010679284,0.00010221712,0.0,12.250002,0.0,0.0,0.0,0.0,0.100067765,0.002511354,0.0025074133,0.00250678,1.0000042,1.0000051,1.0,0.0,0.0,0.0,0.0,0.0,0.0
166061523,165871112,0.0,0.0,0.0,0.0,0.0,0.0,0.0,0.0,0.0,0.00010682846,0.00010682921,0.00010221709,0.0,12.250002,0.0,0.0,0.0,0.0,0.10006989,0.0025113733,0.0025073069,0.002506738,1.0000042,1.0000051,1.0,0.0,0.0,0.0,0.0,0.0,0.0
166561496,166371092,0.0,0.0,0.0,0.0,0.0,0.0,0.0,0.0,0.0,0.00010649747,0.00010650089,0.00010216639,0.0,12.250002,0.0,0.0,0.0,0.0,0.100071914,0.0025239107,0.0026029204,0.002567828,1.0000042,1.0000045,1.0000006,0.0,0.0,0.0,0.0,0.0,0.0
167061654,166871071,0.0,0.0,0.0,0.0,0.0,0.0,0.0,0.0,0.0,0.000107351094,0.00010897587,0.00010242872,0.0,12.250002,0.0,0.0,0.0,0.0,0.10005698,0.0025160986,0.0025077064,0.0025068915,1.0000044,1.000005,1.0000001,0.0,0.0,0.0,0.0,0.0,0.0
167561685,167371049,0.0,0.0,0.0,0.0,0.0,0.0,0.0,0.0,0.0,0.00010668117,0.0001071706,0.00010231675,0.0,12.250002,0.0,0.0,0.0,0.0,0.10004984,0.0025092761,0.002529135,0.0025211982,1.0000045,1.000005,1.0000001,0.0,0.0,0.0,0.0,0.0,0.0
168061432,167871029,0.0,0.0,0.0,0.0,0.0,0.0,0.0,0.0,0.0,0.00010697762,0.00010812566,0.00010256138,0.0,12.250003,0.0,0.0,0.0,0.0,0.10003361,0.0025115875,0.0025071558,0.0025064568,1.0000042,1.000005,1.0,0.0,0.0,0.0,0.0,0.0,0.0
168562069,168371003,0.0,0.0,0.0,0.0,0.0,0.0,0.0,0.0,0.0,0.000106939275,0.00010700654,0.00010241373,0.0,12.250003,0.0,0.0,0.0,0.0,0.10003133,0.002510613,0.002507067,0.0025064012,1.0000044,1.0000049,1.0,0.0,0.0,0.0,0.0,0.0,0.0
169061382,168870980,0.0,0.0,0.0,0.0,0.0,0.0,0.0,0.0,0.0,0.00010676052,0.000106904416,0.000102287944,0.0,12.250002,0.0,0.0,0.0,0.0,0.10003265,0.0025101409,0.002506819,0.002506326,1.0000043,1.0000049,1.0,0.0,0.0,0.0,0.0,0.0,0.0
169561382,169370955,0.0,0.0,0.0,0.0,0.0,0.0,0.0,0.0,0.0,0.0001065472,0.00010666018,0.00010219059,0.0,12.250002,0.0,0.0,0.0,0.0,0.100033335,0.0025090806,0.0025068624,0.0025062896,1.0000042,1.0000049,1.0,0.0,0.0,0.0,0.0,0.0,0.0
170061477,169870930,0.0,0.0,0.0,0.0,0.0,0.0,0.0,0.0,0.0,0.000106740066,0.00010678024,0.00010219908,0.0,12.250002,0.0,0.0,0.0,0.0,0.1000347,0.002508628,0.0025064594,0.0025060156,1.0000042,1.0000049,1.0,0.0,0.0,0.0,0.0,0.0,0.0
170561451,170370905,0.0,0.0,0.0,0.0,0.0,0.0,0.0,0.0,0.0,0.000107303014,0.00010730224,0.0001023316,0.0,12.250002,0.0,0.0,0.0,0.0,0.10003675,0.0025084969,0.0025064005,0.0025059702,1.0000042,1.0000049,1.0,0.0,0.0,0.0,0.0,0.0,0.0
171061561,170870879,0.0,0.0,0.0,0.0,0.0,0.0,0.0,0.0,0.0,0.00010740372,0.000107426014,0.000102421036,0.0,12.250003,0.0,0.0,0.0,0.0,0.10003884,0.0025085448,0.0025062978,0.002505861,1.0000042,1.000005,1.0,0.0,0.0,0.0,0.0,0.0,0.0
171561253,171370852,0.0,0.0,0.0,0.0,0.0,0.0,0.0,0.0,0.0,0.00010702885,0.00010703314,0.00010237978,0.0,12.250002,0.0,0.0,0.0,0.0,0.10004094,0.0025086615,0.0025062251,0.0025057893,1.0000042,1.0000049,1.0,0.0,0.0,0.0,0.0,0.0,0.0
172061871,171870827,0.0,0.0,0.0,0.0,0.0,0.0,0.0,0.0,0.0,0.000107010885,0.00010701045,0.000102364735,0.0,12.250003,0.0,0.0,0.0,0.0,0.10004332,0.0025086517,0.0025062016,0.0025057602,1.0000042,1.0000049,1.0,0.0,0.0,0.0,0.0,0.0,0.0
172561413,172370797,0.0,0.0,0.0,0.0,0.0,0.0,0.0,0.0,0.0,0.00010729353,0.000107293985,0.00010240609,0.0,12.250003,0.0,0.0,0.0,0.0,0.1000457,0.002508726,0.0025062358,0.0025057783,1.0000042,1.0000049,1.0,0.0,0.0,0.0,0.0,0.0,0.0
173061205,172870769,0.0,0.0,0.0,0.0,0.0,0.0,0.0,0.0,0.0,0.00010721471,0.00010721577,0.00010237001,0.0,12.250002,0.0,0.0,0.0,0.0,0.10004804,0.002508915,0.0025060386,0.0025056032,1.0000042,1.0000049,1.0,0.0,0.0,0.0,0.0,0.0,0.0
173561317,173370740,0.0,0.0,0.0,0.0,0.0,0.0,0.0,0.0,0.0,0.00010789758,0.000107898784,0.000102511345,0.0,12.250003,0.0,0.0,0.0,0.0,0.1000506,0.0025089907,0.0025059802,0.002505526,1.0000042,1.0000049,1.0,0.0,0.0,0.0,0.0,0.0,0.0
174061179,173870711,0.0,0.0,0.0,0.0,0.0,0.0,0.0,0.0,0.0,0.00010689374,0.00010689414,0.00010238223,0.0,12.250002,0.0,0.0,0.0,0.0,0.100052975,0.0025089413,0.002505914,0.0025054927,1.0000042,1.0000049,1.0,0.0,0.0,0.0,0.0,0.0,0.0
174561353,174370682,0.0,0.0,0.0,0.0,0.0,0.0,0.0,0.0,0.0,0.00010712022,0.0001071214,0.00010232111,0.0,12.250002,0.0,0.0,0.0,0.0,0.100055434,0.0025089136,0.0025059395,0.0025055087,1.0000042,1.0000049,1.0,0.0,0.0,0.0,0.0,0.0,0.0
175061063,174870651,0.0,0.0,0.0,0.0,0.0,0.0,0.0,0.0,0.0,0.000106870655,0.000106871186,0.0001022859,0.0,12.250002,0.0,0.0,0.0,0.0,0.10005777,0.0025092626,0.0025058081,0.0025053897,1.0000042,1.0000048,1.0,0.0,0.0,0.0,0.0,0.0,0.0
175561517,175370621,0.0,0.0,0.0,0.0,0.0,0.0,0.0,0.0,0.0,0.000107236905,0.000107237094,0.000102362144,0.0,12.250002,0.0,0.0,0.0,0.0,0.10006026,0.00250972,0.0025057897,0.002505308,1.0000042,1.0000048,1.0,0.0,0.0,0.0,0.0,0.0,0.0
176061179,175870590,0.0,0.0,0.0,0.0,0.0,0.0,0.0,0.0,0.0,0.00010747133,0.0001074719,0.0001023665,0.0,12.250002,0.0,0.0,0.0,0.0,0.10006275,0.0025099788,0.0025057844,0.0025053136,1.0000042,1.0000049,1.0,0.0,0.0,0.0,0.0,0.0,0.0
176561326,176370558,0.0,0.0,0.0,0.0,0.0,0.0,0.0,0.0,0.0,0.00010699377,0.000106992644,0.000102321894,0.0,12.250002,0.0,0.0,0.0,0.0,0.10006512,0.0025697602,0.0025058873,0.002508261,1.0000039,1.0000048,1.0000002,0.0,0.0,0.0,0.0,0.0,0.0
177061159,176870527,0.0,0.0,0.0,0.0,0.0,0.0,0.0,0.0,0.0,0.00011051937,0.0001090787,0.00010266445,0.0,12.250003,0.0,0.0,0.0,0.0,0.10005931,0.0025114203,0.0025056638,0.0025052098,1.0000043,1.000005,1.0,0.0,0.0,0.0,0.0,0.0,0.0
177551234,177360495,0.0,0.0,0.0,0.0,0.0,0.0,0.0,0.0,0.0,0.00010776802,0.00010750934,0.00010256975,0.0,12.250003,0.0,0.0,0.0,0.0,0.10005478,0.0025197107,0.0025056254,0.002505845,1.000004,1.0000052,1.0000001,0.0,0.0,0.0,0.0,0.0,0.0
178061172,177870462,0.0,0.0,0.0,0.0,0.0,0.0,0.0,0.0,0.0,0.00010778032,0.00010680822,0.00010241661,0.0,12.250003,0.0,0.0,0.0,0.0,0.1000425,0.002508153,0.0025054351,0.0025050724,1.000004,1.000005,1.0,0.0,0.0,0.0,0.0,0.0,0.0
178550834,178360430,0.0,0.0,0.0,0.0,0.0,0.0,0.0,0.0,0.0,0.0001067664,0.00010671356,0.00010232779,0.0,12.250002,0.0,0.0,0.0,0.0,0.100039765,0.0025077886,0.0025054065,0.0025050174,1.000004,1.000005,1.0,0.0,0.0,0.0,0.0,0.0,0.0
179050796,178860397,0.0,0.0,0.0,0.0,0.0,0.0,0.0,0.0,0.0,0.00010671855,0.00010664127,0.00010225199,0.0,12.250002,0.0,0.0,0.0,0.0,0.10004155,0.0025081872,0.0025054344,0.0025050382,1.000004,1.0000049,1.0,0.0,0.0,0.0,0.0,0.0,0.0
179560949,179370364,0.0,0.0,0.0,0.0,0.0,0.0,0.0,0.0,0.0,0.00010723967,0.000107177315,0.000102284204,0.0,12.250002,0.0,0.0,0.0,0.0,0.100042984,0.0025080866,0.002505327,0.0025049546,1.000004,1.0000049,1.0,0.0,0.0,0.0,0.0,0.0,0.0
180060729,179870330,0.0,0.0,0.0,0.0,0.0,0.0,0.0,0.0,0.0,0.00010658073,0.00010656276,0.00010218579,0.0,12.250002,0.0,0.0,0.0,0.0,0.10004458,0.0025080936,0.0025052403,0.0025048945,1.000004,1.0000048,1.0,0.0,0.0,0.0,0.0,0.0,0.0
180560849,180370296,0.0,0.0,0.0,0.0,0.0,0.0,0.0,0.0,0.0,0.00010678612,0.00010678494,0.00010224345,0.0,12.250002,0.0,0.0,0.0,0.0,0.10004671,0.0025079057,0.0025051993,0.0025048507,1.000004,1.0000048,1.0,0.0,0.0,0.0,0.0,0.0,0.0
181060832,180870262,0.0,0.0,0.0,0.0,0.0,0.0,0.0,0.0,0.0,0.00010708336,0.00010708264,0.00010227951,0.0,12.250002,0.0,0.0,0.0,0.0,0.10004899,0.0025079597,0.0025051883,0.0025048268,1.000004,1.0000048,1.0,0.0,0.0,0.0,0.0,0.0,0.0
181560933,181370227,0.0,0.0,0.0,0.0,0.0,0.0,0.0,0.0,0.0,0.00010725322,0.000107251224,0.00010229816,0.0,12.250002,0.0,0.0,0.0,0.0,0.100051254,0.0025080666,0.0025051266,0.0025047783,1.000004,1.0000048,1.0,0.0,0.0,0.0,0.0,0.0,0.0
182060741,181870192,0.0,0.0,0.0,0.0,0.0,0.0,0.0,0.0,0.0,0.0001067589,0.000106758685,0.000102248836,0.0,12.250002,0.0,0.0,0.0,0.0,0.10005356,0.0025081052,0.0025051283,0.002504772,1.000004,1.0000048,1.0,0.0,0.0,0.0,0.0,0.0,0.0
182561193,182370159,0.0,0.0,0.0,0.0,0.0,0.0,0.0,0.0,0.0,0.000106888976,0.00010688886,0.00010223569,0.0,12.250002,0.0,0.0,0.0,0.0,0.10005588,0.0025081863,0.0025050375,0.0025046954,1.000004,1.0000048,1.0,0.0,0.0,0.0,0.0,0.0,0.0
183060669,182870122,0.0,0.0,0.0,0.0,0.0,0.0,0.0,0.0,0.0,0.00010700786,0.000107007065,0.00010223939,0.0,12.250002,0.0,0.0,0.0,0.0,0.10005819,0.0025082068,0.0025049802,0.0025046372,1.000004,1.0000048,1.0,0.0,0.0,0.0,0.0,0.0,0.0
183560495,183370086,0.0,0.0,0.0,0.0,0.0,0.0,0.0,0.0,0.0,0.00010671678,0.00010671589,0.00010220578,0.0,12.250002,0.0,0.0,0.0,0.0,0.100060396,0.0025082694,0.0025049818,0.0025046282,1.000004,1.0000048,1.0,0.0,0.0,0.0,0.0,0.0,0.0
184060604,183870050,0.0,0.0,0.0,0.0,0.0,0.0,0.0,0.0,0.0,0.000106765045,0.000106764724,0.000102249454,0.0,12.250002,0.0,0.0,0.0,0.0,0.10006278,0.0025083297,0.0025049052,0.002504572,1.000004,1.0000048,1.0,0.0,0.0,0.0,0.0,0.0,0.0
184560618,184370014,0.0,0.0,0.0,0.0,0.0,0.0,0.0,0.0,0.0,0.00010671545,0.00010671542,0.00010221954,0.0,12.250002,0.0,0.0,0.0,0.0,0.10006503,0.0025083579,0.0025049208,0.0025045779,1.000004,1.0000048,1.0,0.0,0.0,0.0,0.0,0.0,0.0
185060732,184869977,0.0,0.0,0.0,0.0,0.0,0.0,0.0,0.0,0.0,0.000106817846,0.00010681771,0.00010223259,0.0,12.250002,0.0,0.0,0.0,0.0,0.1000673,0.0025083926,0.0025048603,0.002504525,1.000004,1.0000048,1.0,0.0,0.0,0.0,0.0,0.0,0.0
185560487,185369940,0.0,0.0,0.0,0.0,0.0,0.0,0.0,0.0,0.0,0.000107176784,0.00010717701,0.0001022641,0.0,12.250002,0.0,0.0,0.0,0.0,0.10006954,0.0025084538,0.0025048156,0.0025044694,1.000004,1.0000049,1.0,0.0,0.0,0.0,0.0,0.0,0.0
186060974,185869902,0.0,0.0,0.0,0.0,0.0,0.0,0.0,0.0,0.0,0.0001069356,0.000106935855,0.00010223636,0.0,12.250002,0.0,0.0,0.0,0.0,0.10007169,0.0025085276,0.0025047641,0.00250443,1.000004,1.0000048,1.0,0.0,0.0,0.0,0.0,0.0,0.0
186560449,186369865,0.0,0.0,0.0,0.0,0.0,0.0,0.0,0.0,0.0,0.00010697868,0.00010697852,0.00010225345,0.0,12.250002,0.0,0.0,0.0,0.0,0.10007385,0.0025232795,0.002520318,0.0025161123,1.0000038,1.0000046,1.0000004,0.0,0.0,0.0,0.0,0.0,0.0
187060420,186869829,0.0,0.0,0.0,0.0,0.0,0.0,0.0,0.0,0.0,0.000107305,0.00010727467,0.00010231421,0.0,12.250002,0.0,0.0,0.0,0.0,0.10006666,0.0025087087,0.002504728,0.0025043795,1.000004,1.0000049,1.0,0.0,0.0,0.0,0.0,0.0,0.0
187560428,187369788,0.0,0.0,0.0,0.0,0.0,0.0,0.0,0.0,0.0,0.000108256936,0.00010827024,0.00010255845,0.0,12.250003,0.0,0.0,0.0,0.0,0.100063205,0.0025144382,0.0025104492,0.0025084626,1.0000042,1.0000049,1.0,0.0,0.0,0.0,0.0,0.0,0.0
188060339,187869750,0.0,0.0,0.0,0.0,0.0,0.0,0.0,0.0,0.0,0.00010710917,0.00010714294,0.00010243712,0.0,12.250003,0.0,0.0,0.0,0.0,0.1000494,0.0025088752,0.0025053544,0.002504914,1.000004,1.0000048,1.0,0.0,0.0,0.0,0.0,0.0,0.0
188560490,188369710,0.0,0.0,0.0,0.0,0.0,0.0,0.0,0.0,0.0,0.000106908556,0.00010690983,0.00010231046,0.0,12.250002,0.0,0.0,0.0,0.0,0.1000479,0.0025085483,0.0025047779,0.0025043222,1.000004,1.0000048,1.0,0.0,0.0,0.0,0.0,0.0,0.0
189060287,188869671,0.0,0.0,0.0,0.0,0.0,0.0,0.0,0.0,0.0,0.00010666032,0.00010663893,0.00010221476,0.0,12.250002,0.0,0.0,0.0,0.0,0.100049496,0.0025093448,0.0025048652,0.002504344,1.000004,1.0000048,1.0,0.0,0.0,0.0,0.0,0.0,0.0
189560670,189369631,0.0,0.0,0.0,0.0,0.0,0.0,0.0,0.0,0.0,0.00010695322,0.00010692957,0.00010221847,0.0,12.250002,0.0,0.0,0.0,0.0,0.10005101,0.0025098773,0.0025047567,0.0025043602,1.000004,1.0000048,1.0,0.0,0.0,0.0,0.0,0.0,0.0
190060193,189869592,0.0,0.0,0.0,0.0,0.0,0.0,0.0,0.0,0.0,0.000106570544,0.00010659049,0.00010218279,0.0,12.250002,0.0,0.0,0.0,0.0,0.10005261,0.0025123619,0.0025049353,0.0025044028,1.000004,1.0000046,1.0,0.0,0.0,0.0,0.0,0.0,0.0
190560153,190369551,0.0,0.0,0.0,0.0,0.0,0.0,0.0,0.0,0.0,0.00010667936,0.00010668119,0.000102197,0.0,12.250002,0.0,0.0,0.0,0.0,0.10005457,0.0025156415,0.0025050268,0.0025041578,1.0000039,1.0000046,1.0,0.0,0.0,0.0,0.0,0.0,0.0
191060144,190869511,0.0,0.0,0.0,0.0,0.0,0.0,0.0,0.0,0.0,0.00010707623,0.00010708386,0.000102255304,0.0,12.250002,0.0,0.0,0.0,0.0,0.100056775,0.002517508,0.0025050505,0.0025042146,1.000004,1.0000048,1.0,0.0,0.0,0.0,0.0,0.0,0.0
191560072,191369471,0.0,0.0,0.0,0.0,0.0,0.0,0.0,0.0,0.0,0.00010678757,0.00010679112,0.00010223731,0.0,12.250002,0.0,0.0,0.0,0.0,0.10005889,0.002517178,0.0025049897,0.0025041094,1.000004,1.0000048,1.0,0.0,0.0,0.0,0.0,0.0,0.0
192049833,191859431,0.0,0.0,0.0,0.0,0.0,0.0,0.0,0.0,0.0,0.00010655166,0.000106551925,0.00010220032,0.0,12.250002,0.0,0.0,0.0,0.0,0.100060984,0.002517052,0.0025049713,0.0025041366,1.0000039,1.0000048,1.0,0.0,0.0,0.0,0.0,0.0,0.0
192563799,192369389,0.0,0.0,0.0,0.0,0.0,0.0,0.0,0.0,0.0,0.00010659671,0.00010659574,0.00010221026,0.0,12.250002,0.0,0.0,0.0,0.0,0.100063264,0.002530481,0.002506069,0.0025040624,1.000004,1.0000046,1.0,0.0,0.0,0.0,0.0,0.0,0.0
193063901,192869349,0.0,0.0,0.0,0.0,0.0,0.0,0.0,0.0,0.0,0.000106860745,0.000106858584,0.000102330814,0.0,12.250002,0.0,0.0,0.0,0.0,0.10006537,0.002529401,0.0025060528,0.0025040596,1.0000043,1.0000049,1.0,0.0,0.0,0.0,0.0,0.0,0.0
193559844,193369307,0.0,0.0,0.0,0.0,0.0,0.0,0.0,0.0,0.0,0.00010708288,0.000107077714,0.00010241876,0.0,12.250002,0.0,0.0,0.0,0.0,0.10006831,0.0025210779,0.0025052421,0.0025040675,1.0000044,1.0000052,1.0,0.0,0.0,0.0,0.0,0.0,0.0
194059778,193869266,0.0,0.0,0.0,0.0,0.0,0.0,0.0,0.0,0.0,0.000107646825,0.00010762267,0.00010234311,0.0,12.250003,0.0,0.0,0.0,0.0,0.100070424,0.0025174282,0.0025049073,0.0025040188,1.0000037,1.0000044,1.0,0.0,0.0,0.0,0.0,0.0,0.0
194559742,194369224,0.0,0.0,0.0,0.0,0.0,0.0,0.0,0.0,0.0,0.000106228894,0.00010619587,0.00010231471,0.0,12.250002,0.0,0.0,0.0,0.0,0.10007394,0.0025180983,0.0025050084,0.0025040305,1.0000037,1.0000044,1.0,0.0,0.0,0.0,0.0,0.0,0.0
195059705,194869182,0.0,0.0,0.0,0.0,0.0,0.0,0.0,0.0,0.0,0.0001068042,0.00010674569,0.00010238125,0.0,12.250003,0.0,0.0,0.0,0.0,0.10007599,0.0025153344,0.0025046384,0.0025040323,1.0000037,1.0000045,1.0,0.0,0.0,0.0,0.0,0.0,0.0
195559652,195369139,0.0,0.0,0.0,0.0,0.0,0.0,0.0,0.0,0.0,0.000106739135,0.00010673766,0.00010248823,0.0,12.250003,0.0,0.0,0.0,0.0,0.100076206,0.0025181952,0.002508561,0.0025063239,1.0000037,1.0000044,1.0,0.0,0.0,0.0,0.0,0.0,0.0
196059630,195869096,0.0,0.0,0.0,0.0,0.0,0.0,0.0,0.0,0.0,0.00010724309,0.00010721444,0.000102527825,0.0,12.250003,0.0,0.0,0.0,0.0,0.10007801,0.0025181354,0.002507924,0.0025059797,1.0000038,1.0000044,1.0,0.0,0.0,0.0,0.0,0.0,0.0
196559820,196369052,0.0,0.0,0.0,0.0,0.0,0.0,0.0,0.0,0.0,0.00010686641,0.00010686845,0.00010251346,0.0,12.250003,0.0,0.0,0.0,0.0,0.10007904,0.0025182306,0.0025083048,0.002506197,1.0000037,1.0000045,1.0,0.0,0.0,0.0,0.0,0.0,0.0
197059602,196869009,0.0,0.0,0.0,0.0,0.0,0.0,0.0,0.0,0.0,0.00010722326,0.00010722244,0.00010272339,0.0,12.250003,0.0,0.0,0.0,0.0,0.100080736,0.0034780367,0.003498695,0.0035000127,1.0000036,1.0000045,1.0,0.0,0.0,0.0,0.0,0.0,0.0
