timestamp,timestamp_sample,time_last_fuse,observation[0],observation[1],device_id,observation_variance[0],observation_variance[1],innovation[0],innovation[1],innovation_filtered[0],innovation_filtered[1],innovation_variance[0],innovation_variance[1],test_ratio[0],test_ratio[1],test_ratio_filtered[0],test_ratio_filtered[1],estimator_instance,innovation_rejected,fused
111181987,110982508,110984483,0.0022516706958413124,-0.13625191152095795,0,1e-04,1e-04,-0.00034986332,0.0003710389,-0.00019085011,-2.2823166e-05,0.000107128646,0.000107128624,4.5703684e-05,5.1403582e-05,-2.60001e-05,-2.4138255e-06,1,0,1
111696589,111495809,111499006,0.002286691451445222,-0.1362508088350296,0,1e-04,1e-04,-0.00045572047,0.0003414005,-0.00038088963,0.00022789178,0.000106683096,0.00010668309,7.786843e-05,4.3701137e-05,-6.733924e-05,3.2067448e-05,1,0,1
112193070,111989177,111991007,0.0022662270348519087,-0.13628050684928894,0,1e-04,1e-04,3.082212e-05,0.00038529932,-0.00027859604,0.00032762627,0.0001070452,0.00010704521,3.5499139e-07,5.547397e-05,-4.061834e-05,4.763304e-05,1,0,1
112684864,112482253,112491944,0.0022472627460956573,-0.1362808644771576,0,1e-04,1e-04,0.00036157528,0.0003901869,8.862029e-05,0.00038275056,0.000107333035,0.000107333064,4.872188e-05,5.6737714e-05,8.984503e-06,5.85387e-05,1,0,1
113186163,112982370,112988413,0.002242456888779998,-0.13625465333461761,0,1e-04,1e-04,0.0001317081,-8.08388e-05,0.00010692021,0.000205606,0.00010674929,0.000106749256,6.5000995e-06,2.4486958e-06,8.456152e-06,2.8486604e-05,1,0,1
113692885,113489303,113495458,0.0022432729601860046,-0.13622526824474335,0,1e-04,1e-04,0.00014277315,-0.00022250414,0.00014952548,-7.789134e-06,0.00010687731,0.00010687728,7.628999e-06,1.8528948e-05,1.0555703e-05,5.663382e-06,1,0,1
114182077,113982223,113984403,0.0023244372569024563,-0.136280357837677,0,1e-04,1e-04,-0.00019397051,-8.8870525e-05,5.7492278e-05,-0.000109736524,0.00010735715,0.000107357184,1.4018465e-05,2.942689e-06,3.7193515e-06,-5.8470246e-06,1,0,1
114676891,114482313,114486843,0.0022747167386114597,-0.13623866438865662,0,1e-04,1e-04,-7.614284e-05,-0.00017566979,-0.00010031396,-0.00012311303,0.00010709584,0.00010709587,2.1654369e-06,1.15260755e-05,-8.564857e-06,-6.4478927e-06,1,0,1
115190044,114988907,114992382,0.002230696612969041,-0.13613851368427277,0,1e-04,1e-04,0.00027873064,-0.00012889504,8.4061154e-05,-0.00016472039,0.00010703058,0.00010703062,2.9034982e-05,6.209039e-06,8.094439e-06,-1.1289148e-05,1,0,1
115697131,115496390,115500838,0.0021104910410940647,-0.13575637340545654,0,1e-04,1e-04,0.000257347,-0.0009405762,0.00019057385,-0.0004056149,0.00010718729,0.00010718727,2.4714678e-05,0.00033014503,1.9408504e-05,-8.877552e-05,1,0,1
116196587,115995522,116007877,0.001830762019380927,-0.1339213103055954,0,1e-04,1e-04,0.0003304421,-0.0022064745,0.00024586453,-0.00121598,0.00010747652,0.00010747666,4.0638453e-05,0.0018119393,2.5932928e-05,-0.0007393229,1,0,1
116693404,116495635,116499773,0.001307918457314372,-0.12617717683315277,0,1e-04,1e-04,0.00060270017,-0.0016999245,0.00013907194,-0.0019953793,0.00010721321,0.00010721301,0.00013552341,0.0010781316,1.9176297e-05,-0.0017202875,1,0,1
117195254,116989219,116990201,0.0015488696517422795,-0.1253940910100937,0,1e-04,1e-04,0.00035586942,0.00086347014,0.0003521977,-0.0007539267,0.0001071778,0.00010717778,4.7264653e-05,0.00027825942,8.1734106e-05,-0.0006670334,1,0,1
117693229,117502325,117503185,-0.0026390061248093843,-0.07622528076171875,0,1e-04,1e-04,-0.0014117726,0.00083691627,-6.2285494e-06,0.0011812631,0.00010728269,0.00010721819,0.00074312143,0.00026130967,-6.058404e-05,0.0011736247,1,0,1
118195816,117989600,117992097,-0.01871863380074501,0.01908629760146141,0,1e-04,1e-04,-0.00028646365,-0.0006495733,-0.00096990156,0.0006130462,0.00010674329,0.00010673873,3.0750944e-05,0.00015812271,-0.0006644136,0.0005313144,1,0,1
118688098,118488933,118494546,-0.037689533084630966,0.04974737390875816,0,1e-04,1e-04,0.003007125,-0.0019466206,0.0010572805,-0.0012719686,0.00010739625,0.00010725884,0.003368014,0.0014131542,0.0011610485,-0.0012457347,1,0,1
119185731,118982178,118987969,-0.06466882675886154,0.0794953852891922,0,1e-04,1e-04,0.00038518012,0.0010369197,0.0013179373,-0.0003325632,0.00010691355,0.0001069085,5.550792e-05,0.00040228886,0.0010685294,-0.00043682594,1,0,1
119697277,119497279,119499443,-0.08289428055286407,0.11105377972126007,0,1e-04,1e-04,-0.0011485815,0.0011117607,7.879064e-05,0.0006662945,0.0001067536,0.00010674678,0.000494312,0.00046315664,0.00025387213,0.00021894842,1,0,1
120193667,119995500,119997376,-0.08451517671346664,0.12426920235157013,0,1e-04,1e-04,-0.0003746897,0.00054640323,-0.0002622011,0.000807547,0.00010748082,0.00010748189,5.2248346e-05,0.00011110951,3.4592005e-05,0.0002803032,1,0,1
120677973,120468794,120478761,-0.07854233682155609,0.12301598489284515,0,1e-04,1e-04,6.159395e-05,0.00014344603,-0.00017191228,0.0005216789,0.00010731792,0.00010731809,1.414047e-06,7.669449e-06,9.311345e-06,0.0001409786,1,0,1
121178835,120982167,120982708,-0.06964167952537537,0.11530113965272903,0,1e-04,1e-04,-5.479157e-05,-7.6167285e-05,1.8637651e-05,0.00018759111,0.000106848354,0.00010685056,1.1238792e-06,2.1718017e-06,9.980659e-06,5.1122748e-05,1,0,1
121687467,121482340,121489662,-0.06167016178369522,0.10592478513717651,0,1e-04,1e-04,-0.00054848567,6.569922e-05,-0.00026970834,1.4602125e-05,0.00010722661,0.0001072258,0.000112224574,1.6102047e-06,-4.672327e-05,1.33593085e-05,1,0,1
122192867,121988565,121989092,-0.05163998529314995,0.09555346518754959,0,1e-04,1e-04,-0.0002783537,0.00043591112,-0.00037310066,0.00016347377,0.000106859596,0.00010685806,2.9002833e-05,7.112931e-05,-7.241671e-05,2.2024718e-05,1,0,1
122690715,122488927,122490025,-0.04511662945151329,0.08315764367580414,0,1e-04,1e-04,-0.00010462478,-0.00021848083,-6.8424524e-05,0.00014092165,0.00010705932,0.000107059,4.089824e-06,1.7834604e-05,-2.035092e-05,1.7032498e-05,1,0,1
123196208,122995314,122995513,-0.044697802513837814,0.07141935080289841,0,1e-04,1e-04,0.0002497807,-0.00024183095,0.00024207513,-0.0002783114,0.00010656103,0.00010656029,2.3419596e-05,2.1952721e-05,4.048664e-05,-6.2790416e-05,1,0,1
123694223,123501934,123503919,-0.044862113893032074,0.06231721490621567,0,1e-04,1e-04,-0.0002944246,0.00032845885,2.017895e-05,-0.0001024771,0.00010689138,0.00010689034,3.2438853e-05,4.03723e-05,1.05993495e-05,-2.3882092e-05,1,0,1
124192110,123988987,123995863,-0.04291098192334175,0.05249820277094841,0,1e-04,1e-04,0.0003917925,0.00030636415,9.03589e-05,0.00013738334,0.00010686867,0.000106868974,5.7454206e-05,3.513049e-05,1.44638825e-05,1.1527583e-05,1,0,1
124686930,124488714,124489221,-0.041985876858234406,0.042839910835027695,0,1e-04,1e-04,0.00031097233,0.00026765838,0.00016920757,0.00023968551,0.00010690181,0.00010690162,3.6184156e-05,2.6806334e-05,1.9662511e-05,2.7530326e-05,1,0,1
125186304,124995461,124996206,-0.041610121726989746,0.03574554994702339,0,1e-04,1e-04,3.2655895e-05,-0.00022342801,0.00021111623,2.828472e-05,0.00010702328,0.000107023356,3.9857022e-07,1.8657638e-05,2.8719194e-05,6.148705e-06,1,0,1
125694892,125495257,125501594,-0.04154442995786667,0.031758349388837814,0,1e-04,1e-04,-0.00010374561,-0.00037257373,2.9155099e-05,-0.00018986258,0.000107648266,0.0001076483,3.9993774e-06,5.157952e-05,6.855028e-06,-2.3099434e-05,1,0,1
126197281,125995276,126004062,-0.040611088275909424,0.029203640297055244,0,1e-04,1e-04,-0.00017885119,0.00021331757,-0.00012504339,-0.00013703133,0.000107522326,0.000107522195,1.1899945e-05,1.6928368e-05,-1.4507321e-05,-1.7684435e-05,1,0,1
126678606,126482217,126483874,-0.04065670445561409,0.02689637430012226,0,1e-04,1e-04,0.00025599822,0.000666203,7.101953e-05,0.00023896465,0.00010701632,0.00010701643,2.4495363e-05,0.00016589093,1.03382845e-05,4.8311573e-05,1,0,1
127188517,126988744,126990806,-0.04134335741400719,0.024398693814873695,0,1e-04,1e-04,0.00024927035,0.0003058333,0.00016826871,0.0005782484,0.0001070995,0.00010709963,2.3206721e-05,3.4933455e-05,1.9563997e-05,0.0003274472,1,0,1
127690993,127495616,127497737,-0.04139943793416023,0.02149517647922039,0,1e-04,1e-04,0.00028432533,0.00024440326,0.00024280764,0.00041734896,0.00010697847,0.000106978376,3.0226975e-05,2.2334589e-05,3.0590603e-05,0.00015095319,1,0,1
128191830,127988989,127992632,-0.04059647396206856,0.02121797204017639,0,1e-04,1e-04,-2.456829e-05,-0.00038743578,8.7073255e-05,7.529508e-05,0.00010724611,0.000107246095,2.2512737e-07,5.598581e-05,1.3089194e-05,4.7360874e-05,1,0,1
128682317,128488721,128489030,-0.04021583870053291,0.027133869007229805,0,1e-04,1e-04,-0.00017503276,-0.00086270086,-0.00016968665,-0.00023236855,0.000107033644,0.00010703354,1.1449285e-05,0.00027813815,-2.2753342e-05,-3.0220219e-05,1,0,1
129187741,128988683,128992948,-0.03041963465511799,0.05892960727214813,0,1e-04,1e-04,-0.00066018477,0.00039950013,-0.00037273616,-0.00011183519,0.00010684445,0.00010683504,0.00016316952,5.975581e-05,-7.518248e-05,-1.6048723e-05,1,0,1
129684078,129475342,129483326,-0.007456721737980843,0.1079719141125679,0,1e-04,1e-04,-0.0002824501,0.00017827749,-0.00033482892,0.0005546015,0.00010715396,0.000107155785,2.9780726e-05,1.1864171e-05,-6.3426356e-05,0.000255074,1,0,1
130186541,129981870,129988746,-0.0031010701786726713,0.12677493691444397,0,1e-04,1e-04,0.0015099151,-0.0017270595,0.000552028,-0.0004343155,0.00010776565,0.00010772787,0.00084622274,0.001107507,0.00031624193,-0.0002381427,1,0,1
130688902,130489368,130491157,-0.015744240954518318,0.13407109677791595,0,1e-04,1e-04,0.00096004456,-6.224215e-05,0.0008537306,-0.00080561615,0.00010740846,0.00010740833,0.00034324508,1.4427504e-06,0.00041169947,-0.00038939394,1,0,1
131185644,130988615,130992061,-0.018154997378587723,0.13682131469249725,0,1e-04,1e-04,0.00017141923,0.000582248,0.00030656368,-8.291931e-05,0.000108126005,0.0001081302,1.0870485e-05,0.00012540907,0.00015376916,-8.580846e-05,1,0,1
131678663,131481938,131483939,-0.010527364909648895,0.12978403270244598,0,1e-04,1e-04,-0.00025967415,0.0008584559,-0.00012320274,0.00048282894,0.00010728034,0.000107281936,2.5141855e-05,0.00027477002,-1.0580699e-05,0.00014533337,1,0,1
132194653,131988510,131993867,-0.0010960253421217203,0.12313912808895111,0,1e-04,1e-04,-0.0016197986,0.00021803379,-0.0009012077,0.00078319147,0.00011110939,0.00011110299,0.00094456377,1.7115195e-05,-0.00045786324,0.0002905736,1,0,1
132659564,132461960,132466188,0.0017389613203704357,0.12109442055225372,0,1e-04,1e-04,-8.3787716e-05,0.00014587492,-0.00077113806,0.00044045318,0.00011058686,0.000110586276,2.5393185e-06,7.696974e-06,-0.0003344413,0.00014359219,1,0,1
133186010,132981664,132988145,-0.001035531866364181,0.1246715560555458,0,1e-04,1e-04,-0.0009722166,-0.00012920797,-0.00071157765,9.490365e-05,0.00010993452,0.000109936096,0.0003439157,6.0743287e-06,-0.00024756647,3.7918697e-05,1,0,1
133689830,133481464,133487584,-0.007041885517537594,0.12679903209209442,0,1e-04,1e-04,-0.00042110635,7.8216195e-05,-0.00045581206,-4.930071e-05,0.000108301036,0.00010829995,6.549543e-05,2.2595661e-06,-0.0001344152,3.498346e-06,1,0,1
134192228,133981635,133991489,-0.012553397566080093,0.12539348006248474,0,1e-04,1e-04,0.00021989085,9.812415e-05,-0.00020720503,-4.3250162e-05,0.000107381326,0.00010738122,1.801132e-05,3.5866042e-06,-5.7971418e-05,-3.403929e-06,1,0,1
134679836,134481983,134483313,-0.014610416255891323,0.12612201273441315,0,1e-04,1e-04,0.00091531035,0.00036977232,0.00030122852,-0.0001389073,0.00010748703,0.00010748771,0.00031177455,5.088268e-05,0.00010048014,-2.2979722e-05,1,0,1
135188014,134988555,134994736,-0.017748478800058365,0.12979236245155334,0,1e-04,1e-04,0.0010726526,0.00039571524,0.0005319809,9.937916e-05,0.000107889406,0.00010788924,0.00042657892,5.8056037e-05,0.00016639993,2.0363888e-05,1,0,1
135646828,135448541,135453511,-0.01974710449576378,0.12781518697738647,0,1e-04,1e-04,-8.777715e-05,0.00016529858,0.000496755,6.276764e-05,0.00010769529,0.00010769534,2.8617142e-06,1.01484875e-05,0.00014265535,1.4032588e-05,1,0,1
136179233,135976920,135981477,-0.01869463361799717,0.12518620491027832,0,1e-04,1e-04,0.00019475631,0.0003219247,0.00010886738,0.00011342183,0.000107286025,0.000107286294,1.4141645e-05,3.863886e-05,3.1166044e-05,2.145356e-05,1,0,1
136683142,136475007,136476350,-0.007846075110137463,0.11713074892759323,0,1e-04,1e-04,-0.00040436722,0.0010617375,-0.00011150459,0.00058787083,0.00010801676,0.00010801168,6.055092e-05,0.0004174684,-3.430523e-05,0.00022021304,1,0,1
137177999,136981707,136984804,0.026789449155330658,0.09599831700325012,0,1e-04,1e-04,0.0006760638,0.0006665811,0.000370425,0.000547539,0.000107137224,0.00010713886,0.00017064557,0.00016588952,0.00016684218,0.00015753039,1,0,1
137692571,137488257,137493165,0.03234424069523811,0.09323279559612274,0,1e-04,1e-04,0.00069288537,-0.0015703142,0.0003928865,-0.00028871876,0.000106786305,0.00010679794,0.0001798321,0.0009235709,0.00012273494,-0.00017178297,1,0,1
138195175,137994903,137997058,0.016714738681912422,0.09910792857408524,0,1e-04,1e-04,6.597489e-06,-0.0016256347,-0.0001463535,-0.0011036638,0.00010671992,0.00010672688,1.6314429e-08,0.000990449,-3.7371257e-05,-0.00067747897,1,0,1
138695649,138501736,138502453,0.01459247525781393,0.10079653561115265,0,1e-04,1e-04,-7.5349584e-05,0.0004286021,6.519005e-05,-0.00034706085,0.00010670574,0.0001067149,2.1283054e-06,6.885627e-05,2.0707974e-05,-0.00024718602,1,0,1
139190513,138988372,138992852,0.017081186175346375,0.0922677144408226,0,1e-04,1e-04,0.00016597472,0.0005315766,0.00030578446,0.0005362553,0.00010675477,0.00010675715,1.0321828e-05,0.00010587531,0.00010017799,0.0001922969,1,0,1
139692956,139488053,139495190,0.013434291817247868,0.08255679160356522,0,1e-04,1e-04,-0.00027206726,-0.00034230947,0.00013850366,0.00028195363,0.000107110456,0.00010711115,2.7642714e-05,4.3758573e-05,4.3972104e-05,9.5242474e-05,1,0,1
140189319,139988135,139996071,0.012409201823174953,0.08205685764551163,0,1e-04,1e-04,-0.00034456607,-0.00014660507,-0.00010578173,9.564955e-05,0.00010692877,0.00010692541,4.4413035e-05,8.04039e-06,-1.2855624e-05,3.3318098e-05,1,0,1
140681117,140481649,140483410,0.017682066187262535,0.08733971416950226,0,1e-04,1e-04,0.0005607419,-0.0002867058,3.4479974e-05,0.00011320097,0.00010734075,0.00010734046,0.00011717133,3.0631585e-05,1.41929695e-05,2.6776768e-05,1,0,1
141186626,140988259,140988799,0.0192519910633564,0.08781564235687256,0,1e-04,1e-04,0.00028707832,-0.0009957999,0.00015545414,-0.00030888178,0.000106873376,0.00010687195,3.0845462e-05,0.00037114226,3.9172835e-05,-8.431933e-05,1,0,1
141684650,141489829,141491178,0.014946607872843742,0.08936590701341629,0,1e-04,1e-04,-0.0003223857,-0.00035209954,-7.254252e-05,-0.00033757353,0.000107265296,0.00010726613,3.8757193e-05,4.623047e-05,-1.4040705e-05,-8.171406e-05,1,0,1
142186855,141988261,141989044,0.01486535370349884,0.08900497108697891,0,1e-04,1e-04,0.00021289848,0.0008229986,8.882815e-05,0.00023962953,0.000107375774,0.00010737622,1.6884913e-05,0.00025231906,2.9488821e-05,7.336884e-05,1,0,1
142690682,142488380,142488413,0.016235632821917534,0.08373958617448807,0,1e-04,1e-04,-0.00073579047,0.0007248074,2.428768e-06,0.0007433387,0.00010732324,0.00010732349,0.00020177834,0.00019579897,7.1137747e-06,0.0002995704,1,0,1
143187092,142988270,142993843,0.012741336598992348,0.07680899649858475,0,1e-04,1e-04,0.00051369984,0.0005084276,0.00030242922,0.0007910015,0.00010716996,0.00010716987,9.8493096e-05,9.648183e-05,0.00010080514,0.00028573337,1,0,1
143695432,143501248,143502190,0.011072073131799698,0.07751628756523132,0,1e-04,1e-04,-0.0006196946,-1.0281801e-06,8.533648e-05,0.0003095162,0.00010714118,0.00010714005,0.00014337021,3.9468132e-10,3.6091507e-05,0.000111651345,1,0,1
144184316,143988461,143991027,0.013213464990258217,0.08565258979797363,0,1e-04,1e-04,-0.00054530334,-0.0007431656,-3.0007623e-06,0.00010774929,0.0001072693,0.00010726928,0.000110881956,0.00020594717,8.753171e-06,3.9417893e-05,1,0,1
144692950,144494670,144499416,0.014435443095862865,0.08982127159833908,0,1e-04,1e-04,0.00085146725,-0.0010628849,0.0003141007,-0.00037460914,0.0001077804,0.00010777827,0.00026906433,0.00041927723,9.964828e-05,-0.0001049424,1,0,1
145195024,144994929,145001833,0.009723758324980736,0.0915515199303627,0,1e-04,1e-04,0.00034620613,-0.00077712536,0.0006064342,-0.000465929,0.00010752545,0.00010752537,4.4588025e-05,0.00022466283,0.00020856026,-0.000115569484,1,0,1
145679385,145481222,145486110,0.00671307323500514,0.09243670105934143,0,1e-04,1e-04,7.312372e-05,-0.0004492849,0.00033972462,-0.00028221082,0.0001073898,0.000107389875,1.9916524e-06,7.518658e-05,0.000103652725,-6.2450985e-05,1,0,1
146181970,145981491,145983967,0.011148151941597462,0.09006963670253754,0,1e-04,1e-04,-0.00032829214,0.0003605038,4.597339e-05,9.5572526e-05,0.00010747996,0.000107480795,4.0110073e-05,4.836696e-05,2.3542507e-05,2.2885657e-05,1,0,1
146694711,146487913,146492352,0.060607828199863434,0.10762855410575867,0,1e-04,1e-04,-0.0017582066,0.0004028529,-0.00150613,-0.00019718638,0.000106956955,0.00010699266,0.0011560877,6.067349e-05,-0.0025495947,-0.00015358825,1,0,1
147175879,146981273,146982687,0.3546487092971802,0.2841639220714569,0,1e-04,1e-04,-0.034784257,0.009015411,-0.0011229344,0.0051112324,0.00010798572,0.0001079576,0.4481869,0.030114653,-0.012018781,0.018240768,1,0,1
147694880,147494469,147498638,0.5134784579277039,0.468254029750824,0,1e-04,1e-04,-0.0016565919,-0.0055830777,-0.0016002584,0.002143113,0.00011107892,0.000111289846,0.0009882331,0.01120345,-0.0058002165,0.009923619,1,0,1
148182538,147974798,147984414,0.5164202451705933,0.5569571256637573,0,1e-04,1e-04,0.0012414455,-0.00632149,-0.00028458776,-0.0037996732,0.00010769945,0.00010797798,0.0005724029,0.014803474,-0.0021205228,-0.009384523,1,0,1
148693529,148487884,148492796,0.4844154715538025,0.6251375079154968,0,1e-04,1e-04,0.0028774142,0.0006143451,0.0012563536,-0.0027709426,0.00010692719,0.00010691277,0.0030972522,0.00014120666,0.00036550214,-0.0057234205,1,0,1
149183909,148981247,148984632,0.48380276560783386,0.6238265633583069,0,1e-04,1e-04,0.003095895,0.002748251,0.0021294963,0.0002504714,0.000106797735,0.00010695714,0.0035898013,0.0028246394,0.0018120615,-0.001110051,1,0,1
149692553,149494944,149499075,0.49552851915359497,0.5789244174957275,0,1e-04,1e-04,-0.00047776103,0.0015842915,0.0011983324,0.001176224,0.00010720164,0.000107232845,8.51687e-05,0.0009362726,0.0010466703,0.0003095182,1,0,1
150193158,149987769,149993871,0.509061336517334,0.5607279539108276,0,1e-04,1e-04,-0.0018531084,0.0004184246,-0.0008448218,0.0010818687,0.00010682526,0.00010676283,0.0012858423,6.5595545e-05,-0.0006514105,0.00043324556,1,0,1
150695565,150494727,150497738,0.531538188457489,0.5732023119926453,0,1e-04,1e-04,-0.00053042173,-0.00066941977,-0.0012541531,0.00018101367,0.00010696481,0.000106948304,0.00010521113,0.00016760352,-0.00082417426,9.579627e-05,1,0,1
151182879,150981288,150989570,0.5384805202484131,0.5878170728683472,0,1e-04,1e-04,0.00017529726,-0.00067567825,-0.00046077438,-0.0005915204,0.00010706266,0.000107067855,1.1480802e-05,0.00017056141,-0.00031070373,-0.0002535278,1,0,1
151694273,151494693,151496443,0.5225282907485962,0.5954850912094116,0,1e-04,1e-04,0.0012530684,0.00042051077,0.00024886106,-0.0006600949,0.00010689171,0.00010688396,0.00058757805,6.617618e-05,2.3067281e-05,-0.00024986488,1,0,1
152189026,151994567,151995839,0.5090059638023376,0.5932311415672302,0,1e-04,1e-04,0.0009353757,0.00079870224,0.0006846264,-0.0001815824,0.00010690361,0.00010690337,0.00032737068,0.0002386923,0.00026553296,-7.493674e-05,1,0,1
152685458,152483025,152489128,0.5078691244125366,0.5876107811927795,0,1e-04,1e-04,-0.0003002882,0.0011530519,0.00065178017,0.00039610526,0.00010710635,0.00010711191,3.367606e-05,0.00049650075,0.00023152489,0.00011882724,1,0,1
153180229,152988021,152989981,0.5114514827728271,0.5824560523033142,0,1e-04,1e-04,-0.0012242198,-9.4890594e-05,-1.6629833e-06,0.0006500859,0.00010697364,0.00010697302,0.000560405,3.3669141e-06,5.6179865e-06,0.0002459545,1,0,1
153688610,153487857,153495346,0.5196248888969421,0.5795729756355286,0,1e-04,1e-04,-0.00081694126,-6.198883e-06,-0.00016100437,0.00025340615,0.00010754527,0.00010754492,0.00024822776,1.429213e-08,-3.7085312e-05,9.573545e-05,1,0,1
154195475,153994527,154002214,0.5227233171463013,0.5842953324317932,0,1e-04,1e-04,-0.00059729815,-0.0004222989,-0.00015961826,-0.00010591301,0.0001073129,0.00010731508,0.00013298124,6.6472065e-05,-3.75118e-05,-6.5435815e-06,1,0,1
154694758,154481262,154486521,0.5216849446296692,0.5895122289657593,0,1e-04,1e-04,-0.000187397,0.00015354156,-0.00027715976,-9.508659e-05,0.000106982865,0.00010698327,1.313019e-05,8.814467e-06,-7.209442e-05,-1.3750875e-05,1,0,1
155189907,154987628,154996442,0.5221003890037537,0.5913915038108826,0,1e-04,1e-04,0.0008455515,9.679794e-05,1.18354865e-05,0.00018142158,0.00010709907,0.00010709898,0.00026702654,3.499507e-06,5.1284323e-06,4.015809e-05,1,0,1
155689312,155480914,155489726,0.516659140586853,0.5887830257415771,0,1e-04,1e-04,0.00067931414,-0.00012296438,0.00032675822,9.833189e-05,0.00010728636,0.000107285756,0.00017205083,5.637371e-06,8.360681e-05,2.041329e-05,1,0,1
156195805,155994646,156002608,0.5093507170677185,0.587140679359436,0,1e-04,1e-04,0.00067460537,0.00062423944,0.00023932796,0.00011265965,0.00010714975,0.0001071496,0.00016989022,0.00014546946,5.6629273e-05,2.7733615e-05,1,0,1
156689237,156487774,156495936,0.5030542016029358,0.5254058241844177,0,1e-04,1e-04,0.0026522279,0.0011460185,0.00081422954,0.0019502841,0.0001073059,0.00010719878,0.002622153,0.00049006473,0.00049529213,0.0038433832,1,0,1
157185543,156982616,156987760,0.46878644824028015,0.0878530815243721,0,1e-04,1e-04,0.0043134093,-0.009444617,0.003614908,-0.0029973148,0.00010764947,0.00010671268,0.006913365,0.03343587,0.0069037504,-0.010595635,1,0,1
157693886,157494474,157500684,0.44948363304138184,-0.29113107919692993,0,1e-04,1e-04,-0.007707387,0.006868571,-0.000387221,-0.00080096576,0.00010831532,0.00010765868,0.021937365,0.01752846,-0.0013943969,-0.003530509,1,0,1
158192095,157994379,157998477,0.5016646981239319,-0.38373619318008423,0,1e-04,1e-04,-0.0020506084,0.0055942833,-0.003664959,0.0044601136,0.00010885545,0.00010769226,0.0015451664,0.011624236,-0.008705628,0.012547376,1,0,1
158685007,158480806,158482780,0.566931962966919,-0.41769930720329285,0,1e-04,1e-04,0.00030189753,-0.0024684966,-0.0012671747,0.0013549873,0.00010680909,0.000106764135,3.4132718e-05,0.002282967,-0.0033035087,0.004643954,1,0,1
159188897,158994153,159000171,0.5391687750816345,-0.41492587327957153,0,1e-04,1e-04,0.0007122159,-0.0019841194,-3.9493305e-05,-0.0011759631,0.00010706762,0.00010702488,0.00018950697,0.0014713325,-0.0010753399,7.5016383e-06,1,0,1
159683643,159481809,159484472,0.49269551038742065,-0.3910864591598511,0,1e-04,1e-04,0.0020509362,-0.00045999885,0.0009555343,-0.0013890911,0.00010695649,0.000106882704,0.0015731029,7.9189216e-05,0.00029163825,-0.0006194035,1,0,1
160187599,159987494,159994341,0.48949337005615234,-0.39159274101257324,0,1e-04,1e-04,0.0019234717,0.0014459789,0.0019224857,-0.0002763304,0.000106938256,0.00010695215,0.0013838802,0.00078197767,0.0016224947,-0.00014491174,1,0,1
160694500,160487581,160492177,0.4965006411075592,-0.4113074839115143,0,1e-04,1e-04,-0.0006489754,0.0013362467,0.0010918862,0.00064908253,0.00010715067,0.000107155836,0.00015722497,0.0006665266,0.0008070964,0.00030156542,1,0,1
161183286,160980981,160990059,0.5064178109169006,-0.4264572858810425,0,1e-04,1e-04,-0.0018689632,8.329749e-05,-0.00022226606,0.00058055785,0.000106882726,0.0001068784,0.001307236,2.5967727e-06,2.3677405e-05,0.00022909364,1,0,1
161694632,161495056,161496872,0.5209495425224304,-0.4255162477493286,0,1e-04,1e-04,-0.0009778738,-9.506941e-05,-0.00093077094,0.00021948217,0.00010705808,0.00010705451,0.00035727792,3.377043e-06,-0.00044736278,8.6724e-05,1,0,1
162189775,161987889,161996211,0.528191328048706,-0.42019960284233093,0,1e-04,1e-04,-0.00039190054,0.0004041493,-0.00035991427,0.0001998675,0.000106867235,0.00010686864,5.7486668e-05,6.1135484e-05,-0.0001695838,5.7234956e-05,1,0,1
162687327,162487437,162494090,0.5207206606864929,-0.4182875454425812,0,1e-04,1e-04,-0.00040191412,-0.0004823804,-0.00012374039,0.00016760018,0.00010731291,0.00010731207,6.021082e-05,8.673426e-05,-6.163337e-05,4.2335974e-05,1,0,1
163189652,162980725,162987365,0.5120789408683777,-0.417061984539032,0,1e-04,1e-04,-5.38826e-05,0.00015538931,-9.173915e-05,0.0002945987,0.0001068645,0.00010686503,1.0867349e-06,9.037882e-06,-3.0927495e-05,7.7380544e-05,1,0,1
163675482,163480943,163482190,0.5127794146537781,-0.41726407408714294,0,1e-04,1e-04,0.00015556812,0.0006212592,-8.5752064e-05,0.00033556065,0.00010721352,0.000107216365,9.02925e-06,0.00014399405,-2.2560811e-05,8.083767e-05,1,0,1
164188290,163987516,163990596,0.5163560509681702,-0.41662895679473877,0,1e-04,1e-04,0.00037908554,0.00077721477,-5.6275643e-05,0.00044118898,0.0001067739,0.00010677392,5.383557e-05,0.00022629602,-1.3525929e-05,0.00010517593,1,0,1
164690744,164487614,164489885,0.5159994959831238,-0.4182089567184448,0,1e-04,1e-04,0.00048303604,0.0004490316,6.650412e-05,0.00025540803,0.000106732194,0.00010673271,8.744271e-05,7.5564225e-05,1.5246669e-05,5.7204565e-05,1,0,1
165188427,164994317,164998290,0.5109249949455261,-0.41835615038871765,0,1e-04,1e-04,-0.0001565814,0.00030210614,0.00020567626,0.00025526903,0.00010703611,0.000107036416,9.162416e-06,3.4107314e-05,4.9130802e-05,5.800722e-05,1,0,1
165694111,165493826,165502136,0.5090450644493103,-0.41580235958099365,0,1e-04,1e-04,-0.00014954805,-0.0003053546,0.0003695954,9.72901e-05,0.000107213935,0.000107214226,8.343923e-06,3.478696e-05,9.534894e-05,2.2635184e-05,1,0,1
166185827,165987392,165987889,0.5120677947998047,-0.41339874267578125,0,1e-04,1e-04,0.0006027818,1.4901161e-05,0.00022755197,0.00010265593,0.00010683734,0.00010683782,0.00013603704,8.313334e-08,5.4235075e-05,1.9888172e-05,1,0,1
166674743,166480834,166481207,0.4216310679912567,-0.38673606514930725,0,1e-04,1e-04,0.0042765737,-0.00093224645,0.0028045452,-0.00074116985,0.00010701659,0.00010718815,0.00683598,0.00032432072,0.008512531,-0.00087281235,1,0,1
167182767,166987618,166989564,-0.15811249613761902,-0.3227028250694275,0,1e-04,1e-04,-0.0021694005,-0.0034365356,-0.0048186835,-0.0014527838,0.000106530955,0.000107376305,0.0017671101,0.004399398,-0.022010291,-0.0016193064,1,0,1
167689615,167494251,167496415,-0.5016171932220459,-0.37348663806915283,0,1e-04,1e-04,0.013218224,0.0015503466,0.002349611,-0.0016727586,0.00010779361,0.00010922326,0.06483555,0.00088024273,0.0076992116,-0.0020187001,1,0,1
168179952,167980609,167983761,-0.5284698605537415,-0.419399231672287,0,1e-04,1e-04,0.00041872263,0.004019767,0.0053757033,0.0015220979,0.00010748684,0.00010833368,6.5246546e-05,0.0059662056,0.01954769,0.0021227852,1,0,1
168692826,168487292,168493575,-0.5201682448387146,-0.44155022501945496,0,1e-04,1e-04,-0.006272137,0.0015957355,-0.001214463,0.002123613,0.00010718588,0.0001072465,0.014680929,0.00094972685,0.00036200826,0.0023747312,1,0,1
169190719,168987256,168997420,-0.484408974647522,-0.45018625259399414,0,1e-04,1e-04,-0.000377208,-0.00025200844,-0.0026082026,0.000609777,0.00010686012,0.000107004416,5.3260606e-05,2.3740422e-05,-0.0032776268,0.0008413702,1,0,1
169688765,169487539,169492240,-0.45864325761795044,-0.43156760931015015,0,1e-04,1e-04,0.0009813011,-0.0008558929,-0.00078676303,-0.000100383324,0.0001071353,0.00010723068,0.00035952736,0.00027326235,-0.0011748009,0.00023425257,1,0,1
170183315,169980588,169990068,-0.4819585978984833,-0.41756540536880493,0,1e-04,1e-04,0.00044697523,-0.00087067485,-7.421611e-05,-0.00066177145,0.00010748413,0.00010750568,7.4350275e-05,0.00028205942,-0.00039751737,-0.0001740896,1,0,1
170693150,170493785,170499926,-0.5054535269737244,-0.41509950160980225,0,1e-04,1e-04,0.0018767118,-0.00023567677,0.00088837446,-0.00045929072,0.00010803099,0.000108039174,0.0013040878,2.056422e-05,0.00040399664,-0.0001213325,1,0,1
171188054,170987545,170994744,-0.5092752575874329,-0.4186078906059265,0,1e-04,1e-04,0.00066387653,0.00043442845,0.0010073595,0.00014618749,0.00010783585,0.00010785458,0.00016348257,6.999353e-05,0.00048238298,3.0907984e-05,1,0,1
171676790,171473927,171474522,-0.5081618428230286,-0.4242248833179474,0,1e-04,1e-04,-0.00018560886,0.00047543645,0.00036124894,0.00023531122,0.00010744531,0.00010744663,1.2825371e-05,8.4149615e-05,0.00018074043,4.4260167e-05,1,0,1
172183614,171987329,171987388,-0.5025217533111572,-0.4259793162345886,0,1e-04,1e-04,-0.0011332035,-7.092953e-05,-0.0004555124,0.00019180772,0.00010754115,0.00010754098,0.00047764048,1.8712858e-06,-0.00016969566,3.506837e-05,1,0,1
172687571,172494193,172494238,-0.49480825662612915,-0.4229728877544403,0,1e-04,1e-04,0.00024822354,0.0003708601,-0.00044800327,0.00037464226,0.00010730712,0.00010730786,2.2967693e-05,5.126827e-05,-0.00016210754,8.8627276e-05,1,0,1
173185561,172980482,172992109,-0.49076858162879944,-0.42175814509391785,0,1e-04,1e-04,0.0007083118,6.622076e-05,3.5816414e-05,0.00029828376,0.00010877034,0.00010877176,0.00018450087,1.6126204e-06,-1.394811e-05,6.99659e-05,1,0,1
173689200,173487921,173495950,-0.49714207649230957,-0.41952410340309143,0,1e-04,1e-04,0.0012846589,-0.0004912317,0.00044852137,-0.00014555865,0.00010770577,0.00010770673,0.00061290996,8.961689e-05,0.00012762286,-3.916341e-05,1,0,1
174183960,173988002,173993729,-0.4997612535953522,-0.41778647899627686,0,1e-04,1e-04,-0.00037416816,0.0005720854,0.00019585963,0.00019702976,0.000106985724,0.000106986285,5.234411e-05,0.00012236397,5.9065136e-05,4.8083988e-05,1,0,1
174693821,174487136,174500578,-0.49751412868499756,-0.41821688413619995,0,1e-04,1e-04,-8.022785e-05,3.46303e-05,0.00021620512,0.00019459671,0.000107516586,0.00010751764,2.3946104e-06,4.4616215e-07,5.4504788e-05,4.2637203e-05,1,0,1
175188734,174987445,174995394,-0.4925405979156494,-0.4186164438724518,0,1e-04,1e-04,-0.0006816387,0.0003786385,-9.2343535e-06,0.0002880455,0.000107611915,0.000107611966,0.00017270629,5.3290398e-05,-9.407031e-07,7.746932e-05,1,0,1
175671883,175474906,175478178,-0.4915924072265625,-0.41800135374069214,0,1e-04,1e-04,0.0009690821,-0.00035482645,-3.7963197e-05,0.0003380601,0.00010737634,0.00010737671,0.00034984248,4.6900972e-05,4.0117848e-06,0.000110952766,1,0,1
176190542,175988800,175992591,-0.4914858043193817,-0.4137960374355316,0,1e-04,1e-04,0.0008119643,0.0002991557,0.00045043594,-0.00021327609,0.00010750636,0.00010750687,0.0002453012,3.3298016e-05,0.00015764037,-6.652106e-05,1,0,1
176685693,176480820,176488910,-0.49308034777641296,-0.3342994451522827,0,1e-04,1e-04,-0.0016059875,-0.0028735697,0.00011360195,-0.0028368055,0.000107843756,0.00010773589,0.00095664174,0.003065795,1.20168115e-05,-0.009679878,1,0,1
177193445,176994806,176995711,-0.49336862564086914,0.14498499035835266,0,1e-04,1e-04,-0.00078862906,0.005526334,-0.0010153288,0.0043353625,0.00010920896,0.000108419576,0.00022779661,0.011267473,-0.00077264826,0.018482571,1,0,1
177682319,177480695,177484510,-0.4952491521835327,0.4441812038421631,0,1e-04,1e-04,0.0017119348,-0.0056108534,0.00023036271,0.0013130361,0.00010782907,0.00010708027,0.0010871727,0.011760029,6.3058615e-05,0.0073715937,1,0,1
178190565,177994760,177997372,-0.5010495185852051,0.5167843699455261,0,1e-04,1e-04,0.0009020567,-0.002245009,0.0013957834,-0.00242472,0.00010769332,0.00010706509,0.0003022309,0.001882991,0.0011129412,-0.002725972,1,0,1
178694480,178493830,178501211,-0.5071161389350891,0.5678912401199341,0,1e-04,1e-04,-0.0015280843,0.0034261942,3.7526974e-05,0.00057874323,0.00010700776,0.00010697337,0.00087284937,0.0043894313,0.00015923777,0.0007649353,1,0,1
179195230,178993574,178997529,-0.48989591002464294,0.5775408744812012,0,1e-04,1e-04,-1.1146069e-05,0.00035905838,-0.00057516276,0.0013558406,0.00010699996,0.000106927124,4.6442945e-08,4.8228332e-05,-0.00027069563,0.0013247195,1,0,1
179690149,179487890,179492343,-0.47699785232543945,0.5634746551513672,0,1e-04,1e-04,-0.0003093779,-0.00014722347,-0.0004796306,0.0003627429,0.00010680829,0.00010676395,3.5845416e-05,8.120625e-06,-0.00016796499,0.0004725962,1,0,1
180185154,179980275,179987158,-0.4903782308101654,0.570828378200531,0,1e-04,1e-04,-0.00045970082,0.0002322793,-0.000708506,8.901247e-06,0.0001072373,0.00010722058,7.882513e-05,2.0128104e-05,-0.00025356765,0.00015245445,1,0,1
180688694,180493674,180495508,-0.4970138370990753,0.5851982235908508,0,1e-04,1e-04,0.0012237728,-0.0003784299,-0.00023529078,-0.00032687912,0.0001072635,0.00010726475,0.00055848254,5.3404005e-05,-7.690139e-05,-2.6404408e-05,1,0,1
181180897,180980342,180982802,-0.49449196457862854,0.5909252166748047,0,1e-04,1e-04,-0.00019964576,-0.0006977916,0.00026212638,-0.00063967094,0.00010714405,0.000107141845,1.4880314e-05,0.00018178261,9.823763e-05,-0.00018836466,1,0,1
181693439,181480742,181488144,-0.498556911945343,0.5943804979324341,0,1e-04,1e-04,-0.00061643124,-3.105402e-05,-5.595225e-05,-0.00062901306,0.000106987056,0.00010698596,0.00014206857,3.6055278e-07,1.5415856e-06,-0.00019306614,1,0,1
182194260,181993649,182001052,-0.49886196851730347,0.5920590758323669,0,1e-04,1e-04,0.00015455484,0.00065237284,0.00011939514,-9.987727e-05,0.00010719917,0.00010719909,8.913204e-06,0.0001588037,3.5740493e-05,-4.2949752e-05,1,0,1
182681527,182486977,182488300,-0.4964072108268738,0.585334837436676,0,1e-04,1e-04,-0.0003514588,0.0001962781,-1.6166345e-05,2.7019529e-05,0.00010727636,0.00010727601,4.6057965e-05,1.43648485e-05,4.5140044e-07,-3.822388e-06,1,0,1
183190211,182987320,182992137,-0.49426019191741943,0.5823876261711121,0,1e-04,1e-04,-0.0010457039,-0.00019103289,-0.0004143044,-0.00017351296,0.000107305445,0.000107303946,0.0004076202,1.3603811e-05,-0.00013158796,-3.7744394e-05,1,0,1
183693738,183493614,183500487,-0.49012327194213867,0.5838336944580078,0,1e-04,1e-04,-0.00039076805,0.0010672212,-0.00043159557,0.00024547856,0.00010705861,0.000107057975,5.705274e-05,0.00042554925,-0.00011722155,6.573259e-05,1,0,1
184178022,183987027,183987779,-0.48987749218940735,0.5808007717132568,0,1e-04,1e-04,-0.00019070506,0.00015544891,-0.000365312,0.0004731674,0.00010666707,0.000106666754,1.3638106e-05,9.0616295e-06,-9.3965384e-05,0.0001379119,1,0,1
184695483,184500511,184502144,-0.49299290776252747,0.5791244506835938,0,1e-04,1e-04,9.050965e-05,-6.246567e-05,5.3104595e-05,0.0002772196,0.00010694816,0.00010694812,3.0639135e-06,1.4593841e-06,9.927524e-06,7.1779294e-05,1,0,1
185196154,184987074,184995452,-0.4971846342086792,0.5814028382301331,0,1e-04,1e-04,0.00022143126,-6.937981e-05,0.00034394432,0.00027890466,0.00010683043,0.00010683044,1.835874e-05,1.8023169e-06,9.126656e-05,5.7709018e-05,1,0,1
185686559,185487663,185493273,-0.5000951886177063,0.5821033120155334,0,1e-04,1e-04,0.00018793344,-0.0005326271,0.0003001974,0.00013674512,0.000106936044,0.00010693594,1.3211254e-05,0.00010611648,7.342802e-05,2.6925767e-05,1,0,1
186197884,185993505,185997109,-0.4970325529575348,0.5837912559509277,0,1e-04,1e-04,-0.00015333295,-0.0005005002,-5.020635e-06,-2.068087e-05,0.000107036314,0.00010703643,8.786174e-06,9.3613155e-05,1.2226552e-06,-3.4181157e-06,1,0,1
186688239,186494659,186494929,-0.44907596707344055,0.5425437688827515,0,1e-04,1e-04,-0.003576219,0.003218472,-0.0017427378,0.0010882877,0.000107399996,0.00010739404,0.0047632563,0.0038581514,-0.0031223972,0.0016432223,1,0,1
187195003,186993659,187003276,-0.1689997762441635,0.25861597061157227,0,1e-04,1e-04,0.00921312,-0.005070746,0.0040747104,-0.0020484007,0.00010772488,0.00010774053,0.031517908,0.009546069,0.015065829,-0.004629025,1,0,1
187677867,187473688,187480040,-0.02960263565182686,0.1180344671010971,0,1e-04,1e-04,-0.0082126185,0.0033749565,-7.613635e-05,6.330887e-05,0.000108472836,0.00010854198,0.024871517,0.0041975765,0.0016602967,-0.0010062504,1,0,1
188192186,187993411,187998914,-0.01740182191133499,0.09911400079727173,0,1e-04,1e-04,-0.001172293,0.00035443902,-0.0038294657,0.0011400543,0.00010700088,0.00010699573,0.00051374186,4.6965248e-05,-0.009546397,0.0006624932,1,0,1
188682491,188480396,188483241,0.028318025171756744,0.08556107431650162,0,1e-04,1e-04,0.0033595562,7.004291e-05,4.5684345e-05,5.4777785e-05,0.00010718473,0.00010720677,0.0042120246,1.8304848e-06,-0.00183118,0.00012776653,1,0,1
189186303,188986738,188993046,0.021168995648622513,0.08944900333881378,0,1e-04,1e-04,-0.0002483297,-0.00019739568,0.0007297597,3.159354e-05,0.00010723843,0.000107208165,2.300207e-05,1.4538093e-05,-0.00011013809,5.2335425e-05,1,0,1
189697649,189486678,189496880,-0.00698213092982769,0.08968141674995422,0,1e-04,1e-04,0.00035523763,0.00033533573,0.00023615909,0.00014880649,0.00010708608,0.000107074,4.713732e-05,4.200835e-05,-4.9886974e-05,5.1798568e-05,1,0,1
190187997,189993342,189997705,0.00040947628440335393,0.08898162096738815,0,1e-04,1e-04,0.0019449976,0.0014178604,0.00082720636,0.00052602415,0.000107243024,0.00010726871,0.0014110067,0.0007496419,0.0003619509,0.00018618029,1,0,1
190691733,190486695,190495522,0.011891000904142857,0.09486202895641327,0,1e-04,1e-04,-0.00090061687,-0.00018115342,0.00022018205,0.00035188175,0.00010739689,0.00010739846,0.0003020984,1.2222358e-05,0.00010616866,0.000122964,1,0,1
191185184,190986940,190991835,0.010890568606555462,0.09754493087530136,0,1e-04,1e-04,0.00021156389,-0.00021837652,0.00018494987,0.00030725985,0.00010695809,0.00010696588,1.6738997e-05,1.783309e-05,6.7763416e-05,8.978056e-05,1,0,1
191679965,191473716,191483680,0.009614625945687294,0.10162625461816788,0,1e-04,1e-04,0.00051161554,0.00060357153,0.0004037051,8.9552195e-05,0.00010689113,0.00010689323,9.79503e-05,0.00013632241,0.00013248078,2.893097e-05,1,0,1
192194097,191994749,192002552,0.009997117333114147,0.10695929825305939,0,1e-04,1e-04,-0.0007274188,0.00047228485,0.00038677646,0.00026661807,0.000107381406,0.00010738159,0.00019710604,8.308798e-05,0.00012708978,7.126078e-05,1,0,1
192673938,192473735,192477762,-0.012193460017442703,0.1287815123796463,0,1e-04,1e-04,-0.00048408564,3.232062e-05,-0.00034147053,0.00031579434,0.00010655072,0.000106554005,8.797272e-05,3.921476e-07,-0.000116068295,6.767129e-05,1,0,1
193197658,193007583,193008665,-0.08430679887533188,0.1795240193605423,0,1e-04,1e-04,0.0024163947,-0.0011885911,0.0003489774,-0.00012050817,0.00010710136,0.00010710201,0.0021807242,0.00052762736,0.00022732484,-4.8915324e-05,1,0,1
193692185,193493397,193495953,-0.1479332596063614,0.24784405529499054,0,1e-04,1e-04,0.0054263175,0.001413554,-0.003193845,-0.0012408935,0.00010738756,0.000107391636,0.010967721,0.0007442423,-0.02755357,-0.0032404766,1,0,1
194191379,193993435,193995318,-0.2061295062303543,0.32327935099601746,0,1e-04,1e-04,0.0042113513,0.002551049,0.0020628928,0.0021622293,0.00010735557,0.000107341184,0.0066081267,0.0024251088,-0.0038628269,0.003045512,1,0,1
194687724,194486790,194491629,-0.29561862349510193,0.3953865170478821,0,1e-04,1e-04,0.0034091175,-0.0015563667,0.0029007331,0.00070396706,0.00010670229,0.00010662528,0.0043568257,0.00090870657,0.001374094,0.0010800102,1,0,1
195194672,195000278,195002980,-0.4178498089313507,0.3981184959411621,0,1e-04,1e-04,0.015682578,0.00017479062,0.00512145,-0.000281762,0.000106908265,0.000106879015,0.092020296,1.1434147e-05,0.038429774,2.7672428e-05,1,0,1
195686318,195493856,195494733,-0.3907029926776886,0.413219153881073,0,1e-04,1e-04,-0.012016118,-0.00094386935,-0.0020548166,-0.00079984905,0.00010719961,0.00010716275,0.053875975,0.00033253696,-0.0010542931,-0.0005156199,1,0,1
196182676,195987546,195991042,-0.3901994526386261,0.4136525094509125,0,1e-04,1e-04,-0.0053485036,0.0007559955,-0.0062457286,-0.00011652613,0.0001069114,0.000106887426,0.010702878,0.00021388079,-0.019359391,-0.00015249373,1,0,1
196695609,196500086,196502391,-0.3901604413986206,0.4143025577068329,0,1e-04,1e-04,0.0013048351,0.00042784214,-0.0028095394,0.00040896013,0.00010678292,0.000106780804,0.00063777785,6.856996e-05,-0.007854782,6.807572e-05,1,0,1
197189135,196987470,196994190,-0.3900165855884552,0.4143739938735962,0,1e-04,1e-04,0.0043605566,0.0024075806,0.001021215,0.0010612119,0.00010703233,0.00010703047,0.00710606,0.0021662782,-0.00018317414,0.00060249545,1,0,1
