timestamp,position[0],position[1],position[2],velocity[0],velocity[1],velocity[2],acceleration[0],acceleration[1],acceleration[2],jerk[0],jerk[1],jerk[2],yaw,yawspeed
110770417,0.0016745831,-0.13687456,nan,-2.5736663e-05,-0.00010346889,0.7,0.018477805,0.07428612,0.0,nan,nan,0.0,1.6902167,0.0
110790318,0.0016755377,-0.1368589,nan,0.0,0.0,0.7,0.0,0.0,0.0,nan,nan,0.0,1.6903337,0.0
110970541,0.001712655,-0.1368042,nan,0.0,0.0,0.7,0.0,0.0,0.0,nan,nan,0.0,1.6902751,0.0
111170595,0.001820249,-0.13647872,nan,0.0,0.0,0.7,0.0,0.0,0.0,nan,nan,0.0,1.69022,0.0
111371037,0.0019008082,-0.13600934,nan,0.0,0.0,0.7,0.0,0.0,0.0,nan,nan,0.0,1.6901232,0.0
111570735,nan,nan,nan,-0.00022211144,0.0010827892,0.7,0.021878533,-0.10665746,0.0,nan,nan,0.0,1.6900935,0.0
111770647,nan,nan,nan,3.1288248e-05,0.0010674612,0.7,-0.0031339135,-0.10691981,0.0,nan,nan,0.0,1.6899905,0.0
111970867,nan,nan,nan,-0.00030624232,0.0018428303,0.7,0.020606644,-0.12400166,0.0,nan,nan,0.0,1.6899008,0.0
112170948,nan,nan,nan,-0.0003300656,0.0007062133,0.7,0.042384673,-0.090686865,0.0,nan,nan,0.0,1.6898811,0.0
112370858,0.002046448,-0.13505404,nan,0.0,0.0,0.7,0.0,0.0,0.0,nan,nan,0.0,1.6898341,0.0
112570959,0.0020123287,-0.13557109,nan,0.0,0.0,0.6838792,0.0,0.0,-0.15808,nan,nan,-8.0,1.6897553,0.0
112771376,0.002052897,-0.13614237,nan,0.0,0.0,0.6678116,0.0,0.0,-0.16108,nan,nan,-8.0,1.6896284,0.0
112971248,0.002195884,-0.13660862,nan,0.0,0.0,0.6518312,0.0,0.0,-0.160296,nan,nan,-8.0,1.6896555,0.0
113171330,nan,nan,nan,4.149659e-05,-0.00038149906,0.63581675,-0.009522891,0.08754869,-0.16084,nan,nan,-8.0,1.6895291,0.0
113371364,0.0024680991,-0.13726442,nan,9.73182e-05,-7.400621e-05,0.61968637,-0.061851252,0.047035113,-0.160088,nan,nan,-8.0,1.6894937,0.0
113571305,0.0024541016,-0.13732362,nan,-9.499822e-05,-0.00032173505,0.6035621,0.024144322,0.08177076,-0.157992,nan,nan,-8.0,1.6894993,0.0
113771333,0.0022309988,-0.13728057,nan,-0.00023498514,-0.00024993485,0.5875533,0.05770978,0.06138127,-0.154648,nan,nan,-8.0,1.6893069,0.0
113975165,0.0019433129,-0.13715819,nan,0.0,0.0,0.57089096,0.0,0.0,-0.18772,nan,nan,-8.0,1.6894217,0.0
114171978,0.0017782189,-0.1369483,nan,0.0,0.0,0.5553475,0.0,0.0,-0.163304,nan,nan,-8.0,1.6892706,0.0
114371669,0.0017837287,-0.13666339,nan,0.0,0.0,0.53930193,0.0,0.0,-0.15996,nan,nan,-8.0,1.6892213,0.0
114571799,0.0019424626,-0.13635322,nan,0.0,0.0,0.5232782,0.0,0.0,-0.16064,nan,nan,-8.0,1.6892099,0.0
114771666,0.0019674145,-0.13632536,nan,0.0,0.0,0.36348766,0.0,0.0,-1.598952,nan,nan,-8.0,1.6891997,0.0
114971870,0.0019674145,-0.13632536,nan,0.0,0.0,-0.07421088,0.0,0.0,-2.0314722,nan,nan,8.0,1.6891997,0.0
115172017,0.0019674145,-0.13632536,nan,0.0,0.0,-0.32057384,0.0,0.0,-0.43020013,nan,nan,8.0,1.6891997,0.0
115371899,0.0019674145,-0.13632536,nan,0.0,0.0,-0.30848414,0.0,0.0,0.0,nan,nan,0.0,1.6891997,0.0
115572386,0.0019674145,-0.13632536,nan,0.0,0.0,-0.27939537,0.0,0.0,0.082551524,nan,nan,-8.0,1.6891997,0.0
115772060,0.0019674145,-0.13632536,nan,0.0,0.0,-0.2805562,0.0,0.0,-0.159336,nan,nan,-8.0,1.6891997,0.0
115972135,0.0019674145,-0.13632536,nan,0.0,0.0,-0.27574933,0.0,0.0,0.0,nan,nan,0.0,1.6891997,0.0
116172218,0.0019674145,-0.13632536,nan,0.0,0.0,-0.27574944,0.0,0.0,0.0013960153,nan,nan,-8.0,1.6891997,0.0
116372253,0.0019674145,-0.13632536,nan,0.0,0.0,-0.27728754,0.0,0.0,0.15688056,nan,nan,-8.0,1.6891997,0.0
116572486,0.0019674145,-0.13632536,nan,0.0,0.0,-0.27896944,0.0,0.0,0.00090654194,nan,nan,8.0,1.6891997,0.0
116772418,0.0019674145,-0.13632536,nan,0.0,0.0,-0.27896947,0.0,0.0,0.0,nan,nan,0.0,1.6891997,0.0
116972663,0.0019674145,-0.13632536,nan,0.0,0.0,-0.27890992,0.0,0.0,0.0027199984,nan,nan,8.0,1.6891997,0.0
117172515,0.0019674145,-0.13632536,nan,0.0,0.0,-0.3001074,0.0,0.0,-0.28421232,nan,nan,8.0,1.6891997,0.0
117372578,0.0019674145,-0.13632536,nan,0.0,0.0,-0.3185448,0.0,0.0,0.0,nan,nan,0.0,1.6891997,0.0
117572656,0.0019674145,-0.13632536,nan,0.0,0.0,-0.31536973,0.0,0.0,0.00016799569,nan,nan,-8.0,1.6891997,0.0
117776143,nan,nan,nan,-0.03025595,0.20268321,-0.09576411,0.04679042,-0.31344685,0.05077599,nan,nan,-8.0,1.6922649,0.0
117973017,nan,nan,nan,-0.011102074,0.07437229,-0.23422325,0.08126422,-0.5443854,-1.0653278,nan,nan,8.0,1.6922649,0.0
118171698,nan,nan,nan,-0.0007899311,0.0052917125,-0.30515593,0.024361385,-0.1631958,0.0,nan,nan,0.0,1.6922649,0.0
118362938,-0.028213568,0.03888605,nan,0.0,0.0,-0.30515593,0.0,0.0,0.0,nan,nan,0.0,1.6922649,0.0
118555403,-0.028213568,0.03888605,nan,0.0,0.0,-0.30515593,0.0,0.0,0.0,nan,nan,0.0,1.6922649,0.0
118761459,-0.028213568,0.03888605,nan,0.0,0.0,-0.30515593,0.0,0.0,0.0,nan,nan,0.0,1.6922649,0.0
118962930,-0.028213568,0.03888605,nan,0.0,0.0,-0.30515593,0.0,0.0,0.0,nan,nan,0.0,1.6922649,0.0
119160088,-0.028213568,0.03888605,nan,0.0,0.0,-0.30515593,0.0,0.0,0.0,nan,nan,0.0,1.6922649,0.0
119375014,-0.028213568,0.03888605,nan,0.0,0.0,-0.30184692,0.0,0.0,-0.010376081,nan,nan,-8.0,1.6922649,0.0
119560322,-0.028213568,0.03888605,nan,0.0,0.0,-0.30515593,0.0,0.0,0.0,nan,nan,0.0,1.6922649,0.0
119775153,-0.028213568,0.03888605,nan,0.0,0.0,-0.30297503,0.0,0.0,0.13475047,nan,nan,-8.0,1.6922649,0.0
119961924,-0.028213568,0.03888605,nan,0.0,0.0,-0.30515593,0.0,0.0,0.0,nan,nan,0.0,1.6922649,0.0
120173957,-0.028213568,0.03888605,nan,0.0,0.0,-0.30515593,0.0,0.0,0.0,nan,nan,0.0,1.6922649,0.0
120375380,-0.028213568,0.03888605,nan,0.0,0.0,-0.30515593,0.0,0.0,0.0,nan,nan,0.0,1.6922649,0.0
120575658,-0.028213568,0.03888605,nan,0.0,0.0,-0.30185083,0.0,0.0,0.013041228,nan,nan,-8.0,1.6922649,0.0
120777432,-0.028213568,0.03888605,nan,0.0,0.0,-0.304428,0.0,0.0,-0.102192,nan,nan,-8.0,1.6922649,0.0
120974260,-0.028213568,0.03888605,nan,0.0,0.0,-0.30210924,0.0,0.0,-0.00016799569,nan,nan,-8.0,1.6922649,0.0
121169734,-0.028213568,0.03888605,nan,0.0,0.0,-0.30515593,0.0,0.0,0.0,nan,nan,0.0,1.6922649,0.0
121374269,-0.028213568,0.03888605,nan,0.0,0.0,-0.3031205,0.0,0.0,-0.14312762,nan,nan,-8.0,1.6922649,0.0
121570006,-0.028213568,0.03888605,nan,0.0,0.0,-0.30206764,0.0,0.0,0.026592001,nan,nan,-8.0,1.6922649,0.0
121770060,-0.028213568,0.03888605,nan,0.0,0.0,-0.30211917,0.0,0.0,0.06681186,nan,nan,-8.0,1.6922649,0.0
121974466,-0.028213568,0.03888605,nan,0.0,0.0,-0.30515593,0.0,0.0,0.0,nan,nan,0.0,1.6922649,0.0
122176277,-0.028213568,0.03888605,nan,0.0,0.0,-0.303423,0.0,0.0,0.15913673,nan,nan,-8.0,1.6922649,0.0
122371633,-0.028213568,0.03888605,nan,0.0,0.0,-0.20039159,0.0,0.0,1.27404,nan,nan,8.0,1.6922649,0.0
122573423,-0.028213568,0.03888605,nan,0.0,0.0,-0.0031855297,0.0,0.0,0.2257623,nan,nan,-8.0,1.6922649,0.0
122773336,-0.028213568,0.03888605,nan,0.0,0.0,-0.01570601,0.0,0.0,0.0,nan,nan,0.0,1.6922649,0.0
122970455,-0.028213568,0.03888605,nan,0.0,0.0,-0.047719434,0.0,0.0,-0.022375226,nan,nan,8.0,1.6922649,0.0
123160031,-0.028213568,0.03888605,nan,0.0,0.0,-0.04239434,0.0,0.0,0.0,nan,nan,0.0,1.6922649,0.0
123361611,-0.028213568,0.03888605,nan,0.0,0.0,-0.04239434,0.0,0.0,0.0,nan,nan,0.0,1.6922649,0.0
123578216,-0.028213568,0.03888605,nan,0.0,0.0,-0.024981607,0.0,0.0,0.47287953,nan,nan,8.0,1.6922649,0.0
123770824,-0.028213568,0.03888605,-0.6795889,0.0,0.0,0.0,0.0,0.0,0.0,nan,nan,0.0,1.6922649,0.0
123972412,-0.028213568,0.03888605,-0.6795889,0.0,0.0,0.0,0.0,0.0,0.0,nan,nan,0.0,1.6922649,0.0
124172274,-0.028213568,0.03888605,-0.6795889,0.0,0.0,0.0,0.0,0.0,0.0,nan,nan,0.0,1.6922649,0.0
124370972,-0.028213568,0.03888605,-0.6795889,0.0,0.0,0.0,0.0,0.0,0.0,nan,nan,0.0,1.6922649,0.0
124574125,-0.028213568,0.03888605,-0.6795889,0.0,0.0,0.0,0.0,0.0,0.0,nan,nan,0.0,1.6922649,0.0
124774249,-0.028213568,0.03888605,-0.6795889,0.0,0.0,0.0,0.0,0.0,0.0,nan,nan,0.0,1.6922649,0.0
124971134,-0.028213568,0.03888605,-0.6795889,0.0,0.0,0.0,0.0,0.0,0.0,nan,nan,0.0,1.6922649,0.0
125150222,-0.028213568,0.03888605,-0.6795889,0.0,0.0,0.0,0.0,0.0,0.0,nan,nan,0.0,1.6922649,0.0
125357688,-0.028213568,0.03888605,-0.6795889,0.0,0.0,0.0,0.0,0.0,0.0,nan,nan,0.0,1.6922649,0.0
125575933,-0.028213568,0.03888605,-0.6795889,0.0,0.0,0.0,0.0,0.0,0.0,nan,nan,0.0,1.6922649,0.0
125757738,-0.028213568,0.03888605,-0.6795889,0.0,0.0,0.0,0.0,0.0,0.0,nan,nan,0.0,1.6922649,0.0
125974493,-0.028213568,0.03888605,-0.6795889,0.0,0.0,0.0,0.0,0.0,0.0,nan,nan,0.0,1.6922649,0.0
126173123,-0.028213568,0.03888605,-0.6795889,0.0,0.0,0.0,0.0,0.0,0.0,nan,nan,0.0,1.6922649,0.0
126375965,-0.028213568,0.03888605,-0.6795889,0.0,0.0,0.0,0.0,0.0,0.0,nan,nan,0.0,1.6922649,0.0
126577590,-0.028213568,0.03888605,-0.6795889,0.0,0.0,0.0,0.0,0.0,0.0,nan,nan,0.0,1.6922649,0.0
126777861,-0.028213568,0.03888605,-0.6795889,0.0,0.0,0.0,0.0,0.0,0.0,nan,nan,0.0,1.6922649,0.0
126976162,-0.028213568,0.03888605,-0.6795889,0.0,0.0,0.0,0.0,0.0,0.0,nan,nan,0.0,1.6922649,0.0
127162909,-0.028213568,0.03888605,-0.6795889,0.0,0.0,0.0,0.0,0.0,0.0,nan,nan,0.0,1.6922649,0.0
127350995,-0.028213568,0.03888605,-0.6795889,0.0,0.0,0.0,0.0,0.0,0.0,nan,nan,0.0,1.6922649,0.0
127552584,-0.028213568,0.03888605,-0.6795889,0.0,0.0,0.0,0.0,0.0,0.0,nan,nan,0.0,1.6922649,0.0
127773625,-0.028213568,0.03888605,-0.6795889,0.0,0.0,0.0,0.0,0.0,0.0,nan,nan,0.0,1.6922649,0.0
127973564,-0.028213568,0.03888605,-0.6795889,0.0,0.0,0.0,0.0,0.0,0.0,nan,nan,0.0,1.6922649,0.0
128172334,-0.028213568,0.03888605,-0.6795889,0.0,0.0,0.0,0.0,0.0,0.0,nan,nan,0.0,1.6922649,0.0
128355774,-0.028213568,0.03888605,-0.6795889,0.0,0.0,0.0,0.0,0.0,0.0,nan,nan,0.0,1.6922649,0.0
128393318,-0.028213568,0.03888605,-0.6795889,0.0,0.0,0.0,0.0,0.0,0.0,nan,nan,0.0,1.6922649,0.0
136120478,0.0,0.0,-1.0,0.0,0.0,0.0,0.0,0.0,0.0,0.0,0.0,3.917912e-34,0.0,0.0
136220425,0.0,0.0,-1.0,0.0,0.0,-7.9580786e-13,0.0,-2.3078428e-17,2.2e-44,0.0,0.0,3.917912e-34,0.0,0.0
136320426,0.0,0.0,-1.0,0.0,0.0,-1.3500002e-05,-2.3078428e-17,3.645e-10,2.2e-44,0.0,0.0,3.917912e-34,0.0,0.0
136520425,0.0,0.0,-1.0,0.0,0.0,-6.7500014e-06,4.860001e-10,5.467501e-10,2.2e-44,0.0,0.0,3.917912e-34,0.0,0.0
136720425,0.0,0.0,-1.0,0.0,0.0,-5.3333342e-06,5.832001e-10,6.1733346e-10,2.2e-44,0.0,0.0,3.917912e-34,0.0,0.0
136920425,0.0,0.0,-1.0,0.0,0.0,-3.2500009e-06,6.334287e-10,6.4550015e-10,2.2e-44,0.0,0.0,3.917912e-34,0.0,0.0
137120429,0.0,0.0,-1.0,0.0,0.0,-2.5000006e-06,6.615557e-10,6.6850014e-10,2.2e-44,0.0,0.0,3.917912e-34,0.0,0.0
137320425,0.0,0.0,-1.0,0.0,0.0,-2.0000004e-06,6.796365e-10,6.8400013e-10,2.2e-44,0.0,0.0,3.917912e-34,0.0,0.0
137520426,0.0,0.0,-1.0,0.0,0.0,-2.571429e-06,6.923078e-10,6.994287e-10,2.2e-44,0.0,0.0,3.917912e-34,0.0,0.0
137720426,0.0,0.0,-1.0,0.0,0.0,-2.2500003e-06,7.0560013e-10,7.1100015e-10,2.2e-44,0.0,0.0,3.917912e-34,0.0,0.0
137920443,0.0,0.0,-1.0,0.0,0.0,-2.0555558e-06,7.1247075e-10,7.169446e-10,2.2e-44,0.0,0.0,3.917912e-34,0.0,0.0
138120435,0.0,0.0,-1.0,0.0,0.0,-9.500004e-07,7.1800016e-10,7.189502e-10,2.2e-44,0.0,0.0,3.917912e-34,0.0,0.0
138320425,0.0,0.0,-1.0,0.0,0.0,-8.181821e-07,7.225716e-10,7.232729e-10,2.2e-44,0.0,0.0,3.917912e-34,0.0,0.0
138520425,0.0,0.0,-1.0,0.0,0.0,-1.6666669e-06,7.2643497e-10,7.2933354e-10,2.2e-44,0.0,0.0,3.917912e-34,0.0,0.0
138720425,0.0,0.0,-1.0,0.0,0.0,-5.769234e-07,7.320002e-10,7.3234635e-10,2.2e-44,0.0,0.0,3.917912e-34,0.0,0.0
138920425,0.0,0.0,-1.0,0.0,0.0,-5.000004e-07,7.3474093e-10,7.3500017e-10,2.2e-44,0.0,0.0,3.917912e-34,0.0,0.0
139120426,0.0,0.0,-1.0,0.0,0.0,-4.3333375e-07,7.371726e-10,7.3736683e-10,2.2e-44,0.0,0.0,3.917912e-34,0.0,0.0
139320426,0.0,0.0,-1.0,0.0,0.0,-4.0625036e-07,7.375486e-10,7.3771894e-10,2.2e-44,0.0,0.0,3.917912e-34,0.0,0.0
139520426,0.0,0.0,-1.0,0.0,0.0,-3.8235316e-07,7.37879e-10,7.380296e-10,2.2e-44,0.0,0.0,3.917912e-34,0.0,0.0
139720425,0.0,0.0,-1.0,0.0,0.0,-1.3055559e-06,7.398859e-10,7.4163903e-10,2.2e-44,0.0,0.0,3.917912e-34,0.0,0.0
139920426,0.0,0.0,-1.0,0.0,0.0,-1.2368424e-06,7.432974e-10,7.4486856e-10,2.2e-44,0.0,0.0,3.917912e-34,0.0,0.0
140120425,0.0,0.0,-1.0,0.0,0.0,-1.2000002e-06,7.4492323e-10,7.4640016e-10,2.2e-44,0.0,0.0,3.917912e-34,0.0,0.0
140320425,0.0,0.0,-1.0,0.0,0.0,-1.9047638e-07,7.464392e-10,7.464764e-10,2.2e-44,0.0,0.0,3.917912e-34,0.0,0.0
140520425,0.0,0.0,-1.0,0.0,0.0,-1.5909109e-07,7.4786066e-10,7.478866e-10,2.2e-44,0.0,0.0,3.917912e-34,0.0,0.0
140720425,0.0,0.0,-1.0,0.0,0.0,-1.5217393e-07,7.4791134e-10,7.47935e-10,2.2e-44,0.0,0.0,3.917912e-34,0.0,0.0
140920425,0.0,0.0,-1.0,0.0,0.0,8.541666e-07,7.4923423e-10,7.4997936e-10,2.2e-44,0.0,0.0,3.917912e-34,0.0,0.0
141120425,0.0,0.0,-1.0,0.0,0.0,-1.1200001e-06,7.500002e-10,7.5128015e-10,2.2e-44,0.0,0.0,3.917912e-34,0.0,0.0
141320425,0.0,0.0,-1.0,0.0,0.0,-1.076923e-06,7.5250994e-10,7.5369244e-10,2.2e-44,0.0,0.0,3.917912e-34,0.0,0.0
141520425,0.0,0.0,-1.0,0.0,0.0,-7.407402e-08,7.5369827e-10,7.537039e-10,2.2e-44,0.0,0.0,3.917912e-34,0.0,0.0
141720426,0.0,0.0,-1.0,0.0,0.0,-1.0357143e-06,7.548365e-10,7.559287e-10,2.2e-44,0.0,0.0,3.917912e-34,0.0,0.0
141920426,0.0,0.0,-1.0,0.0,0.0,-1.0172413e-06,7.5593e-10,7.569829e-10,2.2e-44,0.0,0.0,3.917912e-34,0.0,0.0
142120426,0.0,0.0,-1.0,0.0,0.0,-1.6666718e-08,7.569832e-10,7.569835e-10,2.2e-44,0.0,0.0,3.917912e-34,0.0,0.0
142320425,0.0,0.0,-1.0,0.0,0.0,-1e-06,7.5698375e-10,7.5800016e-10,2.2e-44,0.0,0.0,3.917912e-34,0.0,0.0
142520426,0.0,0.0,-1.0,0.0,0.0,-9.6875e-07,7.5898426e-10,7.599376e-10,2.2e-44,0.0,0.0,3.917912e-34,0.0,0.0
142720426,0.0,0.0,-1.0,0.0,0.0,-9.393938e-07,7.6086165e-10,7.617577e-10,2.2e-44,0.0,0.0,3.917912e-34,0.0,0.0
142920425,0.0,0.0,-1.0,0.0,0.0,5.8823844e-08,7.617613e-10,7.617648e-10,2.2e-44,0.0,0.0,3.917912e-34,0.0,0.0
143120426,0.0,0.0,-1.0,0.0,0.0,-9.142856e-07,7.626378e-10,7.6348583e-10,2.2e-44,0.0,0.0,3.917912e-34,0.0,0.0
143320425,0.0,0.0,-1.0,0.0,0.0,8.333336e-08,7.6349305e-10,7.635001e-10,2.2e-44,0.0,0.0,3.917912e-34,0.0,0.0
143520426,0.0,0.0,-1.0,0.0,0.0,9.459461e-08,7.643289e-10,7.643379e-10,2.2e-44,0.0,0.0,3.917912e-34,0.0,0.0
143720426,0.0,0.0,-1.0,0.0,0.0,-8.947368e-07,7.6434675e-10,7.65158e-10,2.2e-44,0.0,0.0,3.917912e-34,0.0,0.0
143920425,0.0,0.0,-1.0,0.0,0.0,1.0256417e-07,7.6516893e-10,7.651796e-10,2.2e-44,0.0,0.0,3.917912e-34,0.0,0.0
144120427,0.0,0.0,-1.0,0.0,0.0,0.0,0.0,1.1250006e-07,7.659748e-10,7.659876e-10,2.2e-44,3.917912e-34,0.0,0.0
144320431,0.0,0.0,-1.0,0.0,0.0,0.0,0.0,1.219513e-07,7.6676554e-10,7.667806e-10,2.2e-44,3.917912e-34,0.0,0.0
144520426,0.0,0.0,-1.0,0.0,0.0,1.3095246e-07,7.6754225e-10,7.675596e-10,2.2e-44,0.0,0.0,3.917912e-34,0.0,0.0
144720425,0.0,0.0,-1.0,0.0,0.0,1.2790713e-07,7.6757656e-10,7.675931e-10,2.2e-44,0.0,0.0,3.917912e-34,0.0,0.0
144920426,0.0,0.0,-1.0,0.0,0.0,-8.522725e-07,7.683449e-10,7.690796e-10,2.2e-44,0.0,0.0,3.917912e-34,0.0,0.0
145120426,0.0,0.0,-1.0,0.0,0.0,1.5555577e-07,7.697978e-10,7.6982226e-10,2.2e-44,0.0,0.0,3.917912e-34,0.0,0.0
145320427,0.0,0.0,-1.0,0.0,0.0,1.6304364e-07,7.7052753e-10,7.705544e-10,2.2e-44,0.0,0.0,3.917912e-34,0.0,0.0
145520427,0.0,0.0,-1.0,0.0,0.0,-8.191488e-07,7.7124734e-10,7.719256e-10,2.2e-44,0.0,0.0,3.917912e-34,0.0,0.0
145720428,0.0,0.0,-1.0,0.0,0.0,0.0,0.0,1.770835e-07,7.7195794e-10,7.7198964e-10,2.2e-44,3.917912e-34,0.0,0.0
145920426,0.0,0.0,-1.0,0.0,0.0,1.7346963e-07,7.7202067e-10,7.720511e-10,2.2e-44,0.0,0.0,3.917912e-34,0.0,0.0
146120425,0.0,0.0,-1.0,0.0,0.0,-8.1999974e-07,7.720809e-10,7.727601e-10,2.2e-44,0.0,0.0,3.917912e-34,0.0,0.0
146320425,0.5,0.5,-1.0,0.0,0.0,-8.1372525e-07,7.7279216e-10,7.7346085e-10,2.2e-44,0.0,0.0,3.917912e-34,0.0,0.0
146520426,0.5,0.5,-1.0,0.0,0.0,-7.980767e-07,7.7411655e-10,7.7475965e-10,2.2e-44,0.0,0.0,3.917912e-34,0.0,0.0
146720425,0.5,0.5,-1.0,0.0,0.0,-7.924526e-07,7.7480006e-10,7.75434e-10,2.2e-44,0.0,0.0,3.917912e-34,0.0,0.0
146920427,0.5,0.5,-1.0,0.0,0.0,-7.777776e-07,7.760561e-10,7.766667e-10,2.2e-44,0.0,0.0,3.917912e-34,0.0,0.0
147120427,0.5,0.5,-1.0,0.0,0.0,0.0,0.0,2.1818198e-07,7.767156e-10,7.767636e-10,2.2e-44,3.917912e-34,0.0,0.0
147320425,0.5,0.5,-1.0,0.0,0.0,2.1428582e-07,7.768108e-10,7.7685713e-10,2.2e-44,0.0,0.0,3.917912e-34,0.0,0.0
147520425,0.5,0.5,-1.0,0.0,0.0,2.1052642e-07,7.7690265e-10,7.7694734e-10,2.2e-44,0.0,0.0,3.917912e-34,0.0,0.0
147720427,0.5,0.5,-1.0,0.0,0.0,1.9827598e-07,7.7839996e-10,7.784396e-10,2.2e-44,0.0,0.0,3.917912e-34,0.0,0.0
147920425,0.5,0.5,-1.0,0.0,0.0,-7.881355e-07,7.7907686e-10,7.797033e-10,2.2e-44,0.0,0.0,3.917912e-34,0.0,0.0
148120425,0.5,0.5,-1.0,0.0,0.0,-7.8333323e-07,7.797478e-10,7.803666e-10,2.2e-44,0.0,0.0,3.917912e-34,0.0,0.0
148320425,0.5,0.5,-1.0,0.0,0.0,-7.7868845e-07,7.804132e-10,7.810245e-10,2.2e-44,0.0,0.0,3.917912e-34,0.0,0.0
148520427,0.5,0.5,-1.0,0.0,0.0,-7.741935e-07,7.810731e-10,7.8167733e-10,2.2e-44,0.0,0.0,3.917912e-34,0.0,0.0
148720426,0.5,0.5,-1.0,0.0,0.0,-7.698412e-07,7.817279e-10,7.823253e-10,2.2e-44,0.0,0.0,3.917912e-34,0.0,0.0
148920427,0.5,0.5,-1.0,0.0,0.0,-7.656249e-07,7.823779e-10,7.829687e-10,2.2e-44,0.0,0.0,3.917912e-34,0.0,0.0
149120426,0.5,0.5,-1.0,0.0,0.0,-7.5384617e-07,7.8355034e-10,7.8412304e-10,2.2e-44,0.0,0.0,3.917912e-34,0.0,0.0
149320425,0.5,0.5,-1.0,0.0,0.0,-7.5e-07,7.8418316e-10,7.8474993e-10,2.2e-44,0.0,0.0,3.917912e-34,0.0,0.0
149520426,0.5,0.5,-1.0,0.0,0.0,2.4626866e-07,7.8481194e-10,7.8487306e-10,2.2e-44,0.0,0.0,3.917912e-34,0.0,0.0
149720426,0.5,0.5,-1.0,0.0,0.0,-7.5e-07,7.8493323e-10,7.854999e-10,2.2e-44,0.0,0.0,3.917912e-34,0.0,0.0
149920446,0.5,0.5,-1.0,0.0,0.0,2.5362317e-07,7.860583e-10,7.8612306e-10,2.2e-44,0.0,0.0,3.917912e-34,0.0,0.0
150120426,0.5,0.5,-1.0,0.0,0.0,2.5714291e-07,7.866761e-10,7.867427e-10,2.2e-44,0.0,0.0,3.917912e-34,0.0,0.0
150320426,0.5,0.5,-1.0,0.0,0.0,-7.394366e-07,7.868084e-10,7.8735907e-10,2.2e-44,0.0,0.0,3.917912e-34,0.0,0.0
150520425,0.5,0.5,-1.0,0.0,0.0,-7.3611113e-07,7.874265e-10,7.879722e-10,2.2e-44,0.0,0.0,3.917912e-34,0.0,0.0
150720425,0.5,0.5,-1.0,0.0,0.0,-7.2602745e-07,7.885103e-10,7.8904105e-10,2.2e-44,0.0,0.0,3.917912e-34,0.0,0.0
150920425,0.5,0.5,-1.0,0.0,0.0,-7.162163e-07,7.895646e-10,7.9008106e-10,2.2e-44,0.0,0.0,3.917912e-34,0.0,0.0
151120428,0.5,0.5,-1.0,0.0,0.0,0.0,0.0,-7.066668e-07,7.905906e-10,7.910933e-10,2.2e-44,3.917912e-34,0.0,0.0
151320426,0.5,0.5,-1.0,0.0,0.0,2.8947363e-07,7.911788e-10,7.9126317e-10,2.2e-44,0.0,0.0,3.917912e-34,0.0,0.0
151520425,0.5,0.5,-1.0,0.0,0.0,-7.077922e-07,7.9134643e-10,7.918507e-10,2.2e-44,0.0,0.0,3.917912e-34,0.0,0.0
151720425,0.5,0.5,-1.0,0.0,0.0,2.884616e-07,7.919355e-10,7.920193e-10,2.2e-44,0.0,0.0,3.917912e-34,0.0,0.0
151920425,0.5,0.5,-1.0,0.0,0.0,2.9113937e-07,7.925223e-10,7.9260765e-10,2.2e-44,0.0,0.0,3.917912e-34,0.0,0.0
152120425,0.5,0.5,-1.0,0.0,0.0,-6.999999e-07,7.9310697e-10,7.936001e-10,2.2e-44,0.0,0.0,3.917912e-34,0.0,0.0
152320463,0.5,0.5,-1.0,0.0,0.0,3.024693e-07,7.94087e-10,7.9417906e-10,2.2e-44,0.0,0.0,3.917912e-34,0.0,0.0
152520426,0.5,0.5,-1.0,0.0,0.0,3.048782e-07,7.946626e-10,7.9475615e-10,2.2e-44,0.0,0.0,3.917912e-34,0.0,0.0
152720425,0.5,0.5,-1.0,0.0,0.0,-6.8674683e-07,7.9523643e-10,7.957109e-10,2.2e-44,0.0,0.0,3.917912e-34,0.0,0.0
152920462,0.5,0.5,-1.0,0.0,0.0,3.09524e-07,7.958084e-10,7.959048e-10,2.2e-44,0.0,0.0,3.917912e-34,0.0,0.0
153120426,0.5,0.5,-1.0,0.0,0.0,3.058825e-07,7.9600004e-10,7.9609414e-10,2.2e-44,0.0,0.0,3.917912e-34,0.0,0.0
153320428,0.5,0.5,-1.0,0.0,0.0,0.0,0.0,-6.9186024e-07,7.9618717e-10,7.966686e-10,2.2e-44,3.917912e-34,0.0,0.0
153520426,0.5,0.5,-1.0,0.0,0.0,3.0459796e-07,7.9676304e-10,7.9685636e-10,2.2e-44,0.0,0.0,3.917912e-34,0.0,0.0
153720425,0.5,0.5,-1.0,0.0,0.0,-6.874998e-07,7.973372e-10,7.9781254e-10,2.2e-44,0.0,0.0,3.917912e-34,0.0,0.0
153920426,0.5,0.5,-1.0,0.0,0.0,-6.79775e-07,7.9828255e-10,7.9874724e-10,2.2e-44,0.0,0.0,3.917912e-34,0.0,0.0
154120426,0.5,0.5,-1.0,0.0,0.0,0.0,0.0,-6.8333304e-07,8.004805e-10,8.009501e-10,2.2e-44,3.917912e-34,0.0,0.0
154320426,0.5,0.5,-1.0,0.0,0.0,-6.758239e-07,8.0141443e-10,8.018737e-10,2.2e-44,0.0,0.0,3.917912e-34,0.0,0.0
154520426,0.5,0.5,-1.0,0.0,0.0,3.2608716e-07,8.023279e-10,8.0243484e-10,2.2e-44,0.0,0.0,3.917912e-34,0.0,0.0
154720426,0.5,0.5,-1.0,0.0,0.0,3.279572e-07,8.0288654e-10,8.0299467e-10,2.2e-44,0.0,0.0,3.917912e-34,0.0,0.0
154920425,0.5,0.5,-1.0,0.0,0.0,3.2446837e-07,8.0310164e-10,8.032075e-10,2.2e-44,0.0,0.0,3.917912e-34,0.0,0.0
155120425,0.5,0.5,-1.0,0.0,0.0,-6.6842085e-07,8.036614e-10,8.0411056e-10,2.2e-44,0.0,0.0,3.917912e-34,0.0,0.0
155320427,0.5,0.5,-1.0,0.0,0.0,3.3333356e-07,8.04555e-10,8.0466667e-10,2.2e-44,0.0,0.0,3.917912e-34,0.0,0.0
155520458,0.5,0.5,-1.0,0.0,0.0,3.2989715e-07,8.047772e-10,8.048866e-10,2.2e-44,0.0,0.0,3.917912e-34,0.0,0.0
155720425,0.5,0.5,-1.0,0.0,0.0,3.2653088e-07,8.0499485e-10,8.0510204e-10,2.2e-44,0.0,0.0,3.917912e-34,0.0,0.0
155920425,0.5,0.5,-1.0,0.0,0.0,3.2828314e-07,8.055533e-10,8.056616e-10,2.2e-44,0.0,0.0,3.917912e-34,0.0,0.0
156120425,0.5,0.5,-1.0,0.0,0.0,3.3000038e-07,8.061105e-10,8.0622e-10,2.2e-44,0.0,0.0,3.917912e-34,0.0,0.0
156320427,0.5,-0.5,-1.0,0.0,0.0,3.316835e-07,8.066666e-10,8.067772e-10,2.2e-44,0.0,0.0,3.917912e-34,0.0,0.0
156520425,0.5,-0.5,-1.0,0.0,0.0,-6.666663e-07,8.0688667e-10,8.073333e-10,2.2e-44,0.0,0.0,3.917912e-34,0.0,0.0
156720426,0.5,-0.5,-1.0,0.0,0.0,3.3495178e-07,8.0777557e-10,8.078883e-10,2.2e-44,0.0,0.0,3.917912e-34,0.0,0.0
156920426,0.5,-0.5,-1.0,0.0,0.0,3.3173114e-07,8.0799994e-10,8.081105e-10,2.2e-44,0.0,0.0,3.917912e-34,0.0,0.0
157120426,0.5,-0.5,-1.0,0.0,0.0,3.285719e-07,8.0822005e-10,8.083285e-10,2.2e-44,0.0,0.0,3.917912e-34,0.0,0.0
157320425,0.5,-0.5,-1.0,0.0,0.0,3.2547223e-07,8.08436e-10,8.085424e-10,2.2e-44,0.0,0.0,3.917912e-34,0.0,0.0
157520445,0.5,-0.5,-1.0,0.0,0.0,-6.6822383e-07,8.0899526e-10,8.094439e-10,2.2e-44,0.0,0.0,3.917912e-34,0.0,0.0
157720427,0.5,-0.5,-1.0,0.0,0.0,3.2870412e-07,8.095535e-10,8.09662e-10,2.2e-44,0.0,0.0,3.917912e-34,0.0,0.0
157920426,0.5,-0.5,-1.0,0.0,0.0,3.2568846e-07,8.0976953e-10,8.098761e-10,2.2e-44,0.0,0.0,3.917912e-34,0.0,0.0
158120433,0.5,-0.5,-1.0,0.0,0.0,-6.7272686e-07,8.099817e-10,8.1043633e-10,2.2e-44,0.0,0.0,3.917912e-34,0.0,0.0
158320426,0.5,-0.5,-1.0,0.0,0.0,0.0,0.0,-6.666663e-07,8.1088686e-10,8.1133333e-10,2.2e-44,3.917912e-34,0.0,0.0
158520428,0.5,-0.5,-1.0,0.0,0.0,0.0,0.0,-6.6517816e-07,8.1144397e-10,8.118884e-10,2.2e-44,3.917912e-34,0.0,0.0
158720428,0.5,-0.5,-1.0,0.0,0.0,3.318588e-07,8.12e-10,8.1211066e-10,2.2e-44,0.0,0.0,3.917912e-34,0.0,0.0
158920426,0.5,-0.5,-1.0,0.0,0.0,3.333338e-07,8.125551e-10,8.1266666e-10,2.2e-44,0.0,0.0,3.917912e-34,0.0,0.0
159120425,0.5,-0.5,-1.0,0.0,0.0,3.3478307e-07,8.1310914e-10,8.132217e-10,2.2e-44,0.0,0.0,3.917912e-34,0.0,0.0
159320425,0.5,-0.5,-1.0,0.0,0.0,-6.6379266e-07,8.133333e-10,8.137758e-10,2.2e-44,0.0,0.0,3.917912e-34,0.0,0.0
159520426,0.5,-0.5,-1.0,0.0,0.0,-6.5811923e-07,8.1421453e-10,8.146495e-10,2.2e-44,0.0,0.0,3.917912e-34,0.0,0.0
159720426,0.5,-0.5,-1.0,0.0,0.0,0.0,0.0,1.3389836e-06,8.150808e-10,8.168813e-10,2.2e-44,3.917912e-34,0.0,0.0
159920425,0.5,-0.5,-1.0,0.0,0.0,3.3613503e-07,8.169957e-10,8.1710916e-10,2.2e-44,0.0,0.0,3.917912e-34,0.0,0.0
160120425,0.5,-0.5,-1.0,0.0,0.0,3.333339e-07,8.172217e-10,8.1733326e-10,2.2e-44,0.0,0.0,3.917912e-34,0.0,0.0
160320426,0.5,-0.5,-1.0,0.0,0.0,3.3471133e-07,8.1777585e-10,8.1788837e-10,2.2e-44,0.0,0.0,3.917912e-34,0.0,0.0
160520425,0.5,-0.5,-1.0,0.0,0.0,3.3196773e-07,8.1799995e-10,8.181106e-10,2.2e-44,0.0,0.0,3.917912e-34,0.0,0.0
160720425,0.5,-0.5,-1.0,0.0,0.0,3.292688e-07,8.182203e-10,8.183292e-10,2.2e-44,0.0,0.0,3.917912e-34,0.0,0.0
160920426,0.5,-0.5,-1.0,0.0,0.0,3.2661342e-07,8.1843715e-10,8.1854423e-10,2.2e-44,0.0,0.0,3.917912e-34,0.0,0.0
161120425,0.5,-0.5,-1.0,0.0,0.0,-6.719995e-07,8.186505e-10,8.191039e-10,2.2e-44,0.0,0.0,3.917912e-34,0.0,0.0
161320426,0.5,-0.5,-1.0,0.0,0.0,3.2936566e-07,8.195537e-10,8.196626e-10,2.2e-44,0.0,0.0,3.917912e-34,0.0,0.0
161520426,0.5,-0.5,-1.0,0.0,0.0,3.2677224e-07,8.197707e-10,8.198779e-10,2.2e-44,0.0,0.0,3.917912e-34,0.0,0.0
161720426,0.5,-0.5,-1.0,0.0,0.0,3.242193e-07,8.1998425e-10,8.200898e-10,2.2e-44,0.0,0.0,3.917912e-34,0.0,0.0
161920425,0.5,-0.5,-1.0,0.0,0.0,3.217059e-07,8.2019447e-10,8.202984e-10,2.2e-44,0.0,0.0,3.917912e-34,0.0,0.0
162120425,0.5,-0.5,-1.0,0.0,0.0,-6.7307644e-07,8.207567e-10,8.212115e-10,2.2e-44,0.0,0.0,3.917912e-34,0.0,0.0
162320427,0.5,-0.5,-1.0,0.0,0.0,-6.6793837e-07,8.216628e-10,8.2211066e-10,2.2e-44,0.0,0.0,3.917912e-34,0.0,0.0
162520426,0.5,-0.5,-1.0,0.0,0.0,3.2954597e-07,8.222205e-10,8.2232954e-10,2.2e-44,0.0,0.0,3.917912e-34,0.0,0.0
162720425,0.5,-0.5,-1.0,0.0,0.0,3.3082756e-07,8.2277735e-10,8.228872e-10,2.2e-44,0.0,0.0,3.917912e-34,0.0,0.0
162920426,0.5,-0.5,-1.0,0.0,0.0,3.2835862e-07,8.229962e-10,8.231045e-10,2.2e-44,0.0,0.0,3.917912e-34,0.0,0.0
163120426,0.5,-0.5,-1.0,0.0,0.0,-6.666663e-07,8.235539e-10,8.24e-10,2.2e-44,0.0,0.0,3.917912e-34,0.0,0.0
163320426,0.5,-0.5,-1.0,0.0,0.0,-6.654408e-07,8.2411067e-10,8.245551e-10,2.2e-44,0.0,0.0,3.917912e-34,0.0,0.0
163520426,0.5,-0.5,-1.0,0.0,0.0,3.321171e-07,8.246666e-10,8.247773e-10,2.2e-44,0.0,0.0,3.917912e-34,0.0,0.0
163720426,0.5,-0.5,-1.0,0.0,0.0,3.3333367e-07,8.252217e-10,8.2533325e-10,2.2e-44,0.0,0.0,3.917912e-34,0.0,0.0
163920427,0.5,-0.5,-1.0,0.0,0.0,3.3093556e-07,8.2544394e-10,8.2555385e-10,2.2e-44,0.0,0.0,3.917912e-34,0.0,0.0
164120425,0.5,-0.5,-1.0,0.0,0.0,-6.6785674e-07,8.25663e-10,8.261106e-10,2.2e-44,0.0,0.0,3.917912e-34,0.0,0.0
164320425,0.5,-0.5,-1.0,0.0,0.0,3.2978767e-07,8.2622054e-10,8.2632967e-10,2.2e-44,0.0,0.0,3.917912e-34,0.0,0.0
164520426,0.5,-0.5,-1.0,0.0,0.0,3.3098627e-07,8.2677726e-10,8.2688717e-10,2.2e-44,0.0,0.0,3.917912e-34,0.0,0.0
164720426,0.5,-0.5,-1.0,0.0,0.0,-6.643353e-07,8.273332e-10,8.2777607e-10,2.2e-44,0.0,0.0,3.917912e-34,0.0,0.0
164920437,0.5,-0.5,-1.0,0.0,0.0,0.0,0.0,3.3333367e-07,8.2788837e-10,8.279999e-10,2.2e-44,3.917912e-34,0.0,0.0
165120425,0.5,-0.5,-1.0,0.0,0.0,-6.6551684e-07,8.2811064e-10,8.2855506e-10,2.2e-44,0.0,0.0,3.917912e-34,0.0,0.0
165320425,0.5,-0.5,-1.0,0.0,0.0,-6.6095845e-07,8.289964e-10,8.294348e-10,2.2e-44,0.0,0.0,3.917912e-34,0.0,0.0
165520425,0.5,-0.5,-1.0,0.0,0.0,3.3673518e-07,8.295494e-10,8.2966317e-10,2.2e-44,0.0,0.0,3.917912e-34,0.0,0.0
165720426,0.5,-0.5,-1.0,0.0,0.0,3.3445986e-07,8.297762e-10,8.2988844e-10,2.2e-44,0.0,0.0,3.917912e-34,0.0,0.0
165920427,0.5,-0.5,-1.0,0.0,0.0,3.3557092e-07,8.3032986e-10,8.304428e-10,2.2e-44,0.0,0.0,3.917912e-34,0.0,0.0
166120426,0.5,-0.5,-1.0,0.0,0.0,-6.599996e-07,8.308828e-10,8.3131985e-10,2.2e-44,0.0,0.0,3.917912e-34,0.0,0.0
166320425,-0.5,-0.5,-1.0,0.0,0.0,3.377487e-07,8.314351e-10,8.3154955e-10,2.2e-44,0.0,0.0,3.917912e-34,0.0,0.0
166520425,-0.5,-0.5,-1.0,0.0,0.0,3.355267e-07,8.3166324e-10,8.317762e-10,2.2e-44,0.0,0.0,3.917912e-34,0.0,0.0
166720425,-0.5,-0.5,-1.0,0.0,0.0,0.0,0.0,3.333338e-07,8.318884e-10,8.3199986e-10,2.2e-44,3.917912e-34,0.0,0.0
166920425,-0.5,-0.5,-1.0,0.0,0.0,-6.65584e-07,8.321106e-10,8.32555e-10,2.2e-44,0.0,0.0,3.917912e-34,0.0,0.0
167120425,-0.5,-0.5,-1.0,0.0,0.0,-6.6128996e-07,8.329966e-10,8.334353e-10,2.2e-44,0.0,0.0,3.917912e-34,0.0,0.0
167320425,-0.5,-0.5,-1.0,0.0,0.0,-6.602561e-07,8.335497e-10,8.33987e-10,2.2e-44,0.0,0.0,3.917912e-34,0.0,0.0
167520426,-0.5,-0.5,-1.0,0.0,0.0,3.407647e-07,8.3442153e-10,8.3453805e-10,2.2e-44,0.0,0.0,3.917912e-34,0.0,0.0
167720425,-0.5,-0.5,-1.0,0.0,0.0,3.3860795e-07,8.346538e-10,8.347688e-10,2.2e-44,0.0,0.0,3.917912e-34,0.0,0.0
167920426,-0.5,-0.5,-1.0,0.0,0.0,3.3647825e-07,8.348831e-10,8.349967e-10,2.2e-44,0.0,0.0,3.917912e-34,0.0,0.0
168120425,-0.5,-0.5,-1.0,0.0,0.0,-6.593747e-07,8.3543555e-10,8.358717e-10,2.2e-44,0.0,0.0,3.917912e-34,0.0,0.0
168320425,-0.5,-0.5,-1.0,0.0,0.0,3.416152e-07,8.3630514e-10,8.364222e-10,2.2e-44,0.0,0.0,3.917912e-34,0.0,0.0
168520425,-0.5,-0.5,-1.0,0.0,0.0,3.395064e-07,8.3653856e-10,8.366542e-10,2.2e-44,0.0,0.0,3.917912e-34,0.0,0.0
168720426,-0.5,-0.5,-1.0,0.0,0.0,3.4049106e-07,8.370891e-10,8.372054e-10,2.2e-44,0.0,0.0,3.917912e-34,0.0,0.0
168920425,-0.5,-0.5,-1.0,0.0,0.0,3.384149e-07,8.37321e-10,8.3743584e-10,2.2e-44,0.0,0.0,3.917912e-34,0.0,0.0
169120425,-0.5,-0.5,-1.0,0.0,0.0,-6.606058e-07,8.3755003e-10,8.3798773e-10,2.2e-44,0.0,0.0,3.917912e-34,0.0,0.0
169320426,-0.5,-0.5,-1.0,0.0,0.0,3.4036168e-07,8.3842283e-10,8.38539e-10,2.2e-44,0.0,0.0,3.917912e-34,0.0,0.0
169520426,-0.5,-0.5,-1.0,0.0,0.0,3.383235e-07,8.3865453e-10,8.3876933e-10,2.2e-44,0.0,0.0,3.917912e-34,0.0,0.0
169720425,-0.5,-0.5,-1.0,0.0,0.0,-6.6071414e-07,8.3888346e-10,8.3932133e-10,2.2e-44,0.0,0.0,3.917912e-34,0.0,0.0
169920426,-0.5,-0.5,-1.0,0.0,0.0,-6.568047e-07,8.397566e-10,8.4018925e-10,2.2e-44,0.0,0.0,3.917912e-34,0.0,0.0
170120427,-0.5,-0.5,-1.0,0.0,0.0,3.4117647e-07,8.403067e-10,8.4042345e-10,2.2e-44,0.0,0.0,3.917912e-34,0.0,0.0
170320425,-0.5,-0.5,-1.0,0.0,0.0,3.3918127e-07,8.405395e-10,8.4065493e-10,2.2e-44,0.0,0.0,3.917912e-34,0.0,0.0
170520425,-0.5,-0.5,-1.0,0.0,0.0,-6.5988377e-07,8.407696e-10,8.412063e-10,2.2e-44,0.0,0.0,3.917912e-34,0.0,0.0
170720426,-0.5,-0.5,-1.0,0.0,0.0,3.410404e-07,8.4164054e-10,8.4175716e-10,2.2e-44,0.0,0.0,3.917912e-34,0.0,0.0
170920426,-0.5,-0.5,-1.0,0.0,0.0,3.4195398e-07,8.4219015e-10,8.4230745e-10,2.2e-44,0.0,0.0,3.917912e-34,0.0,0.0
171120426,-0.5,-0.5,-1.0,0.0,0.0,3.428571e-07,8.427392e-10,8.428571e-10,2.2e-44,0.0,0.0,3.917912e-34,0.0,0.0
171320426,-0.5,-0.5,-1.0,0.0,0.0,-6.5625e-07,8.4297436e-10,8.4340623e-10,2.2e-44,0.0,0.0,3.917912e-34,0.0,0.0
171520425,-0.5,-0.5,-1.0,0.0,0.0,3.418079e-07,8.435241e-10,8.4364127e-10,2.2e-44,0.0,0.0,3.917912e-34,0.0,0.0
171720426,-0.5,-0.5,-1.0,0.0,0.0,0.0,0.0,-6.5449433e-07,8.4407326e-10,8.445028e-10,2.2e-44,3.917912e-34,0.0,0.0
171920426,-0.5,-0.5,-1.0,0.0,0.0,3.4636878e-07,8.4492996e-10,8.4505025e-10,2.2e-44,0.0,0.0,3.917912e-34,0.0,0.0
172120426,-0.5,-0.5,-1.0,0.0,0.0,0.0,0.0,-6.5277777e-07,8.451699e-10,8.455972e-10,2.2e-44,3.917912e-34,0.0,0.0
172320426,-0.5,-0.5,-1.0,0.0,0.0,-6.4917117e-07,8.4602214e-10,8.4644475e-10,2.2e-44,0.0,0.0,3.917912e-34,0.0,0.0
172520426,-0.5,-0.5,-1.0,0.0,0.0,0.0,0.0,0.0,0.0,0.0,0.0,0.0,0.0,0.0
172720426,-0.5,-0.5,-1.0,0.0,0.0,-6.448088e-07,8.474082e-10,8.4782514e-10,2.2e-44,0.0,0.0,3.917912e-34,0.0,0.0
172920426,-0.5,-0.5,-1.0,0.0,0.0,3.5326082e-07,8.47951e-10,8.480761e-10,2.2e-44,0.0,0.0,3.917912e-34,0.0,0.0
173120426,-0.5,-0.5,-1.0,0.0,0.0,3.54054e-07,8.484932e-10,8.486189e-10,2.2e-44,0.0,0.0,3.917912e-34,0.0,0.0
173320425,-0.5,-0.5,-1.0,0.0,0.0,3.5215055e-07,8.487439e-10,8.4886825e-10,2.2e-44,0.0,0.0,3.917912e-34,0.0,0.0
173520429,-0.5,-0.5,-1.0,0.0,0.0,3.5026744e-07,8.4899193e-10,8.4911495e-10,2.2e-44,0.0,0.0,3.917912e-34,0.0,0.0
173720425,-0.5,-0.5,-1.0,0.0,0.0,-6.4893607e-07,8.492373e-10,8.496595e-10,2.2e-44,0.0,0.0,3.917912e-34,0.0,0.0
173920425,-0.5,-0.5,-1.0,0.0,0.0,3.51852e-07,8.500795e-10,8.5020363e-10,2.2e-44,0.0,0.0,3.917912e-34,0.0,0.0
174120425,-0.5,-0.5,-1.0,0.0,0.0,3.526318e-07,8.5062263e-10,8.507473e-10,2.2e-44,0.0,0.0,3.917912e-34,0.0,0.0
174320425,-0.5,-0.5,-1.0,0.0,0.0,-6.4397886e-07,8.511653e-10,8.515811e-10,2.2e-44,0.0,0.0,3.917912e-34,0.0,0.0
174520426,-0.5,-0.5,-1.0,0.0,0.0,-6.4062476e-07,8.519947e-10,8.5240615e-10,2.2e-44,0.0,0.0,3.917912e-34,0.0,0.0
174720425,-0.5,-0.5,-1.0,0.0,0.0,3.5751316e-07,8.52535e-10,8.5266316e-10,2.2e-44,0.0,0.0,3.917912e-34,0.0,0.0
174920448,-0.5,-0.5,-1.0,0.0,0.0,-6.417524e-07,8.5279067e-10,8.5320356e-10,2.2e-44,0.0,0.0,3.917912e-34,0.0,0.0
175120426,-0.5,-0.5,-1.0,0.0,0.0,3.589745e-07,8.5361435e-10,8.537435e-10,2.2e-44,0.0,0.0,3.917912e-34,0.0,0.0
175320426,-0.5,-0.5,-1.0,0.0,0.0,3.57143e-07,8.5387203e-10,8.539999e-10,2.2e-44,0.0,0.0,3.917912e-34,0.0,0.0
175520426,-0.5,-0.5,-1.0,0.0,0.0,3.578681e-07,8.5441215e-10,8.5454055e-10,2.2e-44,0.0,0.0,3.917912e-34,0.0,0.0
175720425,-0.5,-0.5,-1.0,0.0,0.0,3.560607e-07,8.546683e-10,8.547954e-10,2.2e-44,0.0,0.0,3.917912e-34,0.0,0.0
175920430,-0.5,-0.5,-1.0,0.0,0.0,3.542715e-07,8.5492186e-10,8.550477e-10,2.2e-44,0.0,0.0,3.917912e-34,0.0,0.0
176120425,-0.5,-0.5,-1.0,0.0,0.0,-6.424999e-07,8.5546364e-10,8.558775e-10,2.2e-44,0.0,0.0,3.917912e-34,0.0,0.0
176320426,-0.5,0.5,-1.0,0.0,0.0,3.5572145e-07,8.56005e-10,8.5613183e-10,2.2e-44,0.0,0.0,3.917912e-34,0.0,0.0
176520425,-0.5,0.5,-1.0,0.0,0.0,-6.4356425e-07,8.5625806e-10,8.566733e-10,2.2e-44,0.0,0.0,3.917912e-34,0.0,0.0
176720425,-0.5,0.5,-1.0,0.0,0.0,3.5467997e-07,8.568e-10,8.5692614e-10,2.2e-44,0.0,0.0,3.917912e-34,0.0,0.0
176920425,-0.5,0.5,-1.0,0.0,0.0,3.5539233e-07,8.5734153e-10,8.5746815e-10,2.2e-44,0.0,0.0,3.917912e-34,0.0,0.0
177120468,-0.5,0.5,-1.0,0.0,0.0,3.5609776e-07,8.5788265e-10,8.580098e-10,2.2e-44,0.0,0.0,3.917912e-34,0.0,0.0
177320425,-0.5,0.5,-1.0,0.0,0.0,-6.4320363e-07,8.581363e-10,8.58551e-10,2.2e-44,0.0,0.0,3.917912e-34,0.0,0.0
177520425,-0.5,0.5,-1.0,0.0,0.0,3.5748815e-07,8.5896373e-10,8.5909185e-10,2.2e-44,0.0,0.0,3.917912e-34,0.0,0.0
177720425,-0.5,0.5,-1.0,0.0,0.0,3.5817322e-07,8.595037e-10,8.596323e-10,2.2e-44,0.0,0.0,3.917912e-34,0.0,0.0
177920426,-0.5,0.5,-1.0,0.0,0.0,-6.3875575e-07,8.6004326e-10,8.6045226e-10,2.2e-44,0.0,0.0,3.917912e-34,0.0,0.0
178120425,-0.5,0.5,-1.0,0.0,0.0,-6.38095e-07,8.6058244e-10,8.6099056e-10,2.2e-44,0.0,0.0,3.917912e-34,0.0,0.0
178320425,-0.5,0.5,-1.0,0.0,0.0,-6.374405e-07,8.6112123e-10,8.615285e-10,2.2e-44,0.0,0.0,3.917912e-34,0.0,0.0
178520430,-0.5,0.5,-1.0,0.0,0.0,0.0,0.0,1.3584909e-06,8.6165963e-10,8.635095e-10,2.2e-44,3.917912e-34,0.0,0.0
178720426,-0.5,0.5,-1.0,0.0,0.0,3.5680773e-07,8.636377e-10,8.6376534e-10,2.2e-44,0.0,0.0,3.917912e-34,0.0,0.0
178920425,-0.5,0.5,-1.0,0.0,0.0,-6.401866e-07,8.6417806e-10,8.6458884e-10,2.2e-44,0.0,0.0,3.917912e-34,0.0,0.0
179120426,-0.5,0.5,-1.0,0.0,0.0,-6.3720904e-07,8.6499774e-10,8.6540475e-10,2.2e-44,0.0,0.0,3.917912e-34,0.0,0.0
179320425,-0.5,0.5,-1.0,0.0,0.0,3.6111135e-07,8.655361e-10,8.656668e-10,2.2e-44,0.0,0.0,3.917912e-34,0.0,0.0
179520425,-0.5,0.5,-1.0,0.0,0.0,-6.382486e-07,8.6579693e-10,8.662052e-10,2.2e-44,0.0,0.0,3.917912e-34,0.0,0.0
179720425,-0.5,0.5,-1.0,0.0,0.0,-6.3761445e-07,8.663358e-10,8.667433e-10,2.2e-44,0.0,0.0,3.917912e-34,0.0,0.0
179920426,-0.5,0.5,-1.0,0.0,0.0,3.6073084e-07,8.668743e-10,8.6700475e-10,2.2e-44,0.0,0.0,3.917912e-34,0.0,0.0
180120425,-0.5,0.5,-1.0,0.0,0.0,3.5909113e-07,8.671346e-10,8.672638e-10,2.2e-44,0.0,0.0,3.917912e-34,0.0,0.0
180320425,-0.5,0.5,-1.0,0.0,0.0,-6.380088e-07,8.6767366e-10,8.680816e-10,2.2e-44,0.0,0.0,3.917912e-34,0.0,0.0
180520425,-0.5,0.5,-1.0,0.0,0.0,3.6036056e-07,8.6821234e-10,8.683425e-10,2.2e-44,0.0,0.0,3.917912e-34,0.0,0.0
180720426,-0.5,0.5,-1.0,0.0,0.0,3.5874461e-07,8.6847207e-10,8.686011e-10,2.2e-44,0.0,0.0,3.917912e-34,0.0,0.0
180920425,-0.5,0.5,-1.0,0.0,0.0,3.571431e-07,8.687295e-10,8.688573e-10,2.2e-44,0.0,0.0,3.917912e-34,0.0,0.0
181120426,-0.5,0.5,-1.0,0.0,0.0,0.0,0.0,0.0,0.0,0.0,0.0,0.0,0.0,0.0
181320425,-0.5,0.5,-1.0,0.0,0.0,3.5619496e-07,8.695257e-10,8.6965285e-10,2.2e-44,0.0,0.0,3.917912e-34,0.0,0.0
181520427,-0.5,0.5,-1.0,0.0,0.0,1.3524232e-06,8.6977947e-10,8.7161256e-10,2.2e-44,0.0,0.0,3.917912e-34,0.0,0.0
181720425,-0.5,0.5,-1.0,0.0,0.0,-6.469296e-07,8.717365e-10,8.7215596e-10,2.2e-44,0.0,0.0,3.917912e-34,0.0,0.0
181920425,-0.5,0.5,-1.0,0.0,0.0,3.5371204e-07,8.7257357e-10,8.7269897e-10,2.2e-44,0.0,0.0,3.917912e-34,0.0,0.0
182120425,-0.5,0.5,-1.0,0.0,0.0,-6.456519e-07,8.728238e-10,8.732416e-10,2.2e-44,0.0,0.0,3.917912e-34,0.0,0.0
182320426,-0.5,0.5,-1.0,0.0,0.0,-6.450214e-07,8.733669e-10,8.737838e-10,2.2e-44,0.0,0.0,3.917912e-34,0.0,0.0
182520450,-0.5,0.5,-1.0,0.0,0.0,3.534485e-07,8.7390956e-10,8.7403473e-10,2.2e-44,0.0,0.0,3.917912e-34,0.0,0.0
182720426,-0.5,0.5,-1.0,0.0,0.0,3.5407743e-07,8.7445184e-10,8.7457747e-10,2.2e-44,0.0,0.0,3.917912e-34,0.0,0.0
182920426,-0.5,0.5,-1.0,0.0,0.0,8.33547e-06,8.747026e-10,9.443314e-10,2.2e-44,0.0,0.0,3.917912e-34,0.0,0.0
183120426,-0.5,0.5,-1.0,0.0,0.0,3.3404274e-07,9.444437e-10,9.445555e-10,2.2e-44,0.0,0.0,3.917912e-34,0.0,0.0
183320426,-0.5,0.5,-1.0,0.0,0.0,0.0,0.0,3.3262734e-07,9.446669e-10,9.447778e-10,2.2e-44,3.917912e-34,0.0,0.0
183520426,-0.5,0.5,-1.0,0.0,0.0,3.3122376e-07,9.448882e-10,9.449981e-10,2.2e-44,0.0,0.0,3.917912e-34,0.0,0.0
183720426,-0.5,0.5,-1.0,0.0,0.0,3.3193282e-07,9.454444e-10,9.455547e-10,2.2e-44,0.0,0.0,3.917912e-34,0.0,0.0
183920426,-0.5,0.5,-1.0,0.0,0.0,3.3054403e-07,9.456647e-10,9.457741e-10,2.2e-44,0.0,0.0,3.917912e-34,0.0,0.0
184120426,-0.5,0.5,-1.0,0.0,0.0,3.3125013e-07,9.462213e-10,9.463312e-10,2.2e-44,0.0,0.0,3.917912e-34,0.0,0.0
184320426,-0.5,0.5,-1.0,0.0,0.0,3.2987566e-07,9.464407e-10,9.465497e-10,2.2e-44,0.0,0.0,3.917912e-34,0.0,0.0
184520426,-0.5,0.5,-1.0,0.0,0.0,3.2851256e-07,9.466583e-10,9.467664e-10,2.2e-44,0.0,0.0,3.917912e-34,0.0,0.0
184720432,-0.5,0.5,-1.0,0.0,0.0,3.271607e-07,9.468741e-10,9.469814e-10,2.2e-44,0.0,0.0,3.917912e-34,0.0,0.0
184920426,-0.5,0.5,-1.0,0.0,0.0,3.278691e-07,9.474331e-10,9.475408e-10,2.2e-44,0.0,0.0,3.917912e-34,0.0,0.0
185120427,-0.5,0.5,-1.0,0.0,0.0,0.0,0.0,3.2653077e-07,9.476481e-10,9.477549e-10,2.2e-44,3.917912e-34,0.0,0.0
185320425,-0.5,0.5,-1.0,0.0,0.0,3.2723597e-07,9.482075e-10,9.483148e-10,2.2e-44,0.0,0.0,3.917912e-34,0.0,0.0
185520426,-0.5,0.5,-1.0,0.0,0.0,0.0,0.0,3.2186256e-07,9.537198e-10,9.538236e-10,2.2e-44,3.917912e-34,0.0,0.0
185720427,-0.5,0.5,-1.0,0.0,0.0,3.2056482e-07,9.539269e-10,9.540299e-10,2.2e-44,0.0,0.0,3.917912e-34,0.0,0.0
185920425,-0.5,0.5,-1.0,0.0,0.0,3.1927743e-07,9.541324e-10,9.542346e-10,2.2e-44,0.0,0.0,3.917912e-34,0.0,0.0
186120426,-0.5,0.5,-1.0,0.0,0.0,3.1800028e-07,9.543363e-10,9.544376e-10,2.2e-44,0.0,0.0,3.917912e-34,0.0,0.0
186320427,0.0,0.0,-1.0,0.0,0.0,3.1673335e-07,9.545386e-10,9.54639e-10,2.2e-44,0.0,0.0,3.917912e-34,0.0,0.0
186520426,0.0,0.0,-1.0,0.0,0.0,3.1547643e-07,9.547392e-10,9.548389e-10,2.2e-44,0.0,0.0,3.917912e-34,0.0,0.0
186720425,0.0,0.0,-1.0,0.0,0.0,3.142295e-07,9.549382e-10,9.550372e-10,2.2e-44,0.0,0.0,3.917912e-34,0.0,0.0
186920427,0.0,0.0,-1.0,0.0,0.0,-6.8307054e-07,9.555066e-10,9.559741e-10,2.2e-44,0.0,0.0,3.917912e-34,0.0,0.0
187120427,0.0,0.0,-1.0,0.0,0.0,3.1568663e-07,9.560743e-10,9.561741e-10,2.2e-44,0.0,0.0,3.917912e-34,0.0,0.0
187320426,0.0,0.0,-1.0,0.0,0.0,3.1445347e-07,9.562736e-10,9.563726e-10,2.2e-44,0.0,0.0,3.917912e-34,0.0,0.0
187520435,0.0,0.0,-1.0,0.0,0.0,0.0,0.0,3.1322986e-07,9.564713e-10,9.565696e-10,2.2e-44,3.917912e-34,0.0,0.0
187720426,0.0,0.0,-1.0,0.0,0.0,3.120158e-07,9.566675e-10,9.567651e-10,2.2e-44,0.0,0.0,3.917912e-34,0.0,0.0
187920425,0.0,0.0,-1.0,0.0,0.0,3.1081106e-07,9.568623e-10,9.569591e-10,2.2e-44,0.0,0.0,3.917912e-34,0.0,0.0
188120425,0.0,0.0,-1.0,0.0,0.0,3.0961564e-07,9.570554e-10,9.571515e-10,2.2e-44,0.0,0.0,3.917912e-34,0.0,0.0
188320425,0.0,0.0,-1.0,0.0,0.0,3.1034506e-07,9.576272e-10,9.577237e-10,2.2e-44,0.0,0.0,3.917912e-34,0.0,0.0
188520426,0.0,0.0,-1.0,0.0,0.0,3.0916044e-07,9.578198e-10,9.579156e-10,2.2e-44,0.0,0.0,3.917912e-34,0.0,0.0
188720426,0.0,0.0,-1.0,0.0,0.0,3.098861e-07,9.58392e-10,9.584883e-10,2.2e-44,0.0,0.0,3.917912e-34,0.0,0.0
188920427,0.0,0.0,-1.0,0.0,0.0,3.087123e-07,9.585841e-10,9.586796e-10,2.2e-44,0.0,0.0,3.917912e-34,0.0,0.0
189120425,0.0,0.0,-1.0,0.0,0.0,3.094342e-07,9.591565e-10,9.592525e-10,2.2e-44,0.0,0.0,3.917912e-34,0.0,0.0
189320425,0.0,0.0,-1.0,0.0,0.0,3.1015054e-07,9.597284e-10,9.598248e-10,2.2e-44,0.0,0.0,3.917912e-34,0.0,0.0
189520426,0.0,0.0,-1.0,0.0,0.0,-6.872657e-07,9.602997e-10,9.607729e-10,2.2e-44,0.0,0.0,3.917912e-34,0.0,0.0
189720425,0.0,0.0,-1.0,0.0,0.0,3.115673e-07,9.608705e-10,9.609677e-10,2.2e-44,0.0,0.0,3.917912e-34,0.0,0.0
189920469,0.0,0.0,-1.0,0.0,0.0,-6.8773215e-07,9.610647e-10,9.615385e-10,2.2e-44,0.0,0.0,3.917912e-34,0.0,0.0
190120427,0.0,0.0,-1.0,0.0,0.0,-6.8703685e-07,9.616359e-10,9.621087e-10,2.2e-44,0.0,0.0,3.917912e-34,0.0,0.0
190320426,0.0,0.0,-1.0,0.0,0.0,3.1180832e-07,9.622065e-10,9.623039e-10,2.2e-44,0.0,0.0,3.917912e-34,0.0,0.0
190520426,0.0,0.0,-1.0,0.0,0.0,3.1250022e-07,9.627766e-10,9.628744e-10,2.2e-44,0.0,0.0,3.917912e-34,0.0,0.0
190720426,0.0,0.0,-1.0,0.0,0.0,3.113555e-07,9.629719e-10,9.630691e-10,2.2e-44,0.0,0.0,3.917912e-34,0.0,0.0
190920425,0.0,0.0,-1.0,0.0,0.0,3.102191e-07,9.631659e-10,9.632622e-10,2.2e-44,0.0,0.0,3.917912e-34,0.0,0.0
191120448,0.0,0.0,-1.0,0.0,0.0,0.0,0.0,-6.872725e-07,9.637372e-10,9.642104e-10,2.2e-44,3.917912e-34,0.0,0.0
191320425,0.0,0.0,-1.0,0.0,0.0,3.1159448e-07,9.64308e-10,9.644052e-10,2.2e-44,0.0,0.0,3.917912e-34,0.0,0.0
191520426,0.0,0.0,-1.0,0.0,0.0,3.1227466e-07,9.648783e-10,9.64976e-10,2.2e-44,0.0,0.0,3.917912e-34,0.0,0.0
191720427,0.0,0.0,-1.0,0.0,0.0,-6.8705003e-07,9.650734e-10,9.655462e-10,2.2e-44,0.0,0.0,3.917912e-34,0.0,0.0
191920426,0.0,0.0,-1.0,0.0,0.0,3.1182833e-07,9.65644e-10,9.657414e-10,2.2e-44,0.0,0.0,3.917912e-34,0.0,0.0
192120426,0.0,0.0,-1.0,0.0,0.0,3.1071465e-07,9.658384e-10,9.659351e-10,2.2e-44,0.0,0.0,3.917912e-34,0.0,0.0
192320426,0.0,0.0,-1.0,0.0,0.0,3.1138836e-07,9.664094e-10,9.665065e-10,2.2e-44,0.0,0.0,3.917912e-34,0.0,0.0
192520426,0.0,0.0,-1.0,0.0,0.0,3.1028412e-07,9.666034e-10,9.666998e-10,2.2e-44,0.0,0.0,3.917912e-34,0.0,0.0
192720425,0.0,0.0,-1.0,0.0,0.0,3.091876e-07,9.66796e-10,9.668918e-10,2.2e-44,0.0,0.0,3.917912e-34,0.0,0.0
192920425,0.0,0.0,-1.0,0.0,0.0,3.0809883e-07,9.669873e-10,9.670824e-10,2.2e-44,0.0,0.0,3.917912e-34,0.0,0.0
193120454,0.0,0.0,-1.0,0.0,0.0,3.087722e-07,9.675603e-10,9.676557e-10,2.2e-44,0.0,0.0,3.917912e-34,0.0,0.0
193320425,0.0,0.0,-1.0,0.0,0.0,3.094408e-07,9.681327e-10,9.682286e-10,2.2e-44,0.0,0.0,3.917912e-34,0.0,0.0
193520426,0.0,0.0,-1.0,0.0,0.0,3.1010484e-07,9.687047e-10,9.68801e-10,2.2e-44,0.0,0.0,3.917912e-34,0.0,0.0
193720425,0.0,0.0,-1.0,0.0,0.0,3.090281e-07,9.688971e-10,9.689928e-10,2.2e-44,0.0,0.0,3.917912e-34,0.0,0.0
193920426,0.0,0.0,-1.0,0.0,0.0,-6.9031114e-07,9.690881e-10,9.695655e-10,2.2e-44,0.0,0.0,3.917912e-34,0.0,0.0
194120425,0.0,0.0,-1.0,0.0,0.0,3.0862088e-07,9.696612e-10,9.697566e-10,2.2e-44,0.0,0.0,3.917912e-34,0.0,0.0
194320425,0.0,0.0,-1.0,0.0,0.0,-6.890033e-07,9.702338e-10,9.707093e-10,2.2e-44,0.0,0.0,3.917912e-34,0.0,0.0
194520425,0.0,0.0,-1.0,0.0,0.0,3.1164393e-07,9.711832e-10,9.712805e-10,2.2e-44,0.0,0.0,3.917912e-34,0.0,0.0
194720427,0.0,0.0,-1.0,0.0,0.0,-6.8600673e-07,9.717536e-10,9.72225e-10,2.2e-44,0.0,0.0,3.917912e-34,0.0,0.0
194920425,0.0,0.0,-1.0,0.0,0.0,3.1462594e-07,9.726948e-10,9.72794e-10,2.2e-44,0.0,0.0,3.917912e-34,0.0,0.0
195120427,0.0,0.0,-1.0,0.0,0.0,0.0,0.0,3.0847468e-07,9.837621e-10,9.838574e-10,2.2e-44,3.917912e-34,0.0,0.0
195320425,0.0,0.0,-1.0,0.0,0.0,3.0743252e-07,9.839525e-10,9.840472e-10,2.2e-44,0.0,0.0,3.917912e-34,0.0,0.0
195520428,0.0,0.0,-1.0,0.0,0.0,3.063974e-07,9.841415e-10,9.842356e-10,2.2e-44,0.0,0.0,3.917912e-34,0.0,0.0
195720451,0.0,0.0,-1.0,0.0,0.0,3.0704712e-07,9.847159e-10,9.848103e-10,2.2e-44,0.0,0.0,3.917912e-34,0.0,0.0
195920425,0.0,0.0,-1.0,0.0,0.0,3.0602018e-07,9.849045e-10,9.849983e-10,2.2e-44,0.0,0.0,3.917912e-34,0.0,0.0
196120427,0.0,0.0,-1.0,0.0,0.0,0.0,0.0,0.0,0.0,0.0,0.0,0.0,0.0,0.0
