timestamp,timestamp_sample,ref_timestamp,ref_lat,ref_lon,x,y,z,delta_xy[0],delta_xy[1],delta_z,vx,vy,vz,z_deriv,delta_vxy[0],delta_vxy[1],delta_vz,ax,ay,az,heading,heading_var,unaided_heading,delta_heading,tilt_var,ref_alt,dist_bottom,dist_bottom_var,delta_dist_bottom,eph,epv,evh,evv,vxy_max,vz_max,hagl_min,hagl_max_z,hagl_max_xy,xy_valid,z_valid,v_xy_valid,v_z_valid,xy_reset_counter,z_reset_counter,vxy_reset_counter,vz_reset_counter,heading_reset_counter,heading_good_for_control,xy_global,z_global,dist_bottom_valid,dist_bottom_reset_counter,dist_bottom_sensor_bitfield,dead_reckoning
111040533,111039751,0,nan,nan,0.0017435038,-0.13671535,-0.2082707,-0.0077543175,-0.13539916,-0.15845847,-0.0003449574,0.00014295323,-0.0016502396,1.5695387e-06,0.00026199775,-4.1586667e-05,0.00071503007,0.062232144,-0.10934914,0.02450275,1.6903138,0.000109142726,0.0093837455,1.2770605,1.0508628e-05,nan,0.1,0.010000001,-0.15845847,0.0035904748,0.0014713063,0.010466716,0.0015276084,inf,inf,inf,inf,inf,1,1,1,1,3,2,2,1,1,1,0,0,0,2,0,0
111540655,111539927,0,nan,nan,0.0019751906,-0.13561182,-0.20673831,-0.0077543175,-0.13539916,-0.15845847,8.511408e-05,0.0032927482,0.0016204461,0.0036345485,0.00026199775,-4.1586667e-05,0.00071503007,0.082475364,0.012223161,0.028774695,1.690044,0.000108940025,0.009134097,1.2770605,1.0447482e-05,nan,0.1,0.010000001,-0.15845847,0.0034689894,0.0014484043,0.010248054,0.0015155707,inf,inf,inf,inf,inf,1,1,1,1,3,2,2,1,1,1,0,0,0,2,0,0
112040872,112040102,0,nan,nan,0.0020670707,-0.13481514,-0.20397295,-0.0077543175,-0.13539916,-0.15845847,0.00017272786,0.0028629177,0.0064373515,0.008093347,0.00026199775,-4.1586667e-05,0.00071503007,0.059764244,0.06168228,0.009384738,1.6899315,0.00010902686,0.009030392,1.2770605,1.0487916e-05,nan,0.1,0.010000001,-0.15845847,0.0035534354,0.0014604221,0.010374579,0.0015237479,inf,inf,inf,inf,inf,1,1,1,1,3,2,2,1,1,1,0,0,0,2,0,0
112541056,112540279,0,nan,nan,0.0020206415,-0.13548046,-0.20045854,-0.0077543175,-0.13539916,-0.15845847,-0.0006883118,-0.00019116959,0.010425134,0.010789968,0.00026199775,-4.1586667e-05,0.00071503007,-0.0019842384,-0.026497899,0.039247345,1.6897963,0.000108947206,0.008896692,1.2770605,1.0494141e-05,nan,0.1,0.010000001,-0.15845847,0.0035356658,0.0014574117,0.010358621,0.0015222194,inf,inf,inf,inf,inf,1,1,1,1,3,2,2,1,1,1,0,0,0,2,0,0
113031164,113030450,0,nan,nan,0.00224861,-0.13673486,-0.19750926,-0.0077543175,-0.13539916,-0.15845847,4.6957175e-05,-0.001611925,0.012169223,0.010445137,0.00026199775,-4.1586667e-05,0.00071503007,0.019845974,0.057681415,-0.01244129,1.6896253,0.00010906488,0.008720671,1.2770605,1.0522499e-05,nan,0.1,0.010000001,-0.15845847,0.0036037934,0.0014708539,0.010463584,0.0015290306,inf,inf,inf,inf,inf,1,1,1,1,3,2,2,1,1,1,0,0,0,2,0,0
113531378,113530622,0,nan,nan,0.0024711685,-0.13732313,-0.19544418,-0.0077543175,-0.13539916,-0.15845847,4.2189848e-05,-0.0021184254,0.013978042,0.009743809,0.00026199775,-4.1586667e-05,0.00071503007,0.0021045418,0.07561236,-0.033336367,1.6894175,0.00010910414,0.008500757,1.2770605,1.05905865e-05,nan,0.1,0.010000001,-0.15845847,0.003699274,0.0014809761,0.010676393,0.0015352266,inf,inf,inf,inf,inf,1,1,1,1,3,2,2,1,1,1,0,0,0,2,0,0
114041562,114040799,0,nan,nan,0.0018624458,-0.13709182,-0.19385265,-0.0077543175,-0.13539916,-0.15845847,-0.00067983416,-0.00083460216,0.016009074,0.009332889,0.00026199775,-4.1586667e-05,0.00071503007,0.08362176,0.069001734,0.004834753,1.689339,0.00010904319,0.0084026065,1.2770605,1.0526983e-05,nan,0.1,0.010000001,-0.15845847,0.0035812145,0.0014665737,0.010452572,0.0015259975,inf,inf,inf,inf,inf,1,1,1,1,3,2,2,1,1,1,0,0,0,2,0,0
114541709,114540971,0,nan,nan,0.0019116232,-0.1364014,-0.19296317,-0.0077543175,-0.13539916,-0.15845847,-0.000435431,0.00036780632,0.016384797,0.007635794,0.00026199775,-4.1586667e-05,0.00071503007,0.120434344,-0.05690913,-0.009102801,1.6892061,0.000108962144,0.008252801,1.2770605,1.0469164e-05,nan,0.1,0.010000001,-0.15845847,0.0034996963,0.0014570622,0.010272364,0.0015200016,inf,inf,inf,inf,inf,1,1,1,1,3,2,2,1,1,1,0,0,0,2,0,0
115041747,115041143,0,nan,nan,0.0026418455,-0.13559234,-0.19254291,-0.0077543175,-0.13539916,-0.15845847,0.0016491197,0.0007567566,0.016869092,0.0064236755,0.00026199775,-4.1586667e-05,0.00071503007,0.18025525,-0.068559326,-0.026964646,1.6890191,0.000109167995,0.008035306,1.2770605,1.05600975e-05,nan,0.1,0.010000001,-0.15845847,0.0036600356,0.0014792464,0.010582255,0.0015333007,inf,inf,inf,inf,inf,1,1,1,1,3,2,2,1,1,1,0,0,0,2,0,0
115542072,115541313,0,nan,nan,0.0028134577,-0.13484474,-0.19233957,-0.0077543175,-0.13539916,-0.15845847,-0.015432387,-0.0011424532,0.01560386,0.003894747,0.00026199775,-4.1586667e-05,0.00071503007,-1.6063733,-0.7447287,-0.047577597,1.6891582,0.00010919519,0.008128924,1.2770605,1.04819665e-05,nan,0.1,0.010000001,-0.15845847,0.0035205204,0.0014705682,0.0102989,0.0015249397,inf,inf,inf,inf,inf,1,1,1,1,3,2,2,1,1,1,0,0,0,2,0,0
116042212,116041482,0,nan,nan,0.002095822,-0.13161737,-0.19241895,-0.0077543175,-0.13539916,-0.15845847,0.009027792,0.011696453,0.020966616,0.008059039,0.00026199775,-4.1586667e-05,0.00071503007,-0.51961774,-0.6574758,-0.041253615,1.687811,0.00010925161,0.0067181243,1.2770605,1.0481035e-05,nan,0.10028597,0.1300812,-0.15845847,0.0034840119,0.0014549197,0.0102932425,0.0015182934,inf,inf,inf,inf,inf,1,1,1,1,3,2,2,1,1,1,0,0,0,2,0,0
116532179,116531644,0,nan,nan,0.0021978684,-0.12403382,-0.1877704,-0.0077543175,-0.13539916,-0.15845847,-0.0027881488,0.0054286267,0.06947381,0.054993138,0.00026199775,-4.1586667e-05,0.00071503007,-0.52896816,0.18184997,-0.17300466,1.687633,0.00010933474,0.0064883344,1.2770605,1.0523866e-05,nan,0.10028318,0.25266325,-0.15845847,0.0035606057,0.0014574442,0.010420776,0.0015441609,inf,inf,inf,inf,inf,1,1,1,1,3,2,2,1,1,1,0,0,0,2,0,0
117032406,117031807,0,nan,nan,-0.00011838086,-0.11879458,-0.16393107,-0.0077543175,-0.13539916,-0.15845847,-0.0023324476,0.028016198,0.10046923,0.08113628,0.00026199775,-4.1586667e-05,0.00071503007,0.40656918,1.4932927,-0.011750468,1.6951779,0.00010938829,0.014027833,1.2770605,1.0549792e-05,nan,0.08972221,0.37774467,-0.15845847,0.0035792093,0.0014759045,0.010386415,0.0017094613,inf,inf,inf,inf,inf,1,1,1,1,3,2,2,1,1,1,0,0,0,2,0,0
117532767,117531957,0,nan,nan,-0.005293924,-0.064105734,-0.14352322,-0.0077543175,-0.13539916,-0.15845847,-0.011978519,0.20396172,0.08254756,0.04988679,0.00026199775,-4.1586667e-05,0.00071503007,2.7578888,1.0309474,-0.11748479,1.6915389,0.000109357556,0.01062529,1.2770605,1.049363e-05,nan,0.075658195,0.5028298,-0.15845847,0.0035603293,0.0015120025,0.010523973,0.0017179772,inf,inf,inf,inf,inf,1,1,1,1,3,2,2,1,1,1,0,0,0,2,0,0
118037655,118037107,0,nan,nan,-0.014381775,0.019460283,-0.11439336,-0.0077543175,-0.13539916,-0.15845847,0.0075100656,0.0960805,0.123184256,0.0838201,0.00026199775,-4.1586667e-05,0.00071503007,2.0048432,-0.7729,-0.50847715,1.6789376,0.00010769026,-0.0021845142,1.2770605,1.0421267e-05,nan,0.054829426,0.62795126,-0.15845847,0.0035798852,0.0019909237,0.01023182,0.0018364977,inf,inf,inf,inf,inf,1,1,1,1,3,2,2,1,1,1,0,0,0,2,0,0
118537754,118537250,0,nan,nan,-0.019961664,0.045104355,-0.033781704,-0.0077543175,-0.13539916,-0.15845847,-0.008210033,0.052338146,0.21655566,0.19159429,0.00026199775,-4.1586667e-05,0.00071503007,-1.2694119,-0.17744063,0.077608965,1.6716174,0.00010673787,-0.009365071,1.2770605,1.0434227e-05,nan,0.0,0.75304043,-0.15845847,0.0035188757,0.0028393012,0.01039053,0.0021525724,inf,inf,inf,inf,inf,1,1,1,1,3,2,2,1,1,1,0,0,0,2,0,0
119037884,119037389,0,nan,nan,-0.053104952,0.08475018,0.07773465,-0.0077543175,-0.13539916,-0.15845847,-0.024381783,0.08532322,0.21803015,0.20495921,0.00026199775,-4.1586667e-05,0.00071503007,0.36313254,1.4181727,-0.44679442,1.6624677,0.00010422469,-0.014112787,1.2770605,1.0508264e-05,nan,0.0,0.8781175,-0.15845847,0.0036094799,0.003848435,0.010501173,0.0024830147,inf,inf,inf,inf,inf,1,1,1,1,3,2,2,1,1,1,0,0,0,2,0,0
119538031,119537523,0,nan,nan,-0.07982717,0.11638008,0.19295779,-0.0077543175,-0.13539916,-0.15845847,-0.0005320596,0.047940914,0.22422376,0.21816751,0.00026199775,-4.1586667e-05,0.00071503007,-0.5652996,-0.3041325,-0.32888007,1.661201,0.0001045274,-0.0140908435,1.2770605,1.0429185e-05,nan,0.0,1.0031945,-0.15845847,0.0035857023,0.0050212913,0.010460259,0.0028583216,inf,inf,inf,inf,inf,1,1,1,1,3,2,2,1,1,1,0,0,0,2,0,0
120038290,120037654,0,nan,nan,-0.0827591,0.12463141,0.3122568,-0.0077543175,-0.13539916,-0.15845847,0.017615177,0.0052152355,0.2377019,0.2353329,0.00026199775,-4.1586667e-05,0.00071503007,0.17903964,-0.023001535,-0.4891991,1.6758456,0.000104751176,-0.0002992641,1.2770605,1.034538e-05,nan,0.0,1.1282624,-0.15845847,0.0035564299,0.00637441,0.010389879,0.0032648898,inf,inf,inf,inf,inf,1,1,1,1,3,2,2,1,1,1,0,0,0,2,0,0
120538395,120537782,0,nan,nan,-0.07371142,0.12023483,0.43563852,-0.0077543175,-0.13539916,-0.15845847,0.030443722,-0.015205597,0.23393752,0.23335841,0.00026199775,-4.1586667e-05,0.00071503007,0.10026867,0.53040075,-0.8024099,1.6926143,0.000105125786,0.015743002,1.2770605,1.0297577e-05,nan,0.0,1.2533269,-0.15845847,0.0035572266,0.0079258,0.010391975,0.0036862104,inf,inf,inf,inf,inf,1,1,1,1,3,2,2,1,1,1,0,0,0,2,0,0
121038297,121037907,0,nan,nan,-0.065276764,0.112493806,0.55606025,-0.0077543175,-0.13539916,-0.15845847,0.02406288,-0.023620665,0.23484679,0.2350705,0.00026199775,-4.1586667e-05,0.00071503007,0.5693101,-0.6618201,1.2525527,1.689621,0.00010555365,0.012452519,1.2770605,1.032447e-05,nan,0.0,1.37839,-0.15845847,0.0036006111,0.009689002,0.0104975235,0.0041209487,inf,inf,inf,inf,inf,1,1,1,1,3,2,2,1,1,1,0,0,0,2,0,0
121538538,121538028,0,nan,nan,-0.057674866,0.10414663,0.66346705,-0.0077543175,-0.13539916,-0.15845847,0.032375693,-0.013639538,0.19857076,0.19911113,0.00026199775,-4.1586667e-05,0.00071503007,0.6242498,0.7926528,0.6673755,1.6804918,0.00010588115,0.0028640924,1.2770605,1.0275784e-05,nan,0.0,1.5034511,-0.15845847,0.0035888762,0.011671459,0.010479065,0.004561382,inf,inf,inf,inf,inf,1,1,1,1,3,2,2,1,1,1,0,0,0,2,0,0
122038534,122038147,0,nan,nan,-0.047950894,0.095333464,0.756797,-0.0077543175,-0.13539916,-0.15845847,0.024916459,-0.023209574,0.16386285,0.164494,0.00026199775,-4.1586667e-05,0.00071503007,-0.9962987,-0.8542092,-1.1602902,1.6825024,0.00010621157,0.004236512,1.2770605,1.0276508e-05,nan,0.0,1.6285118,-0.15845847,0.0036387881,0.013879633,0.010595942,0.0050244983,inf,inf,inf,inf,inf,1,1,1,1,3,2,2,1,1,1,0,0,0,2,0,0
122538705,122538264,0,nan,nan,-0.040983852,0.08391313,0.8796682,-0.0077543175,-0.13539916,-0.15845847,0.022692662,-0.0187536,0.5072988,0.5079236,0.00026199775,-4.1586667e-05,0.00071503007,-0.83593065,0.2232581,0.203677,1.6869029,0.00010648472,0.007999583,1.2770605,1.0247157e-05,nan,0.0,1.7535713,-0.15845847,0.0036199982,0.016317312,0.01046928,0.005478624,inf,inf,inf,inf,inf,1,1,1,1,3,2,2,1,1,1,0,0,0,2,0,0
123038916,123038378,0,nan,nan,-0.040870603,0.075758286,-0.5091845,-0.0077543175,-0.13539916,-1.576783,0.013893781,-0.0065211174,0.3438432,0.31303135,0.00026199775,-4.1586667e-05,0.00071503007,0.5078062,-0.12925747,0.6950119,1.6787449,0.00010676901,-0.0005128995,1.2770605,1.0510862e-05,nan,0.0,1.8786286,-1.576783,0.003525458,0.0024838315,0.01034331,0.0058243293,inf,inf,inf,inf,inf,1,1,1,1,3,3,2,1,1,1,0,0,0,3,0,0
123539017,123538489,0,nan,nan,-0.041687902,0.06484561,-0.368092,-0.0077543175,-0.13539916,-1.576783,0.0076274155,-0.022457192,0.3290571,0.2919779,0.00026199775,-4.1586667e-05,0.00071503007,-0.8396107,-1.2000722,0.9653409,1.6788343,0.000107037515,-0.0009939845,1.2770605,1.0491887e-05,nan,0.0,2.003685,-1.576783,0.0035394495,0.004737878,0.010443671,0.0062957937,inf,inf,inf,inf,inf,1,1,1,1,3,3,2,1,1,1,0,0,0,3,0,0
124039253,124038597,0,nan,nan,-0.039709914,0.052100554,-0.1948439,-0.0077543175,-0.13539916,-1.576783,0.011104785,-0.017936477,0.3284328,0.30494314,0.00026199775,-4.1586667e-05,0.00071503007,-1.0548751,-0.19187975,-0.41696072,1.6774371,0.00010753099,-0.0029495212,1.2770605,1.0386757e-05,nan,0.0,2.1287403,-1.576783,0.0036783174,0.0077684503,0.010558537,0.0067758434,inf,inf,inf,inf,inf,1,1,1,1,3,3,2,1,1,1,0,0,0,3,0,0
124539333,124538704,0,nan,nan,-0.039723605,0.042757943,-0.035327353,-0.0077543175,-0.13539916,-1.576783,0.010327495,-0.009548909,0.3049189,0.2920316,0.00026199775,-4.1586667e-05,0.00071503007,0.11526061,-0.12903228,0.11210907,1.6818289,0.00010788672,0.0011272209,1.2770605,1.0244641e-05,nan,0.0,2.2537951,-1.576783,0.0036011932,0.011155964,0.010500102,0.007266719,inf,inf,inf,inf,inf,1,1,1,1,3,3,2,1,1,1,0,0,0,3,0,0
125039350,125038807,0,nan,nan,-0.038944103,0.03732297,0.111729875,-0.0077543175,-0.13539916,-1.576783,0.003647125,-0.00075908785,0.28459772,0.27795488,0.00026199775,-4.1586667e-05,0.00071503007,-0.08194477,-0.17979184,1.4073286,1.6718862,0.000108360065,-0.009156909,1.2770605,1.0196471e-05,nan,0.0,2.3788466,-1.576783,0.0036686233,0.014826133,0.010614302,0.007762587,inf,inf,inf,inf,inf,1,1,1,1,3,3,2,1,1,1,0,0,0,3,0,0
125539551,125538908,0,nan,nan,-0.038739257,0.034832407,0.24733236,-0.0077543175,-0.13539916,-1.576783,0.011436515,-0.00030105378,0.25566587,0.2524099,0.00026199775,-4.1586667e-05,0.00071503007,-0.16938387,0.12802692,-1.191543,1.674071,0.00010880321,-0.007550351,1.2770605,1.0138998e-05,nan,0.0,2.5038981,-1.576783,0.0035501677,0.018758815,0.01036717,0.008265485,inf,inf,inf,inf,inf,1,1,1,1,3,3,2,1,1,1,0,0,0,3,0,0
126039577,126039007,0,nan,nan,-0.038132843,0.03350177,0.37172186,-0.0077543175,-0.13539916,-1.576783,0.014404287,0.010184422,0.23116189,0.2296947,0.00026199775,-4.1586667e-05,0.00071503007,-0.3936303,0.007194588,-0.42974153,1.6874348,0.000109469176,0.005253256,1.2770605,1.0200869e-05,nan,0.0,2.6289482,-1.576783,0.0036381616,0.022947531,0.010553271,0.0087806,inf,inf,inf,inf,inf,1,1,1,1,3,3,2,1,1,1,0,0,0,3,0,0
126543423,126539103,0,nan,nan,-0.03838344,0.030045968,0.4844301,-0.0077543175,-0.13539916,-1.576783,0.0011878796,0.004017061,0.20529635,0.2047359,0.00026199775,-4.1586667e-05,0.00071503007,-1.6842688,-0.20818572,-0.823909,1.6914618,0.0001097655,0.008790262,1.2770605,1.0234186e-05,nan,0.0,2.7539978,-1.576783,0.003611212,0.027391633,0.010596834,0.00929394,inf,inf,inf,inf,inf,1,1,1,1,3,3,2,1,1,1,0,0,0,3,0,0
127029584,127029195,0,nan,nan,-0.039928418,0.026943788,0.5843136,-0.0077543175,-0.13539916,-1.576783,-0.0068411906,0.005648492,0.1924258,0.1922655,0.00026199775,-4.1586667e-05,0.00071503007,-1.6713628,-0.124478064,0.40537906,1.6843448,0.00011007694,0.0013175056,1.2770605,1.0218218e-05,nan,0.0,2.8765445,-1.576783,0.0036237398,0.031996023,0.010531233,0.009815374,inf,inf,inf,inf,inf,1,1,1,1,3,3,2,1,1,1,0,0,0,3,0,0
127529791,127529287,0,nan,nan,-0.039998874,0.024090363,0.67656654,-0.0077543175,-0.13539916,-1.576783,0.006772433,0.0005115201,0.1679372,0.16795565,0.00026199775,-4.1586667e-05,0.00071503007,-0.7472177,-0.70997405,-0.059823416,1.6835828,0.00011035143,6.030104e-05,1.2770605,1.0208364e-05,nan,0.0,3.0015917,-1.576783,0.0036003855,0.036951438,0.01047972,0.0103439335,inf,inf,inf,inf,inf,1,1,1,1,3,3,2,1,1,1,0,0,0,3,0,0
128029971,128029376,0,nan,nan,-0.039569262,0.023952778,-0.6234653,-0.0077543175,-0.13539916,-1.3845279,-0.0058035874,0.013883449,0.15760396,0.15691109,0.00026199775,-4.1586667e-05,0.00071503007,-0.9845911,-0.4135233,0.07964696,1.681643,0.00011073131,-0.0023495262,1.2770605,1.0182199e-05,nan,0.0,3.1266375,-1.3845279,0.0035641543,0.0044810255,0.010403681,0.010877667,inf,inf,inf,inf,inf,1,1,1,1,3,4,2,1,1,1,0,0,0,4,0,0
128530164,128529463,0,nan,nan,-0.038836237,0.030172065,-0.6021518,-0.0077543175,-0.13539916,-1.3845279,0.015119854,0.039892636,0.0015663037,-0.03163573,0.00026199775,-4.1586667e-05,0.00071503007,0.42790616,1.0169648,-0.27771065,1.672136,0.000110967194,-0.012116425,1.2770605,9.961283e-06,nan,0.0,3.2516823,-1.3845279,0.0035337983,0.0025355816,0.010396036,0.007430797,inf,inf,inf,inf,inf,1,1,1,1,3,4,2,1,1,1,0,0,0,4,0,0
129040142,129039550,0,nan,nan,-0.02642603,0.06714895,-0.67659736,-0.0077543175,-0.13539916,-1.3845279,0.048875313,0.120678,-0.046048895,-0.10098551,0.00026199775,-4.1586667e-05,0.00071503007,-0.7709884,1.2743946,-1.2451347,1.6459239,0.00011112719,-0.039149992,1.2770605,9.7603315e-06,nan,0.0,3.3792286,-1.3845279,0.003534013,0.002181739,0.010366932,0.0037124513,inf,inf,inf,inf,inf,1,1,1,1,3,4,2,1,1,1,0,0,0,4,0,0
129540163,129539633,0,nan,nan,-0.0020004667,0.11464547,-0.7251781,-0.0077543175,-0.13539916,-1.3845279,0.039916374,0.06317292,-0.07667847,-0.11298054,0.00026199775,-4.1586667e-05,0.00071503007,-0.16042641,1.2177992,-0.41523886,1.6224633,0.00011092987,-0.064023405,1.2770605,9.771937e-06,nan,0.0,3.504289,-1.3845279,0.0035437339,0.0018845584,0.010380551,0.0023579337,inf,inf,inf,inf,inf,1,1,1,1,3,4,2,1,1,1,0,0,0,4,0,0
130040434,130039713,0,nan,nan,0.00368382,0.12367288,-0.74779445,-0.0077543175,-0.13539916,-1.3845279,0.004558773,0.0036020123,-0.077261,-0.08492935,0.00026199775,-4.1586667e-05,0.00071503007,0.50278634,0.04844004,0.2884895,1.6024967,0.00011094473,-0.08440768,1.2770605,9.857309e-06,nan,0.0,3.6293354,-1.3845279,0.0036804134,0.0017172701,0.010719811,0.0018561273,inf,inf,inf,inf,inf,1,1,1,1,3,4,2,1,1,1,0,0,0,4,0,0
130540373,130539792,0,nan,nan,-0.0073627047,0.12953404,-0.761227,-0.0077543175,-0.13539916,-1.3845279,0.0095358845,0.01338024,-0.08159242,-0.06706667,0.00026199775,-4.1586667e-05,0.00071503007,0.6084028,0.21700382,-0.15545852,1.5835638,0.00011074062,-0.102412716,1.2770605,9.905172e-06,nan,0.0,3.754376,-1.3845279,0.003929049,0.0016943075,0.0109225465,0.0017100003,inf,inf,inf,inf,inf,1,1,1,1,3,4,2,1,1,1,0,0,0,4,0,0
131040896,131039869,0,nan,nan,-0.011784536,0.13679954,-0.76764524,-0.0077543175,-0.13539916,-1.3845279,0.023380607,-0.006933428,-0.08111292,-0.047637828,0.00026199775,-4.1586667e-05,0.00071503007,-1.3023953,-1.2568979,-0.4176226,1.5739119,0.00011093052,-0.112845965,1.2770605,9.811939e-06,nan,0.0,3.8794155,-1.3845279,0.0035079683,0.0015552533,0.010465181,0.0016115156,inf,inf,inf,inf,inf,1,1,1,1,3,4,2,1,1,1,0,0,0,4,0,0
131540519,131539941,0,nan,nan,-0.0072495714,0.13337399,-0.7708788,-0.0077543175,-0.13539916,-1.3845279,0.032624,0.0023025682,-0.07477222,-0.029677533,0.00026199775,-4.1586667e-05,0.00071503007,0.9297847,-0.9129574,-0.60062784,1.571161,0.00011190701,-0.117740765,1.2770605,9.877462e-06,nan,0.0,4.0044537,-1.3845279,0.003941506,0.0016080075,0.010965173,0.0016555376,inf,inf,inf,inf,inf,1,1,1,1,3,4,2,1,1,1,0,0,0,4,0,0
132040397,132040013,0,nan,nan,-0.002792684,0.12617119,-0.76782477,-0.0077543175,-0.13539916,-1.3845279,0.013099164,-0.010942026,-0.0787255,-0.023732899,0.00026199775,-4.1586667e-05,0.00071503007,-0.56609136,-1.2473965,-1.2269917,1.5683676,0.00011257685,-0.12233596,1.2770605,1.0022548e-05,nan,0.0,4.1294913,-1.3845279,0.004022597,0.0016107475,0.011264964,0.0016661494,inf,inf,inf,inf,inf,1,1,1,1,3,4,2,1,1,1,0,0,0,4,0,0
132540464,132540082,0,nan,nan,-0.0006719456,0.12390406,-0.7662199,-0.0077543175,-0.13539916,-1.3845279,-0.0051551117,0.006552305,-0.07830323,-0.020423692,0.00026199775,-4.1586667e-05,0.00071503007,-0.26694754,0.3329118,-1.3717409,1.5649881,0.00011427398,-0.12735742,1.2770605,9.97244e-06,nan,0.0,4.2545276,-1.3845279,0.0040896814,0.0017000095,0.011143587,0.0016906181,inf,inf,inf,inf,inf,1,1,1,1,3,4,2,1,1,1,0,0,0,4,0,0
133040713,133040149,0,nan,nan,-0.0041979244,0.12621644,-0.7556441,-0.0077543175,-0.13539916,-1.3845279,-0.023779785,0.010119144,-0.05886361,0.0020812138,0.00026199775,-4.1586667e-05,0.00071503007,-0.4146623,0.36871308,0.19512893,1.5624434,0.00011577786,-0.13106193,1.2770605,9.943524e-06,nan,0.0,4.379563,-1.3845279,0.003919565,0.0017099378,0.010963981,0.0016662366,inf,inf,inf,inf,inf,1,1,1,1,3,4,2,1,1,1,0,0,0,4,0,0
133540683,133540214,0,nan,nan,-0.007871325,0.12875763,-0.7405973,-0.0077543175,-0.13539916,-1.3845279,-0.0062298942,0.011182359,-0.05385537,0.007657518,0.00026199775,-4.1586667e-05,0.00071503007,-0.21763875,0.8545165,-0.62419134,1.560832,0.00011734535,-0.1337349,1.2770605,1.00095795e-05,nan,0.0,4.504597,-1.3845279,0.0039789933,0.0017085134,0.011207653,0.0016512155,inf,inf,inf,inf,inf,1,1,1,1,3,4,2,1,1,1,0,0,0,4,0,0
134031053,134030276,0,nan,nan,-0.013081131,0.12723231,-0.7229633,-0.0077543175,-0.13539916,-1.3845279,-0.0108159445,0.0055836043,-0.03456161,0.025007214,0.00026199775,-4.1586667e-05,0.00071503007,0.32528475,1.6891724,-0.5865009,1.564669,0.00011768902,-0.13128792,1.2770605,9.913101e-06,nan,0.0,4.6271305,-1.3845279,0.0036656957,0.0015841619,0.010824093,0.0015934963,inf,inf,inf,inf,inf,1,1,1,1,3,4,2,1,1,1,0,0,0,4,0,0
134541357,134540338,0,nan,nan,-0.017085971,0.1283684,-0.7092039,-0.0077543175,-0.13539916,-1.3845279,0.0036975094,0.01605664,-0.015329226,0.03560465,0.00026199775,-4.1586667e-05,0.00071503007,1.7158716,-0.4462707,0.8675272,1.5661519,0.00011834052,-0.131328,1.2770605,9.9149365e-06,nan,0.0,4.754662,-1.3845279,0.0038587237,0.0015809544,0.010908433,0.0016035377,inf,inf,inf,inf,inf,1,1,1,1,3,4,2,1,1,1,0,0,0,4,0,0
135040973,135040398,0,nan,nan,-0.017483633,0.13246308,-0.7020036,-0.0077543175,-0.13539916,-1.3845279,0.00084475405,0.020866845,-0.008112679,0.033394653,0.00026199775,-4.1586667e-05,0.00071503007,0.46930164,1.2534772,-0.29621345,1.5684671,0.00011889059,-0.13067172,1.2770605,9.964608e-06,nan,0.0,4.879693,-1.3845279,0.003869485,0.0015780715,0.010967396,0.0016000327,inf,inf,inf,inf,inf,1,1,1,1,3,4,2,1,1,1,0,0,0,4,0,0
135541253,135540453,0,nan,nan,-0.017597632,0.12942998,-0.6975218,-0.0077543175,-0.13539916,-1.3845279,0.015654279,0.019578226,-0.014381807,0.018802235,0.00026199775,-4.1586667e-05,0.00071503007,0.5884325,0.7025258,-0.62296957,1.5723952,0.0001195739,-0.12845017,1.2770605,9.982858e-06,nan,0.0,5.004723,-1.3845279,0.00397109,0.0015962225,0.011103992,0.0016025571,inf,inf,inf,inf,inf,1,1,1,1,3,4,2,1,1,1,0,0,0,4,0,0
136041062,136040507,0,nan,nan,-0.014884334,0.12729234,-0.6961535,-0.0077543175,-0.13539916,-1.3845279,0.019603066,0.022691451,-0.023109904,0.0027337444,0.00026199775,-4.1586667e-05,0.00071503007,-0.09990285,1.7208719,-1.2110547,1.5757289,0.00012035146,-0.12663952,1.2770605,9.876612e-06,nan,0.0,5.1297526,-1.3845279,0.0037124988,0.0015893218,0.010610816,0.0015810428,inf,inf,inf,inf,inf,1,1,1,1,3,4,2,1,1,1,0,0,0,4,0,0
136541319,136540559,0,nan,nan,-0.0071132695,0.11204725,-0.8726196,-0.0077543175,-0.13539916,-1.3845279,0.075158045,-0.055152547,-0.40133098,-0.38091332,0.00026199775,-4.1586667e-05,0.00071503007,3.026682,-0.80077666,1.323009,1.571952,0.00012111111,-0.13037683,1.2770605,9.793544e-06,nan,0.0,5.254781,-1.3845279,0.00392916,0.0015985772,0.011800336,0.0015854425,inf,inf,inf,inf,inf,1,1,1,1,3,4,2,1,1,1,0,0,0,4,0,0
137041205,137040610,0,nan,nan,0.02888026,0.09704062,-0.98488235,-0.0077543175,-0.13539916,-1.3845279,0.05317148,0.0039304295,-0.10394851,-0.087137416,0.00026199775,-4.1586667e-05,0.00071503007,1.0515258,0.8727139,0.8285828,1.6046401,0.00012077606,-0.10060342,1.2770605,9.406824e-06,nan,0.0,5.3798084,-1.3845279,0.0035963506,0.0015217075,0.010262183,0.0015506314,inf,inf,inf,inf,inf,1,1,1,1,3,4,2,1,1,1,0,0,0,4,0,0
137541068,137540658,0,nan,nan,0.031131452,0.10040696,-1.0114918,-0.0077543175,-0.13539916,-1.3845279,-0.03441681,0.030513663,-0.020592526,-0.008435512,0.00026199775,-4.1586667e-05,0.00071503007,-1.4245918,0.8902661,0.18974641,1.5969386,0.000120568606,-0.10950548,1.2770605,9.849966e-06,nan,0.0,5.5048347,-1.3845279,0.0036521968,0.0015095859,0.010575414,0.0015568158,inf,inf,inf,inf,inf,1,1,1,1,3,4,2,1,1,1,0,0,0,4,0,0
138031154,138030703,0,nan,nan,0.01722128,0.10353247,-1.015769,-0.0077543175,-0.13539916,-1.3845279,-0.02573511,0.023128668,0.006609639,0.014734068,0.00026199775,-4.1586667e-05,0.00071503007,-1.0645258,0.14450976,0.7395938,1.5867075,0.000119347504,-0.121278755,1.2770605,1.013564e-05,nan,0.0,5.627359,-1.3845279,0.003653597,0.0015004018,0.010606267,0.0015523116,inf,inf,inf,inf,inf,1,1,1,1,3,4,2,1,1,1,0,0,0,4,0,0
138541337,138540748,0,nan,nan,0.01855807,0.10169025,-1.0165762,-0.0077543175,-0.13539916,-1.3845279,0.036144767,-0.0067151296,0.010422996,0.016061867,0.00026199775,-4.1586667e-05,0.00071503007,1.152415,-1.1092796,1.3353567,1.5834967,0.00011875876,-0.12712379,1.2770605,1.0084865e-05,nan,0.0,5.754884,-1.3845279,0.003544083,0.001469091,0.010471332,0.0015356136,inf,inf,inf,inf,inf,1,1,1,1,3,4,2,1,1,1,0,0,0,4,0,0
139041514,139040791,0,nan,nan,0.02171424,0.08971309,-1.0169318,-0.0077543175,-0.13539916,-1.3845279,0.0076445434,-0.024094723,0.01421116,0.019080019,0.00026199775,-4.1586667e-05,0.00071503007,-0.32644573,-0.13334158,0.6903265,1.574578,0.000117922675,-0.13814658,1.2770605,9.911089e-06,nan,0.0,5.879907,-1.3845279,0.0035878264,0.0014707776,0.010480311,0.0015360428,inf,inf,inf,inf,inf,1,1,1,1,3,4,2,1,1,1,0,0,0,4,0,0
139541410,139540832,0,nan,nan,0.016086359,0.079011224,-1.0135375,-0.0077543175,-0.13539916,-1.3845279,0.0009190012,-0.02082331,-0.017581545,-0.012891018,0.00026199775,-4.1586667e-05,0.00071503007,-1.845571,-1.0152828,-1.8732554,1.5707215,0.000117401396,-0.143047,1.2770605,9.769483e-06,nan,0.0,6.0049295,-1.3845279,0.0035481064,0.0014630958,0.010371437,0.0015305121,inf,inf,inf,inf,inf,1,1,1,1,3,4,2,1,1,1,0,0,0,4,0,0
140041671,140040872,0,nan,nan,0.014166228,0.082025416,-1.0154196,-0.0077543175,-0.13539916,-1.3845279,0.0063677924,0.011057449,-0.008202291,-0.003293839,0.00026199775,-4.1586667e-05,0.00071503007,-0.73420346,-0.39627925,-0.39831498,1.5733428,0.000117115174,-0.1421311,1.2770605,9.689509e-06,nan,0.0,6.129951,-1.3845279,0.0034856196,0.0014541466,0.010270243,0.0015226031,inf,inf,inf,inf,inf,1,1,1,1,3,4,2,1,1,1,0,0,0,4,0,0
140541602,140540908,0,nan,nan,0.019011388,0.089089386,-1.0173024,-0.0077543175,-0.13539916,-1.3845279,0.016925251,0.0035375804,-0.011623006,-0.0058399662,0.00026199775,-4.1586667e-05,0.00071503007,-0.44441757,-1.5571581,-0.35988864,1.5780982,0.00011673664,-0.139612,1.2770605,9.69654e-06,nan,0.0,6.254972,-1.3845279,0.0034814419,0.0014497482,0.0102779,0.0015192173,inf,inf,inf,inf,inf,1,1,1,1,3,4,2,1,1,1,0,0,0,4,0,0
141031537,141030943,0,nan,nan,0.019816354,0.088166095,-1.0192429,-0.0077543175,-0.13539916,-1.3845279,0.008402271,-0.010943751,-0.0066656275,9.976316e-05,0.00026199775,-4.1586667e-05,0.00071503007,0.52401274,-1.2593333,-0.76207733,1.5773014,0.000116564755,-0.14221326,1.2770605,9.745105e-06,nan,0.0,6.3774915,-1.3845279,0.0035466428,0.0014553545,0.010388287,0.0015228906,inf,inf,inf,inf,inf,1,1,1,1,3,4,2,1,1,1,0,0,0,4,0,0
141531509,141530977,0,nan,nan,0.015835648,0.090547994,-1.0189079,-0.0077543175,-0.13539916,-1.3845279,-0.0019485357,0.01253524,-0.01051844,-0.003116651,0.00026199775,-4.1586667e-05,0.00071503007,-0.86072475,-0.38182518,-1.4574152,1.5778807,0.00011646492,-0.14316525,1.2770605,9.782323e-06,nan,0.0,6.502512,-1.3845279,0.003612934,0.0014689877,0.01046165,0.0015295243,inf,inf,inf,inf,inf,1,1,1,1,3,4,2,1,1,1,0,0,0,4,0,0
142032031,142031009,0,nan,nan,0.017526196,0.09111258,-1.01813,-0.0077543175,-0.13539916,-1.3845279,0.021711066,0.012114315,-0.017187335,-0.009581582,0.00026199775,-4.1586667e-05,0.00071503007,-0.45347643,0.3323087,-0.31721047,1.5739808,0.00011694393,-0.14887403,1.2770605,9.812393e-06,nan,0.0,6.6275296,-1.3845279,0.00373435,0.0015160966,0.010585714,0.001548055,inf,inf,inf,inf,inf,1,1,1,1,3,4,2,1,1,1,0,0,0,4,0,0
142541634,142541040,0,nan,nan,0.019503515,0.08602605,-1.0162503,-0.0077543175,-0.13539916,-1.3845279,-0.00047380052,-0.013751436,-0.0018118187,0.0059308414,0.00026199775,-4.1586667e-05,0.00071503007,-0.7186704,-1.3405565,0.30721578,1.5744529,0.00011721285,-0.15020064,1.2770605,9.8408e-06,nan,0.0,6.755048,-1.3845279,0.003684092,0.0015161044,0.010625136,0.0015424321,inf,inf,inf,inf,inf,1,1,1,1,3,4,2,1,1,1,0,0,0,4,0,0
143041600,143041069,0,nan,nan,0.016586214,0.07927012,-1.01356,-0.0077543175,-0.13539916,-1.3845279,-0.00053296273,-0.006238342,-0.011987744,-0.0046201926,0.00026199775,-4.1586667e-05,0.00071503007,-0.8753009,-0.70827943,-0.20694803,1.5743268,0.00011753113,-0.15209694,1.2770605,9.825171e-06,nan,0.0,6.8800645,-1.3845279,0.0036736303,0.001515433,0.010596493,0.0015408931,inf,inf,inf,inf,inf,1,1,1,1,3,4,2,1,1,1,0,0,0,4,0,0
143541667,143541096,0,nan,nan,0.011768236,0.080789156,-1.0137426,-0.0077543175,-0.13539916,-1.3845279,-0.0016512715,0.014404844,-0.009336679,-0.0028465365,0.00026199775,-4.1586667e-05,0.00071503007,-1.4012536,1.309018,-2.198297,1.5788482,0.00011782852,-0.14935674,1.2770605,9.85726e-06,nan,0.0,7.0050807,-1.3845279,0.0037583688,0.0015221161,0.010770983,0.0015491107,inf,inf,inf,inf,inf,1,1,1,1,3,4,2,1,1,1,0,0,0,4,0,0
144041735,144041122,0,nan,nan,0.013090078,0.088461064,-1.012415,-0.0077543175,-0.13539916,-1.3845279,0.0068652197,0.0142193,0.0016583109,0.007113539,0.00026199775,-4.1586667e-05,0.00071503007,-1.1983826,-0.04610319,-1.088309,1.5817724,0.00011792066,-0.14836815,1.2770605,9.796497e-06,nan,0.0,7.130096,-1.3845279,0.003648391,0.0015095108,0.010538624,0.001543174,inf,inf,inf,inf,inf,1,1,1,1,3,4,2,1,1,1,0,0,0,4,0,0
144531575,144531146,0,nan,nan,0.015565698,0.09056758,-1.0120368,-0.0077543175,-0.13539916,-1.3845279,0.010027077,0.009809098,0.013518631,0.01814976,0.00026199775,-4.1586667e-05,0.00071503007,0.022635423,0.27072632,-0.020525046,1.5793916,0.00011823896,-0.15233275,1.2770605,9.894318e-06,nan,0.0,7.2526107,-1.3845279,0.0037835422,0.0015236206,0.010853128,0.0015530142,inf,inf,inf,inf,inf,1,1,1,1,3,4,2,1,1,1,0,0,0,4,0,0
145031744,145031169,0,nan,nan,0.010925701,0.09268228,-1.0114111,-0.0077543175,-0.13539916,-1.3845279,-0.011205205,0.007414162,-0.00062399154,0.003335458,0.00026199775,-4.1586667e-05,0.00071503007,-1.7056307,0.94798803,0.09098284,1.577733,0.00011858852,-0.15526685,1.2770605,9.847785e-06,nan,0.0,7.377627,-1.3845279,0.0037365037,0.0015332638,0.010676777,0.0015547925,inf,inf,inf,inf,inf,1,1,1,1,3,4,2,1,1,1,0,0,0,4,0,0
145532082,145531190,0,nan,nan,0.008368036,0.09391783,-1.0117768,-0.0077543175,-0.13539916,-1.3845279,0.026967345,0.0114359185,0.008366242,0.012007353,0.00026199775,-4.1586667e-05,0.00071503007,1.7095777,-1.8606831,0.06124135,1.5773239,0.00011868207,-0.15727636,1.2770605,9.799649e-06,nan,0.0,7.502638,-1.3845279,0.0036349948,0.0015124282,0.010562753,0.0015438516,inf,inf,inf,inf,inf,1,1,1,1,3,4,2,1,1,1,0,0,0,4,0,0
146041773,146041211,0,nan,nan,0.012338915,0.09175296,-1.0132879,-0.0077543175,-0.13539916,-1.3845279,0.016539516,-0.010380594,-0.007921151,-0.0044989367,0.00026199775,-4.1586667e-05,0.00071503007,-0.046561286,-0.94890416,-0.5412396,1.573626,0.00011887605,-0.1634629,1.2770605,9.819469e-06,nan,0.0,7.630151,-1.3845279,0.003679974,0.0015120361,0.010621143,0.0015461406,inf,inf,inf,inf,inf,1,1,1,1,3,4,2,1,1,1,0,0,0,4,0,0
146541762,146541229,0,nan,nan,0.07294625,0.11836206,-1.0441681,-0.0077543175,-0.13539916,-1.3845279,0.41721442,0.25056872,-0.045356683,-0.042202298,0.00026199775,-4.1586667e-05,0.00071503007,1.5078889,0.259013,0.9930296,1.5533957,0.00011923193,-0.18034074,1.2770605,9.844631e-06,nan,0.0,7.755163,-1.3845279,0.0037915008,0.0015329488,0.011048771,0.0015662606,inf,inf,inf,inf,inf,1,1,1,1,3,4,2,1,1,1,0,0,0,4,0,0
147041887,147041246,0,nan,nan,0.35116908,0.3378978,-1.044329,-0.0077543175,-0.13539916,-1.3845279,0.509736,0.4863674,0.021303147,0.022108806,0.00026199775,-4.1586667e-05,0.00071503007,-1.6798184,-1.2206594,0.899973,1.5813558,0.000106938955,-0.14770475,1.2770605,9.958816e-06,nan,0.0,7.880583,-1.3845279,0.0039347042,0.0015475078,0.011764404,0.0017497243,inf,inf,inf,inf,inf,1,1,1,1,3,4,2,1,1,1,0,0,0,4,0,0
147541675,147541262,0,nan,nan,0.5111007,0.48037544,-1.0252119,-0.0077543175,-0.13539916,-1.3845279,0.100931145,0.18490353,0.04087345,0.042659655,0.00026199775,-4.1586667e-05,0.00071503007,-0.8754082,0.51997834,-0.8217065,1.6130944,9.799922e-05,-0.10679322,1.2770605,1.0730133e-05,nan,0.0,8.006093,-1.3845279,0.005103635,0.0017841549,0.01336643,0.0017476985,inf,inf,inf,inf,inf,1,1,1,1,3,4,2,1,1,1,0,0,0,4,0,0
148031855,148031276,0,nan,nan,0.5092173,0.5386129,-1.0096252,-0.0077543175,-0.13539916,-1.3845279,-0.06410734,0.11813451,0.019309971,0.022386558,0.00026199775,-4.1586667e-05,0.00071503007,1.5716093,-0.7512965,0.6968854,1.6077906,8.3315455e-05,-0.1035496,1.2770605,1.0021587e-05,nan,0.0,8.128663,-1.3845279,0.0038598874,0.0016484229,0.012115541,0.0017093957,inf,inf,inf,inf,inf,1,1,1,1,3,4,2,1,1,1,0,0,0,4,0,0
148531699,148531290,0,nan,nan,0.4888475,0.6137827,-1.0077946,-0.0077543175,-0.13539916,-1.3845279,-0.011390784,0.06703136,0.002271473,0.003799489,0.00026199775,-4.1586667e-05,0.00071503007,-0.6265382,-1.8288884,0.51422733,1.5980834,6.9041875e-05,-0.10357334,1.2770605,9.985644e-06,nan,0.0,8.253702,-1.3845279,0.0037061316,0.0015359323,0.01097245,0.0015823259,inf,inf,inf,inf,inf,1,1,1,1,3,4,2,1,1,1,0,0,0,4,0,0
149031970,149031302,0,nan,nan,0.49708194,0.62796485,-1.0086284,-0.0077543175,-0.13539916,-1.3845279,0.048724,-0.05469747,0.00032839575,0.0010464853,0.00026199775,-4.1586667e-05,0.00071503007,0.07852642,-0.16405101,0.91720206,1.5909696,6.912766e-05,-0.11113053,1.2770605,9.817033e-06,nan,0.0,8.378713,-1.3845279,0.0035670358,0.0014810048,0.010651486,0.0015588922,inf,inf,inf,inf,inf,1,1,1,1,3,4,2,1,1,1,0,0,0,4,0,0
149541886,149541314,0,nan,nan,0.5025982,0.58903676,-1.0139382,-0.0077543175,-0.13539916,-1.3845279,0.028195279,-0.022948572,-0.005622853,-0.0048111733,0.00026199775,-4.1586667e-05,0.00071503007,2.3216398,2.5976007,0.069370106,1.5858651,6.7326684e-05,-0.11628557,1.2770605,9.719497e-06,nan,0.0,8.506236,-1.3845279,0.003518313,0.0014594524,0.010415566,0.0015407193,inf,inf,inf,inf,inf,1,1,1,1,3,4,2,1,1,1,0,0,0,4,0,0
150041884,150041323,0,nan,nan,0.50733674,0.570583,-1.0185442,-0.0077543175,-0.13539916,-1.3845279,0.039015636,0.03258069,0.0013656989,0.0026582035,0.00026199775,-4.1586667e-05,0.00071503007,-0.38174787,0.91457784,0.7101046,1.5900165,6.772357e-05,-0.11247221,1.2770605,9.709962e-06,nan,0.0,8.631249,-1.3845279,0.003577277,0.001467392,0.010480248,0.0015455789,inf,inf,inf,inf,inf,1,1,1,1,3,4,2,1,1,1,0,0,0,4,0,0
150541988,150541332,0,nan,nan,0.52934295,0.57751226,-1.0217036,-0.0077543175,-0.13539916,-1.3845279,0.03449875,0.039020047,-0.007914325,-0.0055221566,0.00026199775,-4.1586667e-05,0.00071503007,0.9953327,0.43639675,0.12801531,1.5928478,6.827079e-05,-0.11156303,1.2770605,9.752149e-06,nan,0.0,8.756251,-1.3845279,0.0036667136,0.0014876542,0.010640357,0.0015553306,inf,inf,inf,inf,inf,1,1,1,1,3,4,2,1,1,1,0,0,0,4,0,0
151035657,151031339,0,nan,nan,0.5373709,0.58573854,-1.0219154,-0.0077543175,-0.13539916,-1.3845279,-0.02510161,0.016019858,-0.008331965,-0.004422505,0.00026199775,-4.1586667e-05,0.00071503007,1.1728913,1.075017,0.62942976,1.5944433,6.964938e-05,-0.11253748,1.2770605,9.724364e-06,nan,0.0,8.878755,-1.3845279,0.0035956812,0.0014847984,0.010488956,0.0015447596,inf,inf,inf,inf,inf,1,1,1,1,3,4,2,1,1,1,0,0,0,4,0,0
151531962,151531347,0,nan,nan,0.5250201,0.59229827,-1.0196022,-0.0077543175,-0.13539916,-1.3845279,-0.01856669,0.00053041265,-0.013571069,-0.008803139,0.00026199775,-4.1586667e-05,0.00071503007,1.0657018,0.6855964,-0.7841701,1.5948861,7.1067254e-05,-0.11368282,1.2770605,9.673877e-06,nan,0.0,9.003743,-1.3845279,0.0035287803,0.0014756881,0.010353248,0.0015363533,inf,inf,inf,inf,inf,1,1,1,1,3,4,2,1,1,1,0,0,0,4,0,0
152031917,152031350,0,nan,nan,0.51463574,0.59294057,-1.0175191,-0.0077543175,-0.13539916,-1.3845279,-0.014461656,-0.012801705,-0.0069425567,-0.002309005,0.00026199775,-4.1586667e-05,0.00071503007,-1.101538,0.006678706,0.73221165,1.5929573,7.257246e-05,-0.11774678,1.2770605,9.689598e-06,nan,0.0,9.128733,-1.3845279,0.0035315293,0.0014700402,0.010385025,0.0015316637,inf,inf,inf,inf,inf,1,1,1,1,3,4,2,1,1,1,0,0,0,4,0,0
152531972,152531354,0,nan,nan,0.51466215,0.5913325,-1.0192698,-0.0077543175,-0.13539916,-1.3845279,0.025959298,0.0032767798,-0.0038086444,0.0001563312,0.00026199775,-4.1586667e-05,0.00071503007,0.26638246,0.8334317,-0.4977232,1.5927541,7.414838e-05,-0.12041516,1.2770605,9.692166e-06,nan,0.0,9.253717,-1.3845279,0.0035693927,0.001470046,0.010457959,0.0015350342,inf,inf,inf,inf,inf,1,1,1,1,3,4,2,1,1,1,0,0,0,4,0,0
153041951,153041357,0,nan,nan,0.515458,0.58537275,-1.0167192,-0.0077543175,-0.13539916,-1.3845279,0.0031187027,-0.013503663,-0.0064233327,-0.0030958927,0.00026199775,-4.1586667e-05,0.00071503007,-2.276882,-0.1476279,-0.004884042,1.5978049,7.573971e-05,-0.117488295,1.2770605,9.695956e-06,nan,0.0,9.381201,-1.3845279,0.0035477413,0.0014662365,0.010411497,0.0015312163,inf,inf,inf,inf,inf,1,1,1,1,3,4,2,1,1,1,0,0,0,4,0,0
153541772,153541359,0,nan,nan,0.52085567,0.58149034,-1.0173343,-0.0077543175,-0.13539916,-1.3845279,0.014292838,0.0076110754,-0.013104419,-0.010183985,0.00026199775,-4.1586667e-05,0.00071503007,-1.3071886,0.814042,-0.8723473,1.5957513,7.7366676e-05,-0.12274459,1.2770605,9.692169e-06,nan,0.0,9.506186,-1.3845279,0.003555375,0.0014607275,0.010411142,0.001527087,inf,inf,inf,inf,inf,1,1,1,1,3,4,2,1,1,1,0,0,0,4,0,0
154042098,154041360,0,nan,nan,0.52093965,0.58504814,-1.0146843,-0.0077543175,-0.13539916,-1.3845279,-0.0010551813,0.006898339,0.0016814863,0.0043205265,0.00026199775,-4.1586667e-05,0.00071503007,-0.63875276,-0.10754843,-0.42596218,1.5936797,7.9009966e-05,-0.12764905,1.2770605,9.7161665e-06,nan,0.0,9.631169,-1.3845279,0.003644797,0.0014743187,0.010541016,0.0015356116,inf,inf,inf,inf,inf,1,1,1,1,3,4,2,1,1,1,0,0,0,4,0,0
154531934,154531359,0,nan,nan,0.5212172,0.58971196,-1.0150429,-0.0077543175,-0.13539916,-1.3845279,0.020055534,8.3117346e-05,0.011420733,0.01361312,0.00026199775,-4.1586667e-05,0.00071503007,-0.3076022,-1.6469345,0.44165576,1.5942185,8.0591955e-05,-0.12883304,1.2770605,9.716793e-06,nan,0.0,9.75365,-1.3845279,0.0036117197,0.0014779575,0.010499426,0.0015324338,inf,inf,inf,inf,inf,1,1,1,1,3,4,2,1,1,1,0,0,0,4,0,0
155031745,155031358,0,nan,nan,0.5247754,0.5913151,-1.0137705,-0.0077543175,-0.13539916,-1.3845279,0.008217947,0.008306362,-0.00615532,-0.004431626,0.00026199775,-4.1586667e-05,0.00071503007,-0.2348186,-0.020583626,-0.49015823,1.5900668,8.22652e-05,-0.1358129,1.2770605,9.705898e-06,nan,0.0,9.878633,-1.3845279,0.0036267932,0.0014862918,0.010519012,0.0015341768,inf,inf,inf,inf,inf,1,1,1,1,3,4,2,1,1,1,0,0,0,4,0,0
155532077,155531356,0,nan,nan,0.5188901,0.5880096,-1.012013,-0.0077543175,-0.13539916,-1.3845279,-0.01912856,-0.01599813,0.018050268,0.019567162,0.00026199775,-4.1586667e-05,0.00071503007,-1.6367688,-1.725848,0.5116666,1.5880538,8.3901294e-05,-0.14005893,1.2770605,9.724341e-06,nan,0.0,10.003613,-1.3845279,0.0036441851,0.0014895946,0.010573956,0.0015350578,inf,inf,inf,inf,inf,1,1,1,1,3,4,2,1,1,1,0,0,0,4,0,0
156032178,156031353,0,nan,nan,0.51104504,0.5874924,-1.0109546,-0.0077543175,-0.13539916,-1.3845279,0.0129823405,0.011471721,0.0038754016,0.0055207666,0.00026199775,-4.1586667e-05,0.00071503007,2.376709,-0.2882427,1.7013619,1.5855188,8.565497e-05,-0.14462101,1.2770605,9.753878e-06,nan,0.0,10.128593,-1.3845279,0.0037388934,0.0015138985,0.0106984805,0.0015461749,inf,inf,inf,inf,inf,1,1,1,1,3,4,2,1,1,1,0,0,0,4,0,0
156541765,156541348,0,nan,nan,0.5036257,0.50146997,-1.0640044,-0.0077543175,-0.13539916,-1.3845279,-0.03786252,-0.6683684,-0.19244936,-0.1905408,0.00026199775,-4.1586667e-05,0.00071503007,-0.05958723,-2.4834595,2.0145502,1.5484482,8.728758e-05,-0.17947628,1.2770605,9.767542e-06,nan,0.0,10.256076,-1.3845279,0.0037358578,0.0015102373,0.011094342,0.0015553815,inf,inf,inf,inf,inf,1,1,1,1,3,4,2,1,1,1,0,0,0,4,0,0
157041925,157041343,0,nan,nan,0.4852573,0.009878466,-1.0542063,-0.0077543175,-0.13539916,-1.3845279,-0.020376924,-1.0352675,0.058319323,0.06365152,0.00026199775,-4.1586667e-05,0.00071503007,1.9591116,1.0012817,0.82416713,1.4422694,7.5575175e-05,-0.28327966,1.2770605,9.706836e-06,nan,0.0,10.381824,-1.3845279,0.0037076278,0.0015131825,0.0114323795,0.0018721669,inf,inf,inf,inf,inf,1,1,1,1,3,4,2,1,1,1,0,0,0,4,0,0
157541725,157541337,0,nan,nan,0.4580285,-0.30625686,-1.0380467,-0.0077543175,-0.13539916,-1.3845279,0.03236625,-0.294102,0.048121717,0.05028934,0.00026199775,-4.1586667e-05,0.00071503007,1.2704107,1.7252673,2.0296304,1.4537581,6.596506e-05,-0.26332805,1.2770605,1.0288727e-05,nan,0.0,10.50787,-1.3845279,0.0036422224,0.0015135766,0.011853734,0.0017131463,inf,inf,inf,inf,inf,1,1,1,1,3,4,2,1,1,1,0,0,0,4,0,0
158041893,158041330,0,nan,nan,0.50330824,-0.36370146,-1.0240216,-0.0077543175,-0.13539916,-1.3845279,0.16937114,-0.054656994,0.0065676956,0.007449243,0.00026199775,-4.1586667e-05,0.00071503007,0.17194535,-0.36378127,0.22529443,1.506125,5.0253962e-05,-0.2105913,1.2770605,9.6083e-06,nan,0.0,10.632979,-1.3845279,0.003907158,0.0015739863,0.011847167,0.0018168224,inf,inf,inf,inf,inf,1,1,1,1,3,4,2,1,1,1,0,0,0,4,0,0
158531709,158531323,0,nan,nan,0.56089544,-0.41358358,-1.0183479,-0.0077543175,-0.13539916,-1.3845279,0.0042775506,-0.049139403,0.00016303119,0.0037574884,0.00026199775,-4.1586667e-05,0.00071503007,0.11794437,-0.27388552,1.1731648,1.533966,4.2342315e-05,-0.18534906,1.2770605,9.707754e-06,nan,0.0,10.755507,-1.3845279,0.003602765,0.0015238255,0.010598456,0.0016074649,inf,inf,inf,inf,inf,1,1,1,1,3,4,2,1,1,1,0,0,0,4,0,0
159032105,159031314,0,nan,nan,0.52407074,-0.41829818,-1.0079253,-0.0077543175,-0.13539916,-1.3845279,-0.1412865,0.044963527,0.024198074,0.029971264,0.00026199775,-4.1586667e-05,0.00071503007,-0.19800414,0.4212844,0.2784306,1.5570122,4.3620163e-05,-0.16231892,1.2770605,9.613499e-06,nan,0.0,10.880517,-1.3845279,0.003708796,0.0015121452,0.010850029,0.0015782743,inf,inf,inf,inf,inf,1,1,1,1,3,4,2,1,1,1,0,0,0,4,0,0
159531959,159531304,0,nan,nan,0.48470238,-0.38970178,-0.99710876,-0.0077543175,-0.13539916,-1.3845279,-0.06324295,0.028019492,-0.003313797,0.0011255293,0.00026199775,-4.1586667e-05,0.00071503007,-1.9545281,0.031616025,0.033282302,1.5735924,4.3744887e-05,-0.14651674,1.2770605,9.44742e-06,nan,0.0,11.005532,-1.3845279,0.0036187153,0.0014961887,0.010578643,0.00154604,inf,inf,inf,inf,inf,1,1,1,1,3,4,2,1,1,1,0,0,0,4,0,0
160041701,160041293,0,nan,nan,0.49123016,-0.38747868,-0.9951188,-0.0077543175,-0.13539916,-1.3845279,0.007108947,-0.025970176,0.013148121,0.014643763,0.00026199775,-4.1586667e-05,0.00071503007,0.3318659,-0.46621275,0.80421245,1.5840899,4.486936e-05,-0.13945997,1.2770605,9.445122e-06,nan,0.0,11.13303,-1.3845279,0.0036808162,0.001497068,0.0107412925,0.0015578975,inf,inf,inf,inf,inf,1,1,1,1,3,4,2,1,1,1,0,0,0,4,0,0
160541669,160541282,0,nan,nan,0.49650744,-0.40600595,-0.9968392,-0.0077543175,-0.13539916,-1.3845279,0.0097723855,-0.017916067,-0.010397978,-0.012064859,0.00026199775,-4.1586667e-05,0.00071503007,-0.27093804,1.0228257,-0.3267294,1.5889736,4.6165344e-05,-0.13599582,1.2770605,9.392861e-06,nan,0.0,11.25801,-1.3845279,0.0035988423,0.0014846472,0.010487767,0.0015583955,inf,inf,inf,inf,inf,1,1,1,1,3,4,2,1,1,1,0,0,0,4,0,0
161041865,161041270,0,nan,nan,0.5050454,-0.4216326,-1.0015477,-0.0077543175,-0.13539916,-1.3845279,0.027026193,-0.0005080384,-0.008608361,-0.01288708,0.00026199775,-4.1586667e-05,0.00071503007,0.28797,0.85357416,-0.21894592,1.5951741,4.8235004e-05,-0.13188632,1.2770605,9.381341e-06,nan,0.0,11.382991,-1.3845279,0.003574045,0.0014731191,0.01046576,0.0015546415,inf,inf,inf,inf,inf,1,1,1,1,3,4,2,1,1,1,0,0,0,4,0,0
161541647,161541256,0,nan,nan,0.5201479,-0.42273664,-1.0057583,-0.0077543175,-0.13539916,-1.3845279,0.029951422,0.012355733,-0.016378986,-0.021989439,0.00026199775,-4.1586667e-05,0.00071503007,1.2513949,0.5301722,-0.2621009,1.5986242,5.028137e-05,-0.13098855,1.2770605,9.388175e-06,nan,0.0,11.507972,-1.3845279,0.0035997364,0.001478079,0.010494634,0.0015543008,inf,inf,inf,inf,inf,1,1,1,1,3,4,2,1,1,1,0,0,0,4,0,0
162031840,162031243,0,nan,nan,0.5279627,-0.42151403,-1.0108819,-0.0077543175,-0.13539916,-1.3845279,0.004347068,-0.00052073726,-0.0018553416,-0.007570363,0.00026199775,-4.1586667e-05,0.00071503007,0.852754,0.57758176,-0.14255774,1.6050091,5.2343185e-05,-0.12760068,1.2770605,9.35998e-06,nan,0.0,11.630452,-1.3845279,0.0036056766,0.0014846033,0.010435466,0.0015541239,inf,inf,inf,inf,inf,1,1,1,1,3,4,2,1,1,1,0,0,0,4,0,0
162531986,162531228,0,nan,nan,0.52146804,-0.42023033,-1.013896,-0.0077543175,-0.13539916,-1.3845279,-0.015728705,-0.012158694,0.006874786,0.001550525,0.00026199775,-4.1586667e-05,0.00071503007,-0.7619176,-0.90272367,0.12802374,1.6076511,5.4518736e-05,-0.12702596,1.2770605,9.350001e-06,nan,0.0,11.755431,-1.3845279,0.0035840014,0.001482014,0.010454597,0.0015447541,inf,inf,inf,inf,inf,1,1,1,1,3,4,2,1,1,1,0,0,0,4,0,0
163032036,163031213,0,nan,nan,0.51518834,-0.41779056,-1.0131044,-0.0077543175,-0.13539916,-1.3845279,0.017798116,0.011283304,0.004186924,-0.00084244885,0.00026199775,-4.1586667e-05,0.00071503007,0.49745563,-1.110428,-1.1143221,1.6129276,5.6736044e-05,-0.12365617,1.2770605,9.355761e-06,nan,0.0,11.880416,-1.3845279,0.003619468,0.001489538,0.010494095,0.0015457945,inf,inf,inf,inf,inf,1,1,1,1,3,4,2,1,1,1,0,0,0,4,0,0
163541759,163541196,0,nan,nan,0.5167509,-0.41633314,-1.0139366,-0.0077543175,-0.13539916,-1.3845279,0.011144077,0.004239275,0.022755658,0.01771748,0.00026199775,-4.1586667e-05,0.00071503007,0.050775453,0.41151363,1.2712162,1.6213897,5.89474e-05,-0.117638715,1.2770605,9.305928e-06,nan,0.0,12.007889,-1.3845279,0.0035418076,0.0014754916,0.01037384,0.0015326613,inf,inf,inf,inf,inf,1,1,1,1,3,4,2,1,1,1,0,0,0,4,0,0
164041591,164041179,0,nan,nan,0.51762044,-0.41480434,-1.0151553,-0.0077543175,-0.13539916,-1.3845279,0.003150105,0.016189897,0.004036244,-0.00093432027,0.00026199775,-4.1586667e-05,0.00071503007,0.6455994,0.16207236,0.7019695,1.6240277,6.116032e-05,-0.11701932,1.2770605,9.329381e-06,nan,0.0,12.132869,-1.3845279,0.0035865135,0.0014815802,0.010465984,0.0015358826,inf,inf,inf,inf,inf,1,1,1,1,3,4,2,1,1,1,0,0,0,4,0,0
164541789,164541162,0,nan,nan,0.5150903,-0.41772938,-1.0163404,-0.0077543175,-0.13539916,-1.3845279,-0.005621377,-0.0017735839,0.011981763,0.0074924994,0.00026199775,-4.1586667e-05,0.00071503007,-0.04245353,0.5450116,0.5385907,1.6239998,6.331911e-05,-0.119732656,1.2770605,9.312569e-06,nan,0.0,12.257848,-1.3845279,0.003578997,0.0014688985,0.010456599,0.00153189,inf,inf,inf,inf,inf,1,1,1,1,3,4,2,1,1,1,0,0,0,4,0,0
165041725,165041143,0,nan,nan,0.5103479,-0.41735718,-1.0152504,-0.0077543175,-0.13539916,-1.3845279,-0.015060337,-0.0014626143,-0.0011673667,-0.0045843804,0.00026199775,-4.1586667e-05,0.00071503007,-0.15400438,0.31570905,-0.13931902,1.6251745,6.552892e-05,-0.121360004,1.2770605,9.299987e-06,nan,0.0,12.382829,-1.3845279,0.0036049318,0.0014814823,0.01044477,0.0015379689,inf,inf,inf,inf,inf,1,1,1,1,3,4,2,1,1,1,0,0,0,4,0,0
165531714,165531125,0,nan,nan,0.5107273,-0.4153845,-1.014323,-0.0077543175,-0.13539916,-1.3845279,0.01788123,0.004167655,0.0108939195,0.008752333,0.00026199775,-4.1586667e-05,0.00071503007,1.0312537,-0.45183226,0.6230826,1.6231112,6.761066e-05,-0.12630779,1.2770605,9.272885e-06,nan,0.0,12.505308,-1.3845279,0.0035159148,0.0014658005,0.010335293,0.0015258805,inf,inf,inf,inf,inf,1,1,1,1,3,4,2,1,1,1,0,0,0,4,0,0
166031720,166031105,0,nan,nan,0.5148348,-0.41251552,-1.0141119,-0.0077543175,-0.13539916,-1.3845279,0.01141213,0.012586028,0.0028725264,0.0020045943,0.00026199775,-4.1586667e-05,0.00071503007,0.2677729,0.9340998,-0.29537964,1.6225578,6.977994e-05,-0.12905233,1.2770605,9.323932e-06,nan,0.0,12.630288,-1.3845279,0.0036464217,0.0014820378,0.010557643,0.0015368579,inf,inf,inf,inf,inf,1,1,1,1,3,4,2,1,1,1,0,0,0,4,0,0
166531693,166531085,0,nan,nan,0.39040497,-0.3787266,-1.0752378,-0.0077543175,-0.13539916,-1.3845279,-0.9494745,0.20170845,-0.1968122,-0.1965884,0.00026199775,-4.1586667e-05,0.00071503007,-3.9317615,-0.07433589,2.8865094,1.6544982,7.1813716e-05,-0.09233202,1.2770605,9.269276e-06,nan,0.0,12.755272,-1.3845279,0.0035453194,0.0014645993,0.010881617,0.0015508186,inf,inf,inf,inf,inf,1,1,1,1,3,4,2,1,1,1,0,0,0,4,0,0
167041671,167041063,0,nan,nan,-0.23517752,-0.32735124,-1.0643241,-0.0077543175,-0.13539916,-1.3845279,-1.0519198,-0.05970138,0.11857263,0.12163693,0.00026199775,-4.1586667e-05,0.00071503007,2.246834,-0.6784275,-0.9895713,1.6186595,5.6848767e-05,-0.08568774,1.2770605,9.283841e-06,nan,0.0,12.884177,-1.3845279,0.0038491152,0.0015311374,0.011322526,0.0019817105,inf,inf,inf,inf,inf,1,1,1,1,3,4,2,1,1,1,0,0,0,4,0,0
167541458,167541041,0,nan,nan,-0.48765802,-0.38039005,-1.0232137,-0.0077543175,-0.13539916,-1.3845279,-0.1074727,-0.10519036,0.019991148,0.021442933,0.00026199775,-4.1586667e-05,0.00071503007,-0.04842605,0.57479125,-1.468045,1.5204316,4.9999984e-05,-0.18192056,1.2770605,9.744335e-06,nan,0.0,13.010267,-1.3845279,0.0036514706,0.0015138944,0.012767274,0.0018680063,inf,inf,inf,inf,inf,1,1,1,1,3,4,2,1,1,1,0,0,0,4,0,0
168041768,168041019,0,nan,nan,-0.49441522,-0.41428426,-1.0230954,-0.0077543175,-0.13539916,-1.3845279,0.045531973,-0.024582416,0.0054092305,0.0064296755,0.00026199775,-4.1586667e-05,0.00071503007,0.71640474,1.1634697,1.0264182,1.5203975,3.356355e-05,-0.18105124,1.2770605,9.120081e-06,nan,0.0,13.135305,-1.3845279,0.0037936703,0.0015869299,0.011224532,0.0018589433,inf,inf,inf,inf,inf,1,1,1,1,3,4,2,1,1,1,0,0,0,4,0,0
168531703,168530996,0,nan,nan,-0.5152978,-0.43952382,-1.0192198,-0.0077543175,-0.13539916,-1.3845279,0.020317437,-0.04030428,0.004333991,0.008814962,0.00026199775,-4.1586667e-05,0.00071503007,-0.40923053,-0.43677506,0.90915805,1.5299432,3.120345e-05,-0.16757543,1.2770605,9.319494e-06,nan,0.0,13.257797,-1.3845279,0.0036018132,0.0015360129,0.010628814,0.0016068962,inf,inf,inf,inf,inf,1,1,1,1,3,4,2,1,1,1,0,0,0,4,0,0
169031363,169030972,0,nan,nan,-0.48960194,-0.45114627,-1.0155711,-0.0077543175,-0.13539916,-1.3845279,0.07164075,0.024586067,-0.019043593,-0.0108196065,0.00026199775,-4.1586667e-05,0.00071503007,0.32010224,0.61234516,0.54016584,1.5488435,3.260299e-05,-0.15026408,1.2770605,9.241969e-06,nan,0.0,13.382796,-1.3845279,0.0036446038,0.0015064819,0.010778594,0.0015502459,inf,inf,inf,inf,inf,1,1,1,1,3,4,2,1,1,1,0,0,0,4,0,0
169531704,169530947,0,nan,nan,-0.46658063,-0.4305735,-1.0148323,-0.0077543175,-0.13539916,-1.3845279,-0.027788429,0.051279012,-0.011623842,-0.0015534994,0.00026199775,-4.1586667e-05,0.00071503007,0.11502435,0.2399088,0.8544721,1.5620621,3.32797e-05,-0.13913374,1.2770605,9.088006e-06,nan,0.0,13.507799,-1.3845279,0.0035790901,0.0014730792,0.010556164,0.0015473703,inf,inf,inf,inf,inf,1,1,1,1,3,4,2,1,1,1,0,0,0,4,0,0
170041530,170040922,0,nan,nan,-0.4920675,-0.41575047,-1.0103908,-0.0077543175,-0.13539916,-1.3845279,-0.07496081,0.022436751,0.0027417592,0.013373555,0.00026199775,-4.1586667e-05,0.00071503007,1.0036942,-0.047023736,-0.07505324,1.568973,3.461604e-05,-0.13283558,1.2770605,9.077395e-06,nan,0.0,13.635293,-1.3845279,0.0036260367,0.0014755406,0.010532305,0.0015682348,inf,inf,inf,inf,inf,1,1,1,1,3,4,2,1,1,1,0,0,0,4,0,0
170541312,170540896,0,nan,nan,-0.50721353,-0.41491085,-1.0082201,-0.0077543175,-0.13539916,-1.3845279,-0.0030986052,0.009353091,-0.0053146933,0.0047853985,0.00026199775,-4.1586667e-05,0.00071503007,1.9096247,1.4515733,0.40556216,1.5752847,3.6655703e-05,-0.12836887,1.2770605,9.136445e-06,nan,0.0,13.760288,-1.3845279,0.0037822064,0.0015203529,0.010788212,0.0015867838,inf,inf,inf,inf,inf,1,1,1,1,3,4,2,1,1,1,0,0,0,4,0,0
171041640,171040870,0,nan,nan,-0.50801545,-0.41741255,-1.0080572,-0.0077543175,-0.13539916,-1.3845279,0.0087320395,0.00071823504,-8.320352e-05,0.009434142,0.00026199775,-4.1586667e-05,0.00071503007,-0.05159136,-0.3055775,0.5219912,1.5697287,3.8730006e-05,-0.135835,1.2770605,9.059846e-06,nan,0.0,13.885268,-1.3845279,0.0036770077,0.0015316034,0.01057811,0.0015832742,inf,inf,inf,inf,inf,1,1,1,1,3,4,2,1,1,1,0,0,0,4,0,0
171541238,171540843,0,nan,nan,-0.5090298,-0.4230802,-1.0064706,-0.0077543175,-0.13539916,-1.3845279,0.0017917686,-0.005216307,-0.0033991968,0.005667034,0.00026199775,-4.1586667e-05,0.00071503007,-0.14574933,0.2208483,-0.9095742,1.5667461,4.0882845e-05,-0.14060996,1.2770605,9.0700505e-06,nan,0.0,14.010247,-1.3845279,0.0036637005,0.0015306148,0.010594753,0.0015765025,inf,inf,inf,inf,inf,1,1,1,1,3,4,2,1,1,1,0,0,0,4,0,0
172041351,172040816,0,nan,nan,-0.50428784,-0.42389858,-1.0069954,-0.0077543175,-0.13539916,-1.3845279,0.0030402108,0.02359105,-0.00401854,0.0039278115,0.00026199775,-4.1586667e-05,0.00071503007,-1.0604287,1.8582278,0.0022323802,1.5776796,4.321472e-05,-0.13181795,1.2770605,9.0592275e-06,nan,0.0,14.135225,-1.3845279,0.003700419,0.001531874,0.010640715,0.0015753411,inf,inf,inf,inf,inf,1,1,1,1,3,4,2,1,1,1,0,0,0,4,0,0
172531351,172530788,0,nan,nan,-0.49488017,-0.42110276,-1.0066764,-0.0077543175,-0.13539916,-1.3845279,0.015861591,0.02565568,-0.0073384554,-0.000842591,0.00026199775,-4.1586667e-05,0.00071503007,-0.85749876,1.2821612,0.37046674,1.5900985,4.553691e-05,-0.12105292,1.2770605,9.043862e-06,nan,0.0,14.257706,-1.3845279,0.0036941413,0.0015336117,0.010609637,0.0015724418,inf,inf,inf,inf,inf,1,1,1,1,3,4,2,1,1,1,0,0,0,4,0,0
173031150,173030760,0,nan,nan,-0.49135715,-0.4210676,-1.0067325,-0.0077543175,-0.13539916,-1.3845279,-0.010112864,-0.0030344739,0.0034624215,0.008438445,0.00026199775,-4.1586667e-05,0.00071503007,0.11994108,0.203574,-0.44430512,1.6024443,4.7934256e-05,-0.111494325,1.2770605,9.092888e-06,nan,0.0,14.382685,-1.3845279,0.0037569667,0.0015337022,0.0107921045,0.0015690331,inf,inf,inf,inf,inf,1,1,1,1,3,4,2,1,1,1,0,0,0,4,0,0
173541472,173540730,0,nan,nan,-0.49775502,-0.4198582,-1.0055575,-0.0077543175,-0.13539916,-1.3845279,-0.011799283,-0.00041397137,0.0060447217,0.009303146,0.00026199775,-4.1586667e-05,0.00071503007,1.2140069,-0.77370644,0.8330979,1.6008934,5.046179e-05,-0.11532007,1.2770605,9.054669e-06,nan,0.0,14.510163,-1.3845279,0.0037969246,0.0015604646,0.010734945,0.0015767474,inf,inf,inf,inf,inf,1,1,1,1,3,4,2,1,1,1,0,0,0,4,0,0
174041280,174040701,0,nan,nan,-0.500625,-0.41740623,-1.0056924,-0.0077543175,-0.13539916,-1.3845279,-0.0036134156,0.009963032,-0.007444321,-0.005440544,0.00026199775,-4.1586667e-05,0.00071503007,-1.4431208,1.3091273,0.40295154,1.5944396,5.290385e-05,-0.124227464,1.2770605,8.9922e-06,nan,0.0,14.635142,-1.3845279,0.0036279997,0.0015316736,0.010560038,0.0015538153,inf,inf,inf,inf,inf,1,1,1,1,3,4,2,1,1,1,0,0,0,4,0,0
174541202,174540671,0,nan,nan,-0.4972207,-0.418464,-1.0071185,-0.0077543175,-0.13539916,-1.3845279,0.01034354,-0.01283757,-0.032600183,-0.031363655,0.00026199775,-4.1586667e-05,0.00071503007,-0.055085335,0.0653064,-1.3347591,1.6006231,5.529016e-05,-0.12096548,1.2770605,8.960805e-06,nan,0.0,14.760121,-1.3845279,0.0036001115,0.0015001625,0.010535293,0.0015427391,inf,inf,inf,inf,inf,1,1,1,1,3,4,2,1,1,1,0,0,0,4,0,0
175041178,175040641,0,nan,nan,-0.4913778,-0.4180894,-1.0106746,-0.0077543175,-0.13539916,-1.3845279,0.018179324,0.00014324032,-0.004817527,-0.0037271038,0.00026199775,-4.1586667e-05,0.00071503007,1.4324685,0.3270851,0.056299753,1.6103724,5.770269e-05,-0.114094585,1.2770605,8.93049e-06,nan,0.0,14.885101,-1.3845279,0.0036217603,0.0015002219,0.0104686385,0.0015457236,inf,inf,inf,inf,inf,1,1,1,1,3,4,2,1,1,1,0,0,0,4,0,0
175541189,175540610,0,nan,nan,-0.48992002,-0.4167488,-1.0127394,-0.0077543175,-0.13539916,-1.3845279,0.00804103,-0.007852532,-0.004823073,-0.0033325653,0.00026199775,-4.1586667e-05,0.00071503007,-0.8448883,-1.025972,-2.2802052,1.6253873,6.0190825e-05,-0.10156014,1.2770605,8.982836e-06,nan,0.0,15.010081,-1.3845279,0.003717723,0.0015250685,0.010619484,0.0015562497,inf,inf,inf,inf,inf,1,1,1,1,3,4,2,1,1,1,0,0,0,4,0,0
176030993,176030580,0,nan,nan,-0.49172547,-0.4121184,-1.0135919,-0.0077543175,-0.13539916,-1.3845279,-0.007746596,0.018870698,0.008442479,0.010470507,0.00026199775,-4.1586667e-05,0.00071503007,0.70634496,-0.071671724,0.42678434,1.6329772,6.25622e-05,-0.095788054,1.2770605,9.02188e-06,nan,0.0,15.132561,-1.3845279,0.0037329416,0.0015205803,0.010758106,0.0015536984,inf,inf,inf,inf,inf,1,1,1,1,3,4,2,1,1,1,0,0,0,4,0,0
176530952,176530548,0,nan,nan,-0.49568042,-0.3130274,-1.0502565,-0.0077543175,-0.13539916,-1.3845279,-0.0127570145,0.74548674,-0.13081557,-0.12864168,0.00026199775,-4.1586667e-05,0.00071503007,1.3028144,1.6309538,1.4786705,1.6477662,6.498214e-05,-0.08562302,1.2770605,9.006218e-06,nan,0.0,15.25754,-1.3845279,0.0037350364,0.0015238506,0.010975663,0.0015580478,inf,inf,inf,inf,inf,1,1,1,1,3,4,2,1,1,1,0,0,0,4,0,0
177041333,177040516,0,nan,nan,-0.49725834,0.20538539,-1.0579113,-0.0077543175,-0.13539916,-1.3845279,-0.002527712,0.92977715,0.04269882,0.04203272,0.00026199775,-4.1586667e-05,0.00071503007,0.86221796,-1.8302149,-0.21174717,1.6415176,5.9167392e-05,-0.09358972,1.2770605,9.1341e-06,nan,0.0,15.38595,-1.3845279,0.004222358,0.0016054689,0.011930783,0.0019137994,inf,inf,inf,inf,inf,1,1,1,1,3,4,2,1,1,1,0,0,0,4,0,0
177541045,177540484,0,nan,nan,-0.495179,0.45487002,-1.0268173,-0.0077543175,-0.13539916,-1.3845279,0.0023276228,0.18024422,0.053206626,0.054169565,0.00026199775,-4.1586667e-05,0.00071503007,-0.35687768,-2.663586,1.492793,1.6242136,5.4711607e-05,-0.10951478,1.2770605,9.412159e-06,nan,0.0,15.51179,-1.3845279,0.0038157974,0.0015906022,0.0120993005,0.0017466742,inf,inf,inf,inf,inf,1,1,1,1,3,4,2,1,1,1,0,0,0,4,0,0
178040865,178040451,0,nan,nan,-0.49301153,0.5018647,-1.0111064,-0.0077543175,-0.13539916,-1.3845279,0.0103499135,0.09010696,0.03273027,0.034190014,0.00026199775,-4.1586667e-05,0.00071503007,0.56203574,0.50470054,0.2536184,1.5953655,4.2791173e-05,-0.13811703,1.2770605,8.998299e-06,nan,0.0,15.636829,-1.3845279,0.003768563,0.001547867,0.011415428,0.0017412191,inf,inf,inf,inf,inf,1,1,1,1,3,4,2,1,1,1,0,0,0,4,0,0
178540985,178540418,0,nan,nan,-0.49931487,0.5722344,-1.008199,-0.0077543175,-0.13539916,-1.3845279,0.031371064,0.08607821,0.024158783,0.022456774,0.00026199775,-4.1586667e-05,0.00071503007,1.074477,-2.123191,1.4833424,1.5885724,3.9742576e-05,-0.14197461,1.2770605,9.007853e-06,nan,0.0,15.761826,-1.3845279,0.003553614,0.0015082568,0.010433489,0.0015810607,inf,inf,inf,inf,inf,1,1,1,1,3,4,2,1,1,1,0,0,0,4,0,0
179034704,179030386,0,nan,nan,-0.4819663,0.5850742,-1.0093745,-0.0077543175,-0.13539916,-1.3845279,0.06694035,-0.0119545655,-0.0056976867,-0.008469504,0.00026199775,-4.1586667e-05,0.00071503007,0.49050528,-0.23363921,0.14543372,1.5772153,4.149201e-05,-0.15589958,1.2770605,8.950338e-06,nan,0.0,15.884319,-1.3845279,0.0035691801,0.0014889423,0.010539852,0.001553865,inf,inf,inf,inf,inf,1,1,1,1,3,4,2,1,1,1,0,0,0,4,0,0
179530966,179530353,0,nan,nan,-0.4730773,0.5674743,-1.0135746,-0.0077543175,-0.13539916,-1.3845279,-0.031307768,-0.00074811693,-0.0018988659,-0.004114621,0.00026199775,-4.1586667e-05,0.00071503007,0.40093148,0.69307685,0.4848199,1.5706335,4.284716e-05,-0.16604318,1.2770605,8.862005e-06,nan,0.0,16.00931,-1.3845279,0.0036604134,0.0014928984,0.010612888,0.0015505246,inf,inf,inf,inf,inf,1,1,1,1,3,4,2,1,1,1,0,0,0,4,0,0
180041180,180040319,0,nan,nan,-0.49342012,0.5724564,-1.0120571,-0.0077543175,-0.13539916,-1.3845279,-0.032168064,0.039799906,0.012587433,0.011763453,0.00026199775,-4.1586667e-05,0.00071503007,0.50123036,-0.13654666,0.7475143,1.5687052,4.4519827e-05,-0.16969435,1.2770605,8.812228e-06,nan,0.0,16.136774,-1.3845279,0.003540295,0.0014668325,0.010426646,0.0015435454,inf,inf,inf,inf,inf,1,1,1,1,3,4,2,1,1,1,0,0,0,4,0,0
180541058,180540285,0,nan,nan,-0.49711516,0.5846509,-1.0098921,-0.0077543175,-0.13539916,-1.3845279,0.0032017129,0.019727034,-0.0016235763,-0.0010149684,0.00026199775,-4.1586667e-05,0.00071503007,-1.1252905,-1.0377523,0.50879186,1.5738481,4.658781e-05,-0.16660896,1.2770605,8.78342e-06,nan,0.0,16.261744,-1.3845279,0.003515243,0.0014743569,0.0102981925,0.001545834,inf,inf,inf,inf,inf,1,1,1,1,3,4,2,1,1,1,0,0,0,4,0,0
181040855,181040250,0,nan,nan,-0.4931823,0.59063864,-1.0109004,-0.0077543175,-0.13539916,-1.3845279,-0.0015587601,0.028412858,-0.016999999,-0.0148496395,0.00026199775,-4.1586667e-05,0.00071503007,0.29170948,2.3860202,0.13150719,1.5767277,4.8884693e-05,-0.16648719,1.2770605,8.872408e-06,nan,0.0,16.386703,-1.3845279,0.0037192844,0.0015030835,0.010695274,0.0015619827,inf,inf,inf,inf,inf,1,1,1,1,3,4,2,1,1,1,0,0,0,4,0,0
181540810,181540216,0,nan,nan,-0.49723148,0.5955887,-1.0119356,-0.0077543175,-0.13539916,-1.3845279,-0.0052821543,0.01358214,0.0037955604,0.007510801,0.00026199775,-4.1586667e-05,0.00071503007,0.08722562,1.1853998,0.4223667,1.5777092,5.112348e-05,-0.16760871,1.2770605,8.8380075e-06,nan,0.0,16.511667,-1.3845279,0.0036335122,0.0014922263,0.010552228,0.0015534528,inf,inf,inf,inf,inf,1,1,1,1,3,4,2,1,1,1,0,0,0,4,0,0
182040594,182040180,0,nan,nan,-0.49946266,0.593207,-1.0112165,-0.0077543175,-0.13539916,-1.3845279,-0.011791836,-0.006794377,-0.013912847,-0.009327369,0.00026199775,-4.1586667e-05,0.00071503007,-0.35496026,0.33159137,-0.113675706,1.5799325,5.345676e-05,-0.16779058,1.2770605,8.841849e-06,nan,0.0,16.63663,-1.3845279,0.0036261873,0.0014928078,0.010575373,0.0015487625,inf,inf,inf,inf,inf,1,1,1,1,3,4,2,1,1,1,0,0,0,4,0,0
182540748,182540145,0,nan,nan,-0.4983767,0.58478653,-1.0100933,-0.0077543175,-0.13539916,-1.3845279,0.006827876,-0.0007400017,-0.0022544444,0.0025630097,0.00026199775,-4.1586667e-05,0.00071503007,-0.4217142,2.058157,0.56053686,1.5780109,5.5741384e-05,-0.17247942,1.2770605,8.781677e-06,nan,0.0,16.761593,-1.3845279,0.0035405182,0.001471836,0.0103791915,0.0015359839,inf,inf,inf,inf,inf,1,1,1,1,3,4,2,1,1,1,0,0,0,4,0,0
183030516,183030110,0,nan,nan,-0.49601656,0.5828385,-1.0098009,-0.0077543175,-0.13539916,-1.3845279,0.003990602,-0.009488408,-0.011517836,-0.0071441554,0.00026199775,-4.1586667e-05,0.00071503007,0.30001193,-0.46875387,-0.2743628,1.5830419,5.8010264e-05,-0.1702644,1.2770605,8.816182e-06,nan,0.0,16.884058,-1.3845279,0.0036047092,0.0014775622,0.010495747,0.0015398003,inf,inf,inf,inf,inf,1,1,1,1,3,4,2,1,1,1,0,0,0,4,0,0
183530480,183530074,0,nan,nan,-0.48940066,0.58535385,-1.0070202,-0.0077543175,-0.13539916,-1.3845279,-3.363075e-05,-0.0072562345,0.0047888746,0.008221359,0.00026199775,-4.1586667e-05,0.00071503007,-1.8526142,-0.13702984,0.033771925,1.5868884,6.028582e-05,-0.16914105,1.2770605,8.826526e-06,nan,0.0,17.00902,-1.3845279,0.003613723,0.0014780898,0.01049882,0.0015372928,inf,inf,inf,inf,inf,1,1,1,1,3,4,2,1,1,1,0,0,0,4,0,0
184030718,184030038,0,nan,nan,-0.48835564,0.5810081,-1.0062546,-0.0077543175,-0.13539916,-1.3845279,0.008328987,-0.0069528115,0.0034462607,0.005713105,0.00026199775,-4.1586667e-05,0.00071503007,1.2319511,0.31921086,1.1410758,1.5913265,6.263622e-05,-0.16730568,1.2770605,8.829803e-06,nan,0.0,17.13398,-1.3845279,0.0036690487,0.001498264,0.010541581,0.001543719,inf,inf,inf,inf,inf,1,1,1,1,3,4,2,1,1,1,0,0,0,4,0,0
184540588,184540001,0,nan,nan,-0.49191117,0.58014685,-1.004945,-0.0077543175,-0.13539916,-1.3845279,-0.008561427,0.003513552,0.0018243585,0.0027624678,0.00026199775,-4.1586667e-05,0.00071503007,-0.9021665,-0.11675863,-0.25330946,1.5904117,6.491955e-05,-0.17091171,1.2770605,8.818175e-06,nan,0.0,17.26144,-1.3845279,0.0036135763,0.0014829534,0.010525551,0.0015351026,inf,inf,inf,inf,inf,1,1,1,1,3,4,2,1,1,1,0,0,0,4,0,0
185040509,185039964,0,nan,nan,-0.49627516,0.58184373,-1.004321,-0.0077543175,-0.13539916,-1.3845279,-0.0021366477,0.00082797295,0.0049070804,0.0047746464,0.00026199775,-4.1586667e-05,0.00071503007,-1.9025702,-0.050807096,-0.16836098,1.5889138,6.714424e-05,-0.17501967,1.2770605,8.756081e-06,nan,0.0,17.386396,-1.3845279,0.0035231821,0.0014709887,0.010320646,0.0015276509,inf,inf,inf,inf,inf,1,1,1,1,3,4,2,1,1,1,0,0,0,4,0,0
185540503,185539927,0,nan,nan,-0.49742267,0.5829378,-1.0057144,-0.0077543175,-0.13539916,-1.3845279,0.0060376865,0.009547887,-0.0014798968,-0.0025305615,0.00026199775,-4.1586667e-05,0.00071503007,0.10799201,-1.0342904,0.8890522,1.581977,6.9382826e-05,-0.18440923,1.2770605,8.790239e-06,nan,0.0,17.511356,-1.3845279,0.0036149037,0.0014813072,0.010477472,0.0015335884,inf,inf,inf,inf,inf,1,1,1,1,3,4,2,1,1,1,0,0,0,4,0,0
186040426,186039890,0,nan,nan,-0.49628246,0.58448625,-1.0066558,-0.0077543175,-0.13539916,-1.3845279,0.029260848,0.009763146,0.017827561,0.016232999,0.00026199775,-4.1586667e-05,0.00071503007,1.1032557,-1.2181011,0.4964398,1.5829496,7.153253e-05,-0.18605453,1.2770605,8.774011e-06,nan,0.0,17.636314,-1.3845279,0.0035530052,0.0014722093,0.010398901,0.0015287813,inf,inf,inf,inf,inf,1,1,1,1,3,4,2,1,1,1,0,0,0,4,0,0
186540572,186539852,0,nan,nan,-0.43951592,0.5325043,-1.0137424,-0.0077543175,-0.13539916,-1.3845279,0.4457486,-0.42549747,0.0060925414,0.0046899784,0.00026199775,-4.1586667e-05,0.00071503007,0.4646414,-1.4140811,-0.3858555,1.5656914,7.368989e-05,-0.18037379,1.2770605,8.759533e-06,nan,0.0,17.761274,-1.3845279,0.0035639734,0.0014778498,0.0104892105,0.0015378424,inf,inf,inf,inf,inf,1,1,1,1,3,4,2,1,1,1,0,0,0,4,0,0
187040585,187039814,0,nan,nan,-0.1305896,0.22866909,-1.0145745,-0.0077543175,-0.13539916,-1.3845279,0.54793894,-0.49760816,-0.009982304,-0.009678631,0.00026199775,-4.1586667e-05,0.00071503007,-0.65491194,1.401601,0.16622515,1.5873581,6.7100766e-05,-0.18430735,1.2770605,8.922832e-06,nan,0.0,17.886911,-1.3845279,0.0037683002,0.0015137811,0.011414324,0.001802892,inf,inf,inf,inf,inf,1,1,1,1,3,4,2,1,1,1,0,0,0,4,0,0
187540163,187539775,0,nan,nan,-0.037279245,0.12048544,-1.013368,-0.0077543175,-0.13539916,-1.3845279,-0.0250688,-0.009943414,0.012738704,0.012311599,0.00026199775,-4.1586667e-05,0.00071503007,-1.0056711,0.8909611,-0.80296063,1.6342579,6.3265965e-05,-0.13616045,1.2770605,9.130992e-06,nan,0.0,18.012394,-1.3845279,0.0040371413,0.0015943345,0.012531679,0.0017750639,inf,inf,inf,inf,inf,1,1,1,1,3,4,2,1,1,1,0,0,0,4,0,0
188040286,188039736,0,nan,nan,-0.034175012,0.10493205,-1.0081717,-0.0077543175,-0.13539916,-1.3845279,0.08201384,-0.04582852,0.0017763112,0.0017311301,0.00026199775,-4.1586667e-05,0.00071503007,1.503587,-1.1799989,-0.016298424,1.6455455,4.927794e-05,-0.12087963,1.2770605,8.691653e-06,nan,0.0,18.137373,-1.3845279,0.0035985818,0.0015361274,0.010763574,0.001659335,inf,inf,inf,inf,inf,1,1,1,1,3,4,2,1,1,1,0,0,0,4,0,0
188540233,188539697,0,nan,nan,0.0299065,0.08341441,-1.016112,-0.0077543175,-0.13539916,-1.3845279,0.06649974,0.0033069144,-0.01422973,-0.0132650575,0.00026199775,-4.1586667e-05,0.00071503007,1.7803285,0.62302023,1.4083419,1.6471211,4.778165e-05,-0.12059924,1.2770605,8.780446e-06,nan,0.0,18.26239,-1.3845279,0.0035446254,0.0014963422,0.010542401,0.0015624742,inf,inf,inf,inf,inf,1,1,1,1,3,4,2,1,1,1,0,0,0,4,0,0
189040307,189039658,0,nan,nan,0.01890432,0.08749416,-1.0140231,-0.0077543175,-0.13539916,-1.3845279,-0.08032402,-0.0008437098,0.004818935,0.006439507,0.00026199775,-4.1586667e-05,0.00071503007,-1.2977451,-0.1724276,-0.8786546,1.6564549,4.9419396e-05,-0.11250734,1.2770605,8.779043e-06,nan,0.0,18.387371,-1.3845279,0.0035934434,0.0014812826,0.010533441,0.0015507926,inf,inf,inf,inf,inf,1,1,1,1,3,4,2,1,1,1,0,0,0,4,0,0
189540166,189539618,0,nan,nan,-0.006624931,0.089769736,-1.0122339,-0.0077543175,-0.13539916,-1.3845279,0.00821073,0.0005321469,0.016320014,0.017016646,0.00026199775,-4.1586667e-05,0.00071503007,2.2472856,-0.47075576,1.0303636,1.6700827,5.0879637e-05,-0.09933778,1.2770605,8.716983e-06,nan,0.0,18.512384,-1.3845279,0.0035535865,0.001466207,0.01042654,0.0015366261,inf,inf,inf,inf,inf,1,1,1,1,3,4,2,1,1,1,0,0,0,4,0,0
190040340,190039578,0,nan,nan,0.0043356256,0.0931246,-1.0170513,-0.0077543175,-0.13539916,-1.3845279,0.038563218,0.033932358,-0.020483159,-0.021543361,0.00026199775,-4.1586667e-05,0.00071503007,0.37514165,1.9031253,-0.87187684,1.7050523,5.2523614e-05,-0.066297695,1.2770605,8.694587e-06,nan,0.0,18.637339,-1.3845279,0.0035743765,0.001470122,0.0104486635,0.0015417896,inf,inf,inf,inf,inf,1,1,1,1,3,4,2,1,1,1,0,0,0,4,0,0
190540361,190539538,0,nan,nan,0.010328489,0.09937006,-1.0211183,-0.0077543175,-0.13539916,-1.3845279,-0.009651891,0.007632061,-0.0072843935,-0.009289528,0.00026199775,-4.1586667e-05,0.00071503007,1.8528022,-0.9644472,0.21127401,1.7353145,5.443508e-05,-0.03783204,1.2770605,8.637914e-06,nan,0.0,18.762293,-1.3845279,0.0034862692,0.00145893,0.010287379,0.0015355168,inf,inf,inf,inf,inf,1,1,1,1,3,4,2,1,1,1,0,0,0,4,0,0
191040293,191039498,0,nan,nan,0.005220998,0.098979935,-1.0184219,-0.0077543175,-0.13539916,-1.3845279,-0.013040621,0.029084789,0.016916525,0.014790459,0.00026199775,-4.1586667e-05,0.00071503007,0.340102,1.3252913,0.39564073,1.7472368,5.6639026e-05,-0.026936302,1.2770605,8.680814e-06,nan,0.0,18.887249,-1.3845279,0.0035901566,0.0014781832,0.010439158,0.0015442017,inf,inf,inf,inf,inf,1,1,1,1,3,4,2,1,1,1,0,0,0,4,0,0
191539988,191539457,0,nan,nan,0.0033884256,0.1007627,-1.0170552,-0.0077543175,-0.13539916,-1.3845279,-0.016946368,-0.007899042,0.008667539,0.006743974,0.00026199775,-4.1586667e-05,0.00071503007,-0.46770626,-0.7902351,0.8582439,1.7500585,5.875384e-05,-0.025072468,1.2770605,8.645091e-06,nan,0.0,19.012201,-1.3845279,0.0035157166,0.0014723458,0.010318939,0.001536656,inf,inf,inf,inf,inf,1,1,1,1,3,4,2,1,1,1,0,0,0,4,0,0
192039972,192039416,0,nan,nan,0.0059679574,0.10625679,-1.0160931,-0.0077543175,-0.13539916,-1.3845279,-0.0168312,0.024304634,0.014786091,0.013329276,0.00026199775,-4.1586667e-05,0.00071503007,-1.9538575,-0.6788681,-0.009973739,1.8046654,6.0946164e-05,0.027117386,1.2770605,8.63997e-06,nan,0.0,19.137154,-1.3845279,0.0035068304,0.0014672944,0.010325695,0.0015306929,inf,inf,inf,inf,inf,1,1,1,1,3,4,2,1,1,1,0,0,0,4,0,0
192539938,192539375,0,nan,nan,-0.019089354,0.13889268,-0.95762,-0.0077543175,-0.13539916,-1.3845279,-0.08575642,0.10015274,0.35606524,0.3546874,0.00026199775,-4.1586667e-05,0.00071503007,1.4501324,0.58709675,1.2099751,1.8520292,6.315821e-05,0.07277317,1.2770605,8.6762375e-06,nan,0.0,19.26213,-1.3845279,0.0035821183,0.0014796705,0.010279767,0.0015406666,inf,inf,inf,inf,inf,1,1,1,1,3,4,2,1,1,1,0,0,0,4,0,0
193039922,193039334,0,nan,nan,-0.087967575,0.19491668,-0.63904405,-0.0077543175,-0.13539916,-1.3845279,-0.1710815,0.14846937,0.9163239,0.9143971,0.00026199775,-4.1586667e-05,0.00071503007,-0.36209297,0.12797606,0.9013327,1.8382763,6.522041e-05,0.057335515,1.2770605,9.002847e-06,nan,0.0,19.387152,-1.3845279,0.00354373,0.001503034,0.009814907,0.0015513842,inf,inf,inf,inf,inf,1,1,1,1,3,4,2,1,1,1,0,0,0,4,0,0
193539937,193539293,0,nan,nan,-0.1613944,0.2542944,-0.25590563,-0.0077543175,-0.13539916,-1.3845279,-0.058765896,0.088656776,-0.6931226,-0.69071275,0.00026199775,-4.1586667e-05,0.00071503007,0.44669184,0.8775786,-0.11200884,1.7895542,6.815261e-05,0.007407611,1.2770605,9.627131e-06,nan,0.0,19.51218,-1.3845279,0.0035994523,0.0015314169,0.010039934,0.001558753,inf,inf,inf,inf,inf,1,1,1,1,3,4,2,1,1,1,0,0,0,4,0,0
194040019,194039252,0,nan,nan,-0.18900697,0.31581718,-0.40534818,-0.0077543175,-0.13539916,-1.3845279,-0.10341768,0.16748054,0.16104253,0.17556377,0.00026199775,-4.1586667e-05,0.00071503007,-0.2105606,0.821154,2.7934368,1.775515,7.030041e-05,-0.0039426233,1.2770605,8.131231e-06,nan,0.0,19.6372,-1.3845279,0.0038640222,0.0015241137,0.011384168,0.0016340123,inf,inf,inf,inf,inf,1,1,1,1,3,4,2,1,1,1,0,0,0,4,0,0
194539851,194539210,0,nan,nan,-0.27593347,0.38791466,-0.22224593,-0.0077543175,-0.13539916,-1.3845279,-0.20856987,-0.05851557,-0.27905437,-0.26407996,0.00026199775,-4.1586667e-05,0.00071503007,-1.2879633,0.057312403,1.8404698,1.7509658,7.3779156e-05,-0.028661927,1.2770605,8.0007685e-06,nan,0.0,19.76224,-1.3845279,0.0034855902,0.0015145415,0.009249733,0.0016096962,inf,inf,inf,inf,inf,1,1,1,1,3,4,2,1,1,1,0,0,0,4,0,0
195039718,195039167,0,nan,nan,-0.37308046,0.40552428,-0.18733099,-0.0077543175,-0.13539916,-1.3845279,0.1099042,0.06359853,0.03307213,0.040842865,0.00026199775,-4.1586667e-05,0.00071503007,0.28262296,-0.03216511,3.499318,1.7511594,7.585127e-05,-0.025029855,1.2770605,8.137824e-06,nan,0.0,19.887281,-1.3845279,0.0036360782,0.0015349891,0.010185066,0.00173466,inf,inf,inf,inf,inf,1,1,1,1,3,4,2,1,1,1,0,0,0,4,0,0
195539694,195539124,0,nan,nan,-0.40077266,0.41973826,-0.17365907,-0.0077543175,-0.13539916,-1.3845279,-0.05998204,0.019972092,0.0070777894,-0.0021795325,0.00026199775,-4.1586667e-05,0.00071503007,-0.48551637,-0.22339301,0.049849603,1.7466193,7.6124765e-05,-0.025996098,1.2770605,8.178389e-06,nan,0.0,20.012293,-1.3845279,0.0035848292,0.0015639113,0.010661978,0.0017673383,inf,inf,inf,inf,inf,1,1,1,1,3,4,2,1,1,1,0,0,0,4,0,0
196039672,196039081,0,nan,nan,-0.43658683,0.41829625,-0.18841666,-0.0077543175,-0.13539916,-1.3845279,-0.07884908,0.007585125,0.014642356,-0.0042958516,0.00026199775,-4.1586667e-05,0.00071503007,0.014334508,0.1713033,-0.074362874,1.747038,7.784508e-05,-0.026284415,1.2770605,8.168495e-06,nan,0.0,20.137264,-1.3845279,0.0036279352,0.001563502,0.010576639,0.0017763751,inf,inf,inf,inf,inf,1,1,1,1,3,4,2,1,1,1,0,0,0,4,0,0
196539687,196539037,0,nan,nan,-0.4153183,0.4171904,-0.19329691,-0.0077543175,-0.13539916,-1.3845279,-0.010501564,0.003766982,0.01952675,0.0009455897,0.00026199775,-4.1586667e-05,0.00071503007,0.07044557,-0.1993454,-0.22122814,1.7479188,7.8870995e-05,-0.02630308,1.2770605,8.149378e-06,nan,0.1,0.010000001,-1.3845279,0.0035361345,0.0015570736,0.010377551,0.0019202769,inf,inf,inf,inf,inf,1,1,1,1,3,4,2,1,1,1,0,0,0,4,0,0
197039825,197038996,0,nan,nan,-0.38345438,0.41477522,-0.19273198,-0.0077543175,-0.13539916,-1.3845279,0.029317252,-0.0004642795,0.021040183,0.00464041,0.00026199775,-4.1586667e-05,0.00071503007,0.04844194,-0.025854759,0.025359828,1.7494328,8.0632184e-05,-0.026786646,1.2770605,8.145913e-06,nan,0.1,0.010000001,-1.3845279,0.0037598757,0.0016402574,0.010722296,0.0020962206,inf,inf,inf,inf,inf,1,1,1,1,3,4,2,1,1,1,0,0,0,4,0,0
