timestamp,timestamp_sample,xyz[0],xyz[1],xyz[2]
110775036,110774657,0.005547531,-0.03470828,0.00010917627
110776276,110775908,0.0062907473,-0.0346341,0.000104231694
110796160,110795915,0.004141109,-0.03363617,-0.00010142829
110817425,110817172,0.006352056,-0.033918943,-0.00018357596
110838807,110838429,0.00804238,-0.033277716,5.2571602e-05
110856179,110855936,0.004406719,-0.033867937,5.572584e-05
110876191,110875943,0.0051929206,-0.033900723,-6.671682e-05
110897464,110897200,0.008067459,-0.03474354,-9.3898e-05
110914949,110914706,0.0062588206,-0.035179663,2.3087825e-05
110936212,110935964,0.004513559,-0.035372302,9.088118e-06
110957466,110957222,0.0051227096,-0.035226718,-0.00020260662
110978721,110978479,0.008206554,-0.034142233,-4.521533e-05
110996236,110995985,0.0055732992,-0.03311996,7.569617e-05
111016237,111015992,0.0047131064,-0.033919822,-5.338355e-05
111037490,111037250,0.006321475,-0.033103693,-0.00012307898
111055046,111054756,0.006284567,-0.033939943,-3.5799112e-06
111076258,111076013,0.0056302263,-0.034924436,8.956863e-05
111097515,111097271,0.005678651,-0.035337605,5.5211117e-06
111115018,111114777,0.0070427544,-0.03454577,-8.157578e-05
111135024,111134784,0.005832621,-0.034704875,-4.079718e-05
111156284,111156042,0.0053308043,-0.0347406,2.8261502e-05
111195045,111194805,0.0073534423,-0.033702277,-8.429357e-05
111216522,111216063,0.0055005546,-0.03425449,1.945324e-05
111237557,111237320,0.0057952227,-0.03467227,3.9102964e-05
111255067,111254826,0.0063947574,-0.034598123,3.9643284e-05
111276437,111276084,0.0068628807,-0.03406529,2.9361122e-06
111297583,111297342,0.005147027,-0.03511974,-9.984199e-06
111317587,111317348,0.0061799586,-0.0358988,1.507344e-06
111335095,111334855,0.007130848,-0.03277996,4.011269e-05
111356352,111356112,0.006688341,-0.032853503,3.2643259e-06
111377606,111377370,0.006357583,-0.035001654,7.5032915e-07
111397618,111397377,0.0054543875,-0.03417539,-1.0584238e-06
111415122,111414883,0.0067841727,-0.033262987,-1.3665006e-05
111436382,111436140,0.005607092,-0.034312017,-3.2921915e-05
111457635,111457398,0.0064130076,-0.035720713,-1.3090981e-05
111475146,111474904,0.0060278308,-0.034749497,-3.2471493e-05
111496522,111496162,0.006469461,-0.03378793,-1.4705844e-05
111517669,111517419,0.006210523,-0.035125483,4.043582e-05
111535166,111534925,0.006205373,-0.034832258,2.4869454e-05
111556455,111556183,0.005187317,-0.033815302,-3.325639e-05
111576431,111576191,0.0056188107,-0.03306124,7.649034e-06
111597685,111597447,0.007326148,-0.03412775,2.9364484e-05
111615192,111614953,0.005536615,-0.03447555,-2.7077696e-05
111636451,111636211,0.0056758104,-0.033482518,7.0267333e-07
111657712,111657468,0.0061671725,-0.033793647,2.6814298e-05
111675212,111674974,0.0070664226,-0.03615955,3.0440411e-05
111696474,111696232,0.0046003456,-0.03429067,2.382924e-05
111716484,111716240,0.005147964,-0.032875102,4.8332164e-05
111737736,111737496,0.0073096054,-0.034969658,3.0933654e-05
111755243,111755002,0.006626474,-0.034847233,1.886239e-05
111776581,111776260,0.0039044493,-0.033042572,3.0074727e-06
111797755,111797517,0.0058807135,-0.033969183,2.8883546e-06
111817764,111817524,0.007543324,-0.034733642,-1.6115166e-05
111835270,111835030,0.005383878,-0.03505322,-2.7965072e-05
111856534,111856288,0.005110946,-0.033712473,-3.336866e-05
111877784,111877545,0.006997872,-0.03474258,-4.4430188e-05
111895290,111895051,0.007263174,-0.035274077,-2.7160999e-05
111916552,111916309,0.004236538,-0.033978738,1.3934066e-05
111936736,111936316,0.005095155,-0.033108525,-7.930274e-05
111957810,111957573,0.008133941,-0.033759907,-3.5435973e-05
111975320,111975080,0.0063602002,-0.03527616,8.3269995e-05
111996732,111996338,0.003491915,-0.033807267,-3.2508162e-06
112017831,112017594,0.0062731234,-0.034276094,-0.0001110997
112035339,112035101,0.008177102,-0.035425577,9.103285e-06
112056644,112056358,0.005029681,-0.03504571,8.030285e-05
112076607,112076365,0.0038621933,-0.033114403,-6.813662e-06
112097862,112097622,0.007753487,-0.035090808,-5.2177864e-05
112115366,112115129,0.0066870265,-0.034373738,2.4598381e-05
112136627,112136386,0.003832269,-0.034028985,-6.959031e-07
112157883,112157644,0.004603374,-0.03488389,-2.1497113e-05
112175391,112175150,0.007921025,-0.03506655,-1.538531e-05
112196648,112196407,0.0059712077,-0.034834627,-6.731989e-05
112216780,112216414,0.0034673945,-0.034004927,2.3376293e-05
112237907,112237671,0.0063841688,-0.034542717,4.3354303e-05
112255417,112255178,0.008195863,-0.03475137,2.3179795e-05
112276751,112276435,0.0052007684,-0.034365937,-2.914597e-05
112297933,112297693,0.0034115105,-0.03436313,-8.165061e-06
112315438,112315199,0.008351241,-0.03566042,-2.4596384e-05
112336702,112336456,0.006911435,-0.034353253,-2.0921269e-05
112356703,112356463,0.004379027,-0.034410376,2.0977684e-05
112377958,112377721,0.004745965,-0.035137396,2.351534e-05
112395469,112395227,0.007994005,-0.034823913,3.0915045e-05
112416730,112416484,0.006309021,-0.034090213,-2.3350916e-05
112437981,112437742,0.004324002,-0.03464719,-3.9623927e-05
112455488,112455248,0.0076580695,-0.035075106,-5.3593118e-05
112476750,112476505,0.0080200415,-0.03400608,-3.682238e-05
112496825,112496512,0.004758605,-0.03431012,6.67119e-05
112518006,112517770,0.004327835,-0.03576814,7.078997e-06
112535516,112535276,0.008565686,-0.03566629,-8.8295514e-05
112556772,112556533,0.0068686586,-0.033752676,2.7066137e-05
112578027,112577791,0.0043600197,-0.03494279,0.000101506805
112595536,112595297,0.0057411212,-0.035339914,-2.2190967e-05
112615542,112615304,0.007985496,-0.033954144,-3.425075e-05
112636814,112636561,0.0060743857,-0.032962512,8.1198705e-05
112658056,112657818,0.0048495946,-0.034917783,0.000109099135
112675567,112675325,0.0074232626,-0.036245458,-3.6421832e-05
112696826,112696582,0.007973177,-0.034688335,-1.4979914e-05
112718227,112717839,0.005566317,-0.03396087,8.227257e-05
112735585,112735346,0.004245608,-0.036401134,1.4974862e-05
112755593,112755354,0.008031805,-0.03507733,2.0653782e-05
112776901,112776612,0.0065782755,-0.033059865,7.7095625e-05
112798107,112797867,0.0051442324,-0.03510192,3.2034237e-05
112815612,112815373,0.005930968,-0.03624687,-3.4115747e-05
112836871,112836631,0.0071260403,-0.03507885,1.9342679e-05
112858124,112857888,0.0070986133,-0.033484098,1.1894776e-05
112875820,112875394,0.004994186,-0.036349863,-5.5857214e-05
112895638,112895401,0.006599742,-0.03592014,-6.051201e-05
112916901,112916659,0.007571278,-0.034421984,4.692249e-05
112938356,112937916,0.0068290504,-0.03461165,-3.3677457e-05
112955660,112955422,0.005089375,-0.03664242,-0.00016217034
112976919,112976680,0.006015328,-0.035114974,-6.4525164e-05
112996939,112996687,0.0069507323,-0.034500655,0.00013051911
113015688,113015443,0.005104687,-0.035407633,7.084344e-05
113035688,113035450,0.005975421,-0.036464237,-6.188199e-05
113056950,113056707,0.0068962853,-0.033350743,-5.2098145e-05
113079458,113079216,0.0067869877,-0.033961635,3.3961776e-05
113095710,113095471,0.005636382,-0.036311965,3.867991e-05
113116974,113116728,0.005964063,-0.03513318,-6.5055387e-06
113138225,113137986,0.006245555,-0.033721283,3.3840013e-05
113154525,113154242,0.0063034333,-0.035718672,8.246822e-05
113175734,113175499,0.005897467,-0.0360292,-2.219428e-05
113196997,113196756,0.005773203,-0.034931365,-4.3770222e-05
113218350,113218014,0.0063990173,-0.033886872,9.617168e-05
113235759,113235520,0.0064627104,-0.03572467,0.0001399329
113257016,113256777,0.0058961525,-0.035846468,-3.3954537e-05
113278273,113278034,0.005108546,-0.03419569,-9.4468945e-05
113294527,113294290,0.00681821,-0.035214864,9.3863855e-06
113315784,113315548,0.0064545707,-0.035523918,8.439517e-05
113337041,113336805,0.0056117205,-0.035040602,-4.3759086e-05
113358301,113358062,0.0061318143,-0.035170086,-0.00010804117
113375997,113375568,0.0076355897,-0.035438426,4.4912304e-05
113397066,113396826,0.0067061605,-0.03603861,3.5199915e-05
113417072,113416833,0.0046952986,-0.034179617,-0.00012272316
113434605,113434339,0.006408215,-0.034994207,-8.495898e-05
113455834,113455596,0.006684748,-0.03593067,0.00015334577
113477096,113476854,0.005679177,-0.03452496,3.0418376e-05
113498454,113498111,0.004889024,-0.034564573,-0.00013011687
113515858,113515617,0.007061842,-0.036400117,-4.4297194e-05
113537122,113536874,0.006955037,-0.035785187,7.2824565e-05
113558371,113558132,0.0049994714,-0.034460098,-1.5889657e-06
113574628,113574387,0.005963946,-0.03523235,-0.00012682196
113596107,113595645,0.0077817463,-0.03558855,1.5097056e-05
113617140,113616902,0.0067828083,-0.033997413,0.00011398585
113638399,113638160,0.005094614,-0.034664426,1.1017908e-05
113655980,113655666,0.0065227966,-0.036532234,-0.000105555366
113677165,113676923,0.008399612,-0.03655249,-2.3725534e-05
113697171,113696930,0.00684182,-0.034606025,0.00011548292
113714676,113714436,0.00441767,-0.03515205,1.6775888e-05
113735932,113735693,0.0074590584,-0.035302993,-0.00011671053
113757229,113756951,0.0076144836,-0.034090057,2.124231e-05
113778445,113778208,0.0050606607,-0.03459954,0.0001610183
113795954,113795714,0.0054648328,-0.0354172,4.9894712e-05
113817234,113816972,0.0075716665,-0.03523517,-0.0001530487
113837231,113836978,0.0069545284,-0.035610627,-3.0656236e-05
113854724,113854484,0.0043048616,-0.034384616,0.00010335587
113876109,113875742,0.0057454747,-0.035488132,3.458367e-05
113897238,113896999,0.008097219,-0.03544126,-0.00013623167
113918497,113918256,0.0067520835,-0.03393195,-4.8460144e-05
113936043,113935762,0.0032969296,-0.034822278,8.7610824e-05
113957258,113957020,0.007217887,-0.035617076,-5.6957033e-05
113977270,113977027,0.008286487,-0.035158437,-0.00018830091
113996023,113995783,0.0039331717,-0.03472653,2.6562984e-05
114016029,114015790,0.004857894,-0.03641771,0.00018707183
114037288,114037047,0.007258085,-0.03560289,-4.5584216e-06
114058543,114058305,0.008262644,-0.03419938,-0.000152104
114076049,114075811,0.0031502235,-0.03370087,1.6269174e-05
114096249,114095818,0.0070566055,-0.035280574,0.00015836833
114117316,114117075,0.007847233,-0.03511186,4.593804e-05
114134817,114134581,0.0053504417,-0.03477818,-6.428809e-05
114156103,114155838,0.0034958823,-0.035585567,-3.867398e-05
114177337,114177096,0.006863684,-0.03571405,4.5918165e-05
114198592,114198353,0.0086680595,-0.035335965,1.4766285e-05
114216099,114215859,0.004497881,-0.03408236,2.0702126e-05
114236104,114235866,0.00458135,-0.035150737,9.8908295e-06
114257365,114257123,0.007882134,-0.03559249,2.666931e-05
114274865,114274629,0.006078145,-0.034185383,2.1978854e-05
114296123,114295887,0.00394503,-0.034834486,-6.556703e-05
114317597,114317144,0.0060749403,-0.035626356,-6.775104e-06
114334900,114334650,0.007757346,-0.034302443,1.5043339e-05
114356146,114355907,0.0056727757,-0.03478743,6.077197e-06
114376275,114375914,0.0051096207,-0.035671018,1.2092779e-05
114397413,114397172,0.0072689746,-0.03536923,1.1987753e-05
114414916,114414678,0.007235998,-0.03419923,-0.00012047891
114436171,114435935,0.004848736,-0.035083495,-0.00013438906
114457433,114457193,0.0056818137,-0.035138708,3.4701414e-05
114478693,114478450,0.0076229866,-0.03496242,7.705407e-05
114496200,114495956,0.006349329,-0.034392174,-5.8173184e-05
114517454,114517213,0.004401382,-0.03465996,-0.00012393559
114537456,114537220,0.005657589,-0.03519066,-9.207705e-06
114554961,114554726,0.007281489,-0.03454098,8.851217e-06
114576226,114575983,0.0060379403,-0.034686383,-6.434274e-05
114597703,114597241,0.005944373,-0.03443177,-4.1318868e-05
114618738,114618498,0.005705029,-0.032786086,4.6762656e-05
114636246,114636004,0.006899167,-0.032657616,5.4977452e-05
114657570,114657261,0.0052646156,-0.032829877,-7.420886e-05
114677509,114677268,0.006177117,-0.03326173,-3.8415485e-05
114695014,114694774,0.0067908494,-0.03365194,0.0001095085
114716272,114716031,0.0056074844,-0.03203714,7.2904055e-05
114737529,114737289,0.004695791,-0.032515574,-0.00012494477
114757534,114757295,0.0060866545,-0.034525104,4.335518e-06
114776290,114776052,0.0056300084,-0.033821236,0.00017326456
114796295,114796059,0.004295802,-0.035143223,2.6594855e-05
114817759,114817316,0.0064086523,-0.03245715,-0.0001503139
114835059,114834822,0.0051897457,-0.03214126,-5.1693474e-05
114856320,114856079,0.007896591,-0.03391082,0.00013693153
114877687,114877337,0.003159697,-0.03335271,0.00013453308
114897587,114897343,0.009461588,-0.032387763,-8.065449e-05
114915087,114914849,0.008701347,-0.031819314,-2.0938603e-05
114936347,114936107,0.003712032,-0.03412181,6.793619e-05
114957604,114957364,0.0076291077,-0.030735737,0.0002038492
114975112,114974875,0.005271562,-0.033827323,0.00014727733
114996368,114996128,0.0070036775,-0.03180302,0.00011433296
115017625,115017385,0.006909644,-0.036181748,0.00019484195
115037629,115037391,0.0066015706,-0.031260055,5.387583e-05
115055133,115054897,0.0063538854,-0.038762677,-6.743186e-05
115076393,115076155,0.0057494077,-0.029691096,0.00018069561
115097776,115097412,0.009478169,-0.030075189,0.00032587096
115115158,115114918,0.007250087,-0.033931788,0.00010912554
115136415,115136175,0.0057769753,-0.029320367,-0.00012850051
115157674,115157433,0.0035116745,-0.031218335,-9.755681e-06
115177678,115177440,0.008056823,-0.03546721,0.0001266946
115195187,115194945,0.0067881593,-0.032069277,0.0002621927
115216443,115216203,0.011069305,-0.032897457,-2.0428572e-05
115237699,115237460,0.010620275,-0.03479349,-0.00014123828
115255398,115254966,0.005467701,-0.033498976,0.0001780319
115276463,115276223,0.0049775117,-0.033352975,0.00048664137
115297721,115297480,-0.001992689,-0.029899996,-4.99883e-05
115317851,115317487,-0.0013366087,-0.033926062,-4.647865e-05
115335231,115334993,2.3136601e-05,-0.026472393,0.00026162242
115356490,115356250,0.009180949,-0.031131858,0.0007711958
115377775,115377508,0.01704328,-0.028446987,8.954821e-05
115395251,115395014,0.004348574,-0.033871308,-0.00038992244
115416508,115416271,0.009091356,-0.02843215,0.00022549361
115437767,115437528,0.00473226,-0.037397165,0.00051801384
115457776,115457535,0.01330515,-0.029179111,-0.00011625275
115475460,115475041,0.004878432,-0.029672252,-0.00033114554
115496536,115496298,0.0056094057,-0.03537947,0.0007557152
115517795,115517555,0.0051592104,-0.041585978,0.00057830865
115535352,115535061,0.013978868,-0.03389873,-0.00023484632
115556560,115556318,-0.0023997775,-0.039621383,1.3499581e-05
115576563,115576325,-0.002782574,-0.037104633,0.0007799075
115597943,115597583,0.0016598741,-0.051793627,-2.2352304e-05
115615325,115615088,0.014960197,-0.030440398,-0.00022839241
115636583,115636345,0.0016503735,-0.041535217,0.0005647682
115657841,115657603,-5.1110866e-05,-0.03601858,0.00056929316
115675346,115675109,0.014858093,-0.0458422,0.00038942267
115696607,115696366,0.021497376,-0.04626873,0.00038699456
115716613,115716373,0.023631275,-0.042530123,-7.573321e-05
115737871,115737630,-0.0024057091,-0.035843898,6.033222e-05
115755489,115755136,0.022405738,-0.04199847,0.0005853786
115776638,115776396,-0.0059445626,-0.042771343,0.00037063492
115797889,115797650,0.012859572,-0.039749533,-5.8367666e-05
115815434,115815156,-0.0029230914,-0.026439497,-2.4284285e-05
115836652,115836414,0.007473286,-0.044387154,0.000827163
115856665,115856420,0.0138636585,-0.04856059,0.0012541736
115877960,115877677,0.008105588,-0.024790905,0.00017040556
115895421,115895183,0.0018259047,-0.042495526,-0.00068871805
115916681,115916440,0.012189376,-0.044637796,-0.00056612905
115937938,115937697,0.0031518266,-0.032963414,0.0005508846
115955442,115955203,0.021092156,-0.02630997,0.0013549747
115975648,115975210,-0.0049321344,-0.029717516,0.0007929405
115996709,115996467,0.02438074,-0.022098653,-0.0001673565
116017963,116017724,0.018878119,-0.013608789,0.0007661353
116035521,116035230,0.023631595,0.0041692574,0.00197277
116056723,116056487,0.0062345914,-0.008280996,0.0015202437
116077983,116077744,0.013742636,-0.015988879,-0.00072629406
116095486,116095250,-0.012556153,0.02346534,-0.00025556496
116116746,116116507,0.011603758,0.014148126,0.0018352118
116136754,116136514,0.0026559448,0.00935684,0.0024175344
116158009,116157771,0.016203232,0.017853018,0.0030793922
116175513,116175276,0.025278067,0.00083930726,0.0021155428
116196773,116196534,0.0085952915,0.019219803,0.0030502982
116218029,116217790,0.005849522,0.027532032,0.0031294564
116235537,116235296,-0.0022345537,0.024664076,0.001878721
116256913,116256553,0.024091344,0.044090904,0.0005541968
116278052,116277810,0.003204009,0.026409794,-0.00023877682
116298056,116297817,0.016333984,0.040786743,0.0012257015
116315561,116315323,0.008274695,0.027540872,0.002659035
116336820,116336580,-0.00042579885,0.018088482,0.0027355491
116358075,116357837,-0.013927321,0.032870613,0.000435886
116375579,116375342,0.015010555,0.021663398,-0.0012037333
116395590,116395349,0.0001729922,0.030256288,-0.0006061115
116416844,116416606,0.01911806,0.030545086,0.0018706474
116438104,116437863,-0.016071847,0.051628962,0.0035650856
116455613,116455369,0.021720592,0.032048833,0.0030138677
116477061,116476626,7.058681e-05,0.027215341,0.000867969
116498121,116497883,0.03848986,0.049737904,-0.00015946142
116515629,116515388,-0.013321838,0.0246078,0.0011778664
116535673,116535395,0.030990522,0.038304653,0.0024204524
116556890,116556652,-0.017238978,0.033584327,0.0022747698
116578149,116577909,0.03385815,0.04303486,0.0018171459
116595653,116595414,-0.0038902813,0.066419266,0.0014316591
116616909,116616671,0.03421159,0.05317549,0.001557785
116638173,116637928,0.005081687,0.040493775,-0.0003680971
116655677,116655434,-0.004756671,0.047648635,-0.0010782504
116675678,116675440,0.010437734,0.04432904,-0.00016605452
116697139,116696697,-0.005118367,0.032328766,0.0017009807
116714446,116714203,0.021962868,0.04903931,0.00411363
116735699,116735459,-0.0077789486,0.05715149,0.0042751958
116757066,116756716,0.032315858,0.058566846,0.0027173357
116778214,116777973,0.009768199,0.054703344,-0.0007344684
116795722,116795479,-0.0072269854,0.031368654,-0.002139756
116815723,116815485,0.021987353,0.06843258,-0.0019944562
116836980,116836742,0.0033554586,0.043549422,-0.0005993779
116858239,116857999,0.014213288,0.06881045,0.00044359334
116875740,116875504,0.015155682,0.0702838,-0.00028432065
116897001,116896761,0.0124586085,0.05049693,-0.0015773227
116917233,116916767,0.024993462,0.060592353,-0.0009194681
116935762,116935523,0.003213965,0.05864259,-0.00068877987
116955771,116955529,0.0004575363,0.054750234,-0.0016381368
116977155,116976786,0.010522198,0.06845031,-0.0043783644
116998283,116998043,0.00040783107,0.054107886,-0.0076767276
117015789,117015548,0.002568381,0.077468336,-0.009193657
117037043,117036805,0.012494626,0.051186495,-0.010028359
117057048,117056811,-0.010152502,0.058341455,-0.010979307
117074556,117074317,-0.011018466,0.06188639,-0.011438207
117095814,117095573,0.005782121,0.05874923,-0.012752082
117117068,117116830,0.014337617,0.05380938,-0.017506517
117138329,117138087,0.010511468,0.032011934,-0.020934999
117155831,117155592,-0.025192326,0.03382093,-0.02171397
117177086,117176849,0.008339159,0.021485751,-0.020331861
117197161,117196855,0.003664662,0.041573677,-0.016907625
117214599,117214360,-0.007291633,0.037721302,-0.014129092
117235854,117235617,0.00010540954,0.025320377,-0.010391884
117257163,117256874,-0.017849265,0.03390167,-0.0064225066
117278372,117278130,0.013676748,0.035716813,-0.0032692286
117295876,117295635,0.018661872,0.030641124,-0.0009668187
117317130,117316892,0.006599912,0.011786079,-2.2669064e-06
117337135,117336898,0.006432228,0.036006756,0.0006223217
117354751,117354404,-0.019831415,0.040557757,0.0011516567
117375896,117375660,-0.009891735,0.01837929,0.0027024245
117397155,117396916,0.013273815,0.029896675,0.0031965736
117418646,117418173,-0.004446617,0.021474302,0.0030621751
117435916,117435678,0.012133948,0.032550506,0.0028215793
117457235,117456939,0.0070918594,0.013634797,0.0014904989
117477244,117476942,-0.0031429965,0.026256222,0.0009886882
117494686,117494446,0.03165784,0.03586798,0.0010999208
117515940,117515703,-0.00013642295,0.008082424,0.0007869505
117537229,117536959,-0.011259026,0.031145873,-0.00023261926
117558457,117558216,-0.004748182,0.01613347,-0.00045522116
117576166,117575721,0.005306109,0.023966338,-0.0012550203
117597230,117596977,0.003500235,0.01253494,-0.00084923115
117617231,117616983,0.014931694,0.03149669,0.00023352113
117634752,117634488,-0.0014056214,0.025926996,0.000958226
117655983,117655745,0.0035358395,0.019171512,0.0017893877
117677240,117677001,0.0035816077,0.032574326,0.002261853
117698645,117698259,0.016570441,0.016487177,0.0025483884
117716004,117715763,-0.002520748,0.0047576283,0.0024648963
117737260,117737019,0.03296122,0.029694183,0.0017927323
117757497,117757418,0.0003541506,0.078993596,0.00073248765
117775592,117775516,0.017919872,0.012545998,0.0011947853
117796605,117796531,0.003527876,0.025355298,0.001946277
117817671,117817592,0.0020558853,0.023761181,0.0021450208
117838730,117838653,0.007689137,0.02192505,0.0023106518
117855277,117855200,-0.0034842563,0.03394815,0.0023103962
117876335,117876261,0.0097322855,0.037132632,0.001768722
117897420,117897322,0.01023142,0.0075597307,0.0014263581
117915450,117915374,0.0058995984,0.003427818,0.0018679958
117936514,117936435,-0.00072205387,0.0032489076,0.002168132
117957583,117957496,0.015033455,0.026314637,0.004470517
117978682,117978602,0.025784036,0.0249169,0.0067417314
117995199,117995114,0.002618511,0.013929004,0.008822676
118016285,118016211,-0.00034001796,0.020089697,0.011609111
118037301,118037226,0.015243186,0.023623617,0.013834141
118055353,118055278,2.6113607e-05,0.02416634,0.015309948
118076468,118076384,0.015434202,0.009973703,0.015897742
118097478,118097400,0.0038844652,0.031082004,0.015919061
118118535,118118460,0.004606803,0.012203005,0.015656048
118135082,118135008,0.01592348,0.016667796,0.015101441
118156146,118156069,0.0022859776,0.021902328,0.01429701
118177204,118177129,-5.837229e-06,0.018293254,0.01332216
118195258,118195182,0.027827555,0.03337805,0.012799759
118216318,118216242,0.009518318,0.016167039,0.011617007
118237378,118237303,0.0047428203,0.019030482,0.010675458
118258441,118258364,0.0145005,0.034541655,0.009777442
118274985,118274912,0.01682277,0.026623026,0.009352184
118296052,118295972,0.017976156,0.043384302,0.008956529
118317153,118317079,0.007420283,0.01428729,0.008789449
118335161,118335085,0.00046258865,0.029020304,0.009100449
118356224,118356146,0.0124099385,0.026173886,0.009323333
118377325,118377252,0.0044692536,0.03856091,0.010335714
118398345,118398268,0.0054464075,0.023404775,0.011551571
118414937,118414861,0.009478876,0.02567556,0.012187787
118435951,118435876,0.01687502,0.025510527,0.013015582
118457057,118456939,0.017823013,0.02738661,0.013872204
118475108,118475036,0.006054242,0.021707138,0.014148024
118496123,118496050,0.023741197,0.035432383,0.014814376
118517188,118517111,-0.009627898,0.026886169,0.014951918
118538247,118538172,0.0050067934,0.014383819,0.01473549
118556333,118556224,0.027451452,0.027534995,0.014154825
118575857,118575780,0.024282461,0.02314064,0.013753775
118596916,118596841,0.0066267136,0.026743049,0.013675249
118614967,118614893,-0.0075653866,0.012866322,0.01487916
118636031,118635954,0.031879947,0.014822452,0.016712109
118657088,118657014,0.009236988,0.017877303,0.01839706
118678197,118678121,0.013753477,0.009538813,0.019540831
118696205,118696128,0.0071317893,0.025524532,0.019665001
118717264,118717188,0.012847312,0.033098675,0.02020256
118736822,118736745,-0.011003911,0.020616325,0.02057517
118754882,118754796,0.015660862,0.011682876,0.020808078
118775978,118775903,0.017642356,0.027049439,0.019128162
118797032,118796918,0.0077336077,0.024200661,0.017084211
118818055,118817979,0.002338896,0.020701565,0.015515486
118836169,118836077,0.00289102,0.0050284197,0.014646857
118857169,118857092,0.0003770014,0.022608785,0.013087237
118878232,118878152,0.009529605,0.01751025,0.012271552
118894772,118894700,0.032485794,0.0150186075,0.011547458
118915838,118915761,0.0042048353,0.039838903,0.011777193
118936901,118936821,0.004599263,0.017151875,0.013005
118954946,118954873,0.027091075,0.0055811806,0.01457867
118976021,118975934,0.012883714,0.028016355,0.016668784
118997090,118996995,0.0057240403,0.013820097,0.019622823
119018135,119018056,0.014144698,0.009085247,0.021744955
119034680,119034603,0.018341223,0.018404713,0.023152122
119055737,119055664,-0.007001894,0.01513344,0.024961635
119076846,119076770,0.006610695,0.0070676305,0.025656838
119097864,119097786,-0.0033633728,0.0024080577,0.025448274
119115912,119115838,0.0039909035,0.010782804,0.025691565
119137064,119136944,0.024494452,0.029551953,0.026981696
119158039,119157959,0.002267294,0.014648956,0.028100993
119174628,119174552,-0.0010940132,0.015281811,0.028602853
119195644,119195568,0.0071580764,0.0023182959,0.029379118
119216707,119216628,0.022483015,0.004856442,0.029153205
119234798,119234726,0.016055549,0.014983089,0.028075013
119255814,119255741,0.0013971708,0.016150689,0.026385697
119276877,119276802,-0.0025575028,0.022610197,0.024776112
119297937,119297862,0.015756184,0.026408624,0.024559632
119314488,119314410,0.002544029,0.013776426,0.024555564
119335546,119335470,0.018873224,0.0084741125,0.025029937
119358111,119358035,0.019895548,0.0073685013,0.02491115
119377733,119377637,0.010107869,0.016882444,0.023914257
119395717,119395644,0.015625691,0.015803875,0.023076281
119416779,119416704,-0.008338376,0.014623373,0.022188336
119437892,119437811,0.010532846,0.010669329,0.02155975
119454386,119454313,0.0068589197,0.007248666,0.02117719
119475491,119475419,0.009163941,0.015597188,0.021057418
119496513,119496434,0.004785696,0.0078110187,0.020602493
119517568,119517495,0.004445102,0.008876476,0.020288555
119535687,119535592,0.015932186,0.007861087,0.020388842
119556679,119556607,0.0039335974,0.012983748,0.020844048
119577741,119577668,0.011062771,0.018359628,0.020520117
119594313,119594216,0.027473409,0.015276406,0.020448528
119615351,119615277,0.010774502,0.006450896,0.020639034
119636411,119636337,0.005580274,0.008799295,0.021635571
119657475,119657397,0.022123436,0.023720454,0.022517797
119675538,119675449,0.018806992,0.016951535,0.022836216
119696602,119696510,-0.0074379887,0.0054208357,0.022688512
119717659,119717570,0.015359885,0.016014243,0.020767247
119735743,119735623,0.019585367,0.018901862,0.01951691
119756759,119756683,-0.005821839,0.010902822,0.018432522
119776362,119776285,0.0008525702,0.005681265,0.017676687
119797376,119797300,0.0074947677,0.0057740128,0.017529331
119815452,119815352,0.0061226194,0.016081993,0.017016647
119836533,119836458,0.0034608946,0.014057781,0.016005475
119857552,119857474,0.0018055899,0.008721333,0.014682713
119875604,119875525,0.0049223523,0.009725455,0.013857002
119896704,119896632,0.021587698,0.016359983,0.013793874
119917726,119917647,0.014899573,0.013275241,0.013209896
119938781,119938707,0.00452303,0.0133475475,0.012746161
119955332,119955255,0.01816699,0.005197124,0.012650335
119976395,119976316,0.021214504,0.012596849,0.011850088
119997450,119997376,-0.003776116,0.005784846,0.011714654
120015504,120015428,0.008821781,0.01862534,0.011567038
120036563,120036489,0.010588167,0.024132494,0.012114874
120057628,120057549,0.010604042,0.014734126,0.012405903
120078691,120078610,0.013964491,0.019478943,0.012624012
120095241,120095157,0.0060361787,0.012268355,0.012261936
120116291,120116218,0.016895058,0.025515927,0.011822545
120137396,120137324,0.0021661618,0.021523602,0.011694499
120155406,120155331,0.008955269,0.0047981497,0.01061324
120176467,120176391,0.013021627,0.010920652,0.008985659
120197570,120197497,0.020973116,0.02813185,0.0077317613
120218588,120218513,0.0033917418,0.020848854,0.0064489245
120235200,120235106,0.010169751,0.011245061,0.006448538
120256200,120256121,0.0119302645,0.020219702,0.00699229
120277256,120277181,0.016869834,0.021431543,0.007046323
120295357,120295279,0.013524626,0.02268315,0.0068868343
120316367,120316294,0.0069132033,0.019015614,0.006236998
120337426,120337354,0.00027196368,0.014405965,0.0051633175
120358501,120358415,0.012602597,0.011763011,0.004463427
120375035,120374962,0.020270886,0.015257214,0.003931743
120396096,120396023,0.0074135214,0.010378628,0.003141202
120417157,120417083,0.00019911665,0.011131923,0.002876822
120435212,120435135,0.009792925,0.017227141,0.002790294
120456271,120456196,0.0065988675,0.0040330784,0.0028325145
120477329,120477256,0.021734092,0.025571885,0.0028944947
120498444,120498363,0.00932662,0.02254232,0.0025525857
120514941,120514865,-0.004486507,0.013967792,0.0020894269
120536044,120535971,0.001931924,0.010736303,0.0017956083
120557108,120556986,0.01009386,0.023732226,0.0028868911
120575113,120575037,0.006805476,0.0045014224,0.003965693
120596222,120596143,0.008281241,0.016882837,0.005224958
120617234,120617159,0.00010281433,0.012505634,0.0055539412
120638303,120638219,0.00073726365,0.0042656916,0.004980834
120654843,120654767,0.0012120514,0.013170589,0.0044682175
120675901,120675827,0.012517,0.011343571,0.0033626438
120696974,120696887,0.01916622,0.017848222,0.0027688036
120715012,120714939,0.012392739,0.016682794,0.0032525128
120736073,120736000,0.011469433,0.02000842,0.0040553706
120758643,120758565,0.019978624,0.014060687,0.005227571
120778208,120778121,-0.014407949,0.02139455,0.006443994
120796250,120796173,-0.0022828006,-0.005995261,0.0072799106
120815807,120815729,0.010431595,0.02566814,0.008152355
120838389,120838294,0.011229799,0.011698877,0.0090062665
120854937,120854841,0.013960134,0.01424772,0.009390079
120875978,120875902,0.00012689763,0.007888175,0.009509323
120897082,120897008,0.005952472,0.015126687,0.009600869
120918098,120918022,0.012269097,0.015923262,0.009393836
120936154,120936075,0.009669876,0.00819293,0.0091710705
120957255,120957180,0.0079899635,0.015049097,0.00911255
120978273,120978195,0.010759453,0.013404319,0.008741271
120994868,120994788,0.003156883,0.020864436,0.008727219
121015876,121015803,0.004591069,0.0047501028,0.00913674
121036952,121036864,0.015993765,0.0136158755,0.009015781
121058000,121057925,0.0015851214,0.013975205,0.008379355
121076048,121075976,0.020460937,0.02714687,0.007525718
121097132,121097036,0.0074322307,0.033064507,0.0070712217
121118172,121118097,0.011018537,0.009757282,0.0068596364
121134719,121134644,0.013486133,0.021019006,0.007579836
121155779,121155705,0.018059948,0.017708192,0.00847241
121176838,121176765,0.0132898465,0.02580847,0.009166442
121197944,121197871,0.00364535,0.009505784,0.009631154
121215968,121215877,0.01085084,0.014402923,0.0106472755
121237058,121236938,-0.0042006634,0.022081407,0.011873791
121258118,121258043,0.011836642,0.0202285,0.012575053
121274620,121274545,0.006789794,0.022584237,0.01278934
121295724,121295651,0.0038998993,0.01252171,0.013286466
121316743,121316666,0.010747683,0.017773645,0.014270883
121337799,121337726,0.022491561,0.020767057,0.015557816
121355898,121355824,0.008450741,0.004177255,0.015939811
121376912,121376839,0.0068479152,0.014996903,0.015635513
121397973,121397899,-0.0012954299,0.015494769,0.015128234
121414540,121414448,0.0044797063,0.013339815,0.015142252
121435592,121435507,0.015289844,0.015481195,0.015093029
121456642,121456567,0.012445267,0.0078019705,0.014869844
121477703,121477628,0.0042394376,0.0018267084,0.014946837
121495789,121495679,3.846456e-06,0.020895438,0.014953883
121516815,121516739,0.0021244674,0.020296093,0.015258786
121537872,121537800,0.017713401,0.014208809,0.015011884
121554437,121554347,0.005464696,0.01892498,0.014396858
121575482,121575408,-0.00017015217,0.013314777,0.013663477
121596586,121596514,0.012498534,0.016526572,0.012001456
121617600,121617528,0.013975878,0.02429373,0.010739918
121635653,121635580,0.006994343,0.023009209,0.0100692725
121656760,121656686,0.008835965,0.007984652,0.009342961
121677778,121677701,-0.004396594,0.0102672875,0.0092837345
121694370,121694294,-0.00083763804,0.017021554,0.0101459185
121715382,121715308,0.018984322,0.017121047,0.010612705
121737949,121737873,0.020634884,0.021620935,0.010333252
121757506,121757429,-0.0043596625,0.0088320635,0.010206341
121775556,121775481,0.0024034255,0.015937448,0.010562252
121796618,121796541,0.007387741,0.0127494875,0.011665737
121817676,121817601,0.01562624,0.025590288,0.013818948
121835758,121835653,0.016947448,0.016419003,0.015058408
121855314,121855209,0.0036764662,0.010383318,0.015548584
121876341,121876269,0.008940115,0.013861533,0.014731456
121897447,121897375,0.020413287,0.01886619,0.013658423
121915454,121915381,0.013068843,0.018114207,0.012125609
121936515,121936441,0.004085006,0.0113104,0.010827546
121957619,121957547,0.0012687964,0.02221981,0.010441106
121975627,121975553,-0.0069329836,0.009383694,0.010209876
121996691,121996614,0.011230526,0.003883959,0.010746609
122016244,122016169,0.006038566,0.017885208,0.011099825
122037319,122037230,0.0020791083,0.012880422,0.011287712
122055407,122055327,-0.0044010417,0.012113178,0.011926666
122076425,122076342,0.0107013285,0.0046563973,0.012977581
122097476,122097402,0.012401654,0.012054544,0.013139942
122115574,122115500,0.014755854,0.019749025,0.012688242
122136588,122136514,0.009249207,0.022011666,0.012049581
122157652,122157574,0.003668439,0.024833437,0.01164252
122178713,122178635,0.009062512,0.022213275,0.01107326
122195263,122195182,0.0115349,0.018257713,0.010647867
122216320,122216242,0.0057171523,0.020115344,0.009838252
122237383,122237303,0.008959174,0.028078139,0.009391647
122255431,122255354,-0.0053335875,0.0036610705,0.0086310385
122276492,122276414,0.009342128,0.012863499,0.008156532
122297548,122297474,0.008443047,0.016630739,0.007839303
122318681,122318584,0.0073981206,0.013497961,0.007796301
122335157,122335082,0.013342185,0.01001231,0.008074545
122356266,122356191,-0.01181005,0.01777393,0.008868493
122377314,122377202,0.009229556,0.015686225,0.009085523
122395327,122395254,0.010678168,0.00033413892,0.009297513
122416446,122416360,0.0056640254,0.01858894,0.009422521
122437451,122437374,0.008948174,0.018018333,0.009110966
122458530,122458434,0.02304717,0.0018091521,0.008141247
122475056,122474982,0.006389624,0.0117007345,0.00810042
122497625,122497546,0.0035528152,0.017884526,0.008507338
122517176,122517102,0.034991633,0.019199817,0.008393181
122535229,122535154,0.0209597,0.022309532,0.0077528604
122556287,122556214,-0.0054955534,0.006850003,0.0065177856
122577363,122577274,0.011516788,0.013654517,0.0059350277
122598408,122598334,-0.0023969614,0.012427189,0.0061382377
122614954,122614881,0.0115449205,0.020928875,0.0066626226
122636039,122635941,0.01314334,0.019235862,0.00719271
122657127,122657047,0.014657441,0.022469286,0.007484925
122675131,122675053,0.006102324,0.013588389,0.0077995597
122696192,122696113,0.012487253,0.02791553,0.007951312
122717312,122717219,0.008178583,0.032192767,0.008489714
122738307,122738234,0.019838676,0.009490133,0.008508715
122754901,122754827,0.00902162,0.017838378,0.008837588
122775913,122775841,0.006463502,0.013020596,0.009931668
122796976,122796901,0.014135758,0.017974915,0.010861296
122815090,122814998,0.0104760425,0.019712932,0.012053301
122836085,122836013,0.013216498,0.02045826,0.013737549
122857158,122857073,0.0027216217,0.018893898,0.014962424
122878208,122878133,-0.0026757892,0.017987981,0.015046512
122896271,122896184,0.008314775,0.015019673,0.01469639
122915813,122915740,0.014270782,0.016579429,0.014578889
122936875,122936800,0.009082788,0.006327681,0.014628825
122954924,122954852,0.020677676,0.024121301,0.014420669
122975985,122975912,0.007046475,0.012530187,0.015276644
122997072,122996972,0.00678423,0.023453847,0.0169834
123018164,123018080,0.010536536,0.023585599,0.01825665
123036194,123036084,-0.0016841491,0.006298943,0.018395407
123057221,123057144,0.009102051,0.009450447,0.018108241
123076824,123076701,0.0072376397,0.026087187,0.01730081
123094827,123094751,0.011965355,0.018266425,0.016078336
123115936,123115857,0.004534123,0.018286105,0.0150475
123136949,123136871,-0.0025545703,0.0038266217,0.014476
123158003,123157931,0.008285168,0.007683296,0.014556771
123176101,123176028,0.014168844,0.029876068,0.014778479
123197117,123197042,0.017037863,0.013844586,0.015085285
123218180,123218103,0.008783642,0.01688478,0.015620677
123234725,123234650,-0.0017757567,0.012942578,0.015937086
123255785,123255710,0.024466814,0.020492923,0.016441127
123276843,123276770,0.0076647713,0.023966812,0.016843721
123297906,123297830,-0.0020843414,0.0031330597,0.017180042
123315956,123315881,0.004454368,0.01847496,0.016854418
123337094,123336941,0.006794578,0.015462976,0.016190821
123358076,123358001,-0.0018640456,0.02470902,0.015502674
123374621,123374549,0.0018766252,0.0056155003,0.014785353
123395680,123395608,0.009418795,0.017729273,0.014339318
123416787,123416714,0.011645912,0.016504534,0.013945221
123437803,123437729,0.00014167564,0.016184224,0.013680502
123455857,123455780,-0.006370606,0.00912515,0.01377093
123476974,123476886,-0.002090389,0.01594003,0.013787352
123497974,123497900,0.014873556,0.013142686,0.014594281
123514568,123514493,0.010628515,0.006839521,0.01454366
123535585,123535507,0.007600022,0.013966305,0.014570188
123556643,123556567,0.0010265424,0.008054045,0.015351884
123577703,123577627,0.013072191,0.01766044,0.0151530905
123595757,123595678,0.008395105,0.01587383,0.015264074
123616815,123616739,-0.0029373602,0.0014109962,0.015677411
123637889,123637799,0.022033315,0.018743483,0.015483246
123654423,123654346,-0.0039199786,0.010054123,0.015466245
123675483,123675406,0.015863342,0.008336371,0.015881198
123696539,123696466,0.017308185,0.013085498,0.016568229
123717648,123717571,-0.0038083724,0.012827419,0.01695677
123735651,123735577,0.010378883,0.0148715135,0.017438263
123756710,123756637,0.028773844,0.018374676,0.01812843
123777815,123777743,0.0072680414,0.004022665,0.018625198
123794338,123794244,0.0008953054,0.004278891,0.019012118
123815426,123815349,0.020489698,0.017073011,0.019016229
123836442,123836364,0.010096276,0.018532626,0.017969256
123857497,123857424,0.008448214,0.01576366,0.016271615
123875597,123875521,-0.005128903,0.011161875,0.01545708
123896611,123896535,0.0045655267,0.0030708765,0.014688422
123917670,123917595,0.009591534,0.024721183,0.014109706
123935769,123935692,0.01658762,0.020844718,0.014398543
123955277,123955202,0.0051883715,0.013433177,0.014812199
123976341,123976262,0.013139873,0.016290588,0.015102162
123997417,123997322,-0.005808186,0.002336217,0.015604223
124015448,124015374,0.015386983,0.016202303,0.0160848
124036509,124036433,0.0060174284,0.0066508735,0.016463049
124057569,124057493,0.014071057,0.011687426,0.016526299
124075623,124075545,0.010365949,0.016197814,0.016463732
124096683,124096605,0.005995256,0.026412243,0.016408388
124117739,124117665,-0.004115252,0.022132153,0.01500242
124137302,124137221,0.023222633,0.015384994,0.013465035
124155352,124155272,0.012186765,0.015468919,0.012237031
124176451,124176377,7.460951e-05,0.015574331,0.011495149
124197465,124197392,0.0020627095,0.016877705,0.010554288
124215520,124215443,0.0006332382,0.01420222,0.009100446
124236621,124236548,0.0062889317,0.006942296,0.0077346535
124257649,124257562,0.016023891,0.021368958,0.0070968936
124278722,124278622,0.0029996422,0.008907623,0.007582598
124295244,124295169,0.0044960133,0.0065414077,0.008216169
124316303,124316229,0.01001567,-0.00088463235,0.009036143
124337367,124337289,0.0028406372,0.008129357,0.009880918
124355414,124355340,0.008907883,0.019263685,0.010435552
124376482,124376400,0.0064736926,0.01883925,0.010656864
124397534,124397460,0.0067013185,0.008611908,0.010877104
124418595,124418520,0.0061334334,0.0035358467,0.011608703
124435145,124435067,0.0141839525,0.00946343,0.011855641
124456229,124456129,-0.0035380502,0.015139541,0.012494784
124477307,124477233,0.006813297,0.010736048,0.013262321
124495313,124495238,0.013756224,0.015596021,0.0136628365
124516376,124516298,0.0223296,0.016333375,0.014475695
124537479,124537403,0.003811804,0.024406264,0.015143034
124558515,124558418,-0.0018545111,0.018843994,0.015733654
124575085,124575010,0.020397367,0.019698456,0.016482808
124596104,124596025,0.01639766,0.01642491,0.017194176
124617157,124617084,0.003176469,0.019717185,0.017484969
124635267,124635181,0.0010105397,0.0212021,0.01787435
124656272,124656196,2.4077239e-05,0.024055569,0.018350612
124677328,124677255,0.013035096,0.016952563,0.018730868
124698389,124698315,-0.0049730684,0.00789846,0.01846392
124716448,124716367,0.0008645165,0.008363958,0.017854556
124737538,124737428,0.0036985269,0.009649846,0.01818325
124757068,124756982,0.009669714,0.019262316,0.019462125
124775108,124775033,0.008582693,0.020471701,0.020689137
124796166,124796093,0.0052337414,0.012157032,0.02094865
124817227,124817152,0.01037537,0.022166396,0.019984126
124838357,124838258,0.005289541,0.017557943,0.018736433
124854833,124854759,0.015508316,0.01175526,0.018397378
124875936,124875865,0.0051483777,0.024604876,0.018632952
124896954,124896879,0.011393221,0.018871516,0.018972956
124915008,124914930,-0.0052282703,0.008036501,0.020141145
124936116,124936035,-0.0024766363,0.013103278,0.021177424
124957125,124957050,0.020859927,0.017752022,0.021750063
124978184,124978109,-0.00088596705,0.013071221,0.022326669
124996290,124996206,0.011303627,0.012248273,0.023077548
125015801,125015716,0.021293962,0.019700352,0.024096973
125036852,125036776,-0.0012076232,0.0011713975,0.023960968
125054945,125054830,0.014049743,0.015722938,0.023446746
125075962,125075887,0.0066193114,0.017012598,0.022731105
125097058,125096946,0.009917506,0.01400142,0.02207239
125118083,125118006,0.0075007086,0.013614296,0.020939372
125136135,125136058,-0.001347898,0.017540615,0.020407334
125157196,125157117,0.018113432,0.014258302,0.020685341
125178255,125178177,0.0026069696,0.009421432,0.01984087
125194798,125194724,-0.0014161047,0.016824152,0.01981269
125215855,125215783,0.024228314,0.017720224,0.019899588
125236965,125236889,0.006098506,0.016412446,0.019509522
125257977,125257903,-0.001975286,0.009363337,0.019508207
125276025,125275954,0.008005368,0.007751867,0.019572718
125297171,125297059,0.009013347,0.012133627,0.019721065
125318150,125318074,0.0017062222,0.013364925,0.020310288
125334746,125334666,0.005118496,0.0104367,0.020623587
125355756,125355680,0.0038865765,0.0032905543,0.020710027
125376819,125376740,0.005216822,0.020005012,0.021193841
125394911,125394837,0.011472549,0.015928783,0.022262797
125415924,125415851,0.0005499211,0.010875602,0.022975443
125437025,125436910,0.0126492325,0.012512056,0.022490712
125458044,125457970,0.0060757855,0.012583883,0.021171123
125474592,125474517,0.011388134,0.017958079,0.020181088
125495650,125495577,0.012219219,0.016829282,0.018662982
125516710,125516636,0.00062394014,0.011805178,0.017860346
125537816,125537742,0.01343935,0.021987654,0.018203162
125555821,125555747,0.00082445925,0.014340429,0.01866112
125576883,125576807,0.022929618,0.0095372535,0.01879276
125597985,125597912,0.00082849595,0.013326024,0.018628482
125614492,125614414,0.00031714744,0.007660641,0.019022167
125635595,125635519,0.011157326,0.012701001,0.018849058
125656607,125656533,0.0012093867,0.0121245645,0.01753785
125677669,125677592,0.0025595035,0.007367802,0.016058868
125695765,125695689,0.012765567,0.013910305,0.014325579
125716778,125716703,0.017137125,0.020459892,0.011985631
125737841,125737763,0.009782899,0.014917148,0.009638685
125754402,125754311,0.010174392,0.008361799,0.008005319
125775458,125775369,0.018118443,0.021160739,0.007047122
125796503,125796429,0.019381635,0.021856073,0.0062717455
125817567,125817489,0.009474118,0.012106525,0.0061086304
125835613,125835540,0.006096984,0.02265128,0.006387369
125856676,125856599,0.0018939583,0.023435667,0.007099239
125877736,125877659,0.0122837825,0.018846316,0.008332866
125894280,125894206,0.016467493,0.013290715,0.0089331195
125915341,125915265,0.00439338,0.014970636,0.008234534
125936447,125936371,0.004506635,0.02242851,0.007197603
125957460,125957385,0.0019582028,0.008454797,0.007085686
125975547,125975436,0.008395984,0.010435194,0.007463377
125996615,125996541,0.009187022,0.0087706065,0.008723238
126017633,126017555,0.01331691,0.014914899,0.009280711
126035727,126035606,0.008683984,0.0152406925,0.009525207
126055237,126055162,0.0070984294,0.008110824,0.009887237
126076297,126076221,0.007641861,0.010199914,0.008625518
126097356,126097280,0.019844702,0.022706788,0.007184389
126115404,126115332,0.0132050235,0.019279553,0.006500153
126136469,126136391,0.011905721,0.016681278,0.0067463703
126157527,126157451,-0.0020616266,0.012881604,0.007223835
126175580,126175502,0.0048867213,0.015866239,0.0074849133
126196638,126196562,0.0005361514,0.012377776,0.0075850515
126217697,126217621,0.00601198,0.004384531,0.008154214
126238755,126238681,0.0017194989,0.014505538,0.008285554
126255326,126255227,-0.0007556622,0.015059832,0.008796052
126276363,126276287,-0.008038484,0.015083143,0.009632018
126297468,126297392,0.009003172,0.01579472,0.009910767
126315474,126315398,0.0025504688,0.011027566,0.0102512315
126336546,126336457,0.018658698,0.01835499,0.011132392
126357641,126357562,0.0067761657,0.0008359506,0.011466194
126378653,126378576,-0.004519192,0.0031615738,0.011279475
126395244,126395169,0.007431748,0.012167095,0.010569205
126416262,126416183,0.002802304,0.0078034825,0.009066434
126437316,126437242,0.0016077475,0.012575644,0.00722731
126455422,126455340,0.00070193916,0.011215146,0.0063983337
126476430,126476353,0.00035381946,0.009980297,0.0051436475
126497487,126497412,0.00313946,0.010911104,0.004418928
126518595,126518472,0.01796578,0.006894213,0.00485078
126535094,126535019,0.0009378659,0.016557822,0.005330388
126556153,126556078,0.004244695,0.020895297,0.005724028
126577254,126577138,0.005247564,0.012272922,0.007082724
126595263,126595189,-0.0020824722,-0.0020603666,0.008659044
126616326,126616248,0.0044112448,0.012854752,0.010039295
126637386,126637308,0.007149544,0.012898669,0.010798932
126658492,126658413,0.0021772054,0.023271982,0.011111761
126674992,126674914,-0.010267776,0.0045374967,0.011016852
126696094,126696019,0.0061397227,0.012995079,0.011095013
126717106,126717033,0.013298714,0.023358546,0.011621953
126735156,126735084,0.004942265,0.011477109,0.011522908
126756269,126756190,0.005186257,0.0068793683,0.011447655
126777279,126777203,-0.00067758653,0.0033420895,0.011936204
126798336,126798262,0.0075764246,0.010848282,0.013235529
126814882,126814809,0.012234533,0.014807107,0.01369558
126835942,126835869,-0.00486357,0.010874933,0.013809687
126857005,126856928,0.0022404422,0.008912424,0.01464687
126875055,126874979,0.010426409,0.019790253,0.014766767
126896115,126896038,0.015802154,0.012354197,0.014880486
126915689,126915594,-0.0093286,0.013940343,0.014423066
126935231,126935149,0.007266853,0.010213322,0.012954887
126956288,126956209,0.0036837994,0.014315506,0.012290842
126977347,126977268,0.0025998615,0.009930638,0.012615771
126996945,126996869,0.008019068,0.0194339,0.0123327775
127014947,127014874,0.0114961015,0.023440206,0.011409637
127036008,127035934,0.007189483,0.018784096,0.009655321
127057112,127057039,0.0065815845,0.008616354,0.007939043
127078129,127078053,0.022791397,0.009422453,0.0069136
127096183,127096103,0.019759584,0.028477047,0.0055076503
127115752,127115659,0.0069681704,0.0087180035,0.00395674
127136799,127136718,0.011939843,0.016794477,0.0034947775
127154893,127154815,0.01287427,0.016171334,0.0036380193
127175902,127175829,0.02049404,0.02587471,0.0042882003
127196997,127196888,0.004395823,0.01729842,0.004497836
127218024,127217948,0.0032827659,0.015468015,0.0045941654
127236091,127236000,0.00836815,0.018509192,0.0049652653
127257168,127257058,0.0001094545,0.016143277,0.005819706
127278199,127278117,-0.000113418544,0.020724358,0.006522309
127294761,127294664,0.0077236253,0.008167241,0.007493355
127315798,127315723,0.014033396,0.0150307845,0.008301386
127336857,127336783,0.0074904375,0.026940588,0.009478516
127357965,127357888,0.00086145214,0.008120505,0.010782716
127375980,127375894,0.0066418448,0.010305977,0.012010726
127397074,127396953,0.009382776,0.009981711,0.0131709445
127418133,127418058,0.011394049,0.019887652,0.013545684
127434633,127434559,0.0003433658,0.013754497,0.013943675
127455738,127455664,0.004829013,0.006006522,0.013519693
127476756,127476678,0.015778093,0.013581738,0.013439869
127497826,127497737,0.008604407,0.01921594,0.0130180735
127515906,127515833,0.00918023,0.020758938,0.012057139
127536948,127536847,-0.0029594968,0.0059356717,0.010649065
127557980,127557906,0.0071718544,0.014078,0.009518994
127574566,127574453,0.015850449,0.01396927,0.009193818
127595590,127595513,0.01372638,0.017996613,0.00960873
127616646,127616572,-0.0037445917,0.008672474,0.009873416
127637704,127637631,0.011740536,0.015308324,0.009574974
127655756,127655682,0.0139697995,0.016056405,0.009993884
127676817,127676742,0.011027175,0.01529297,0.010507239
127697874,127697801,0.008769987,0.023299986,0.010682298
127714422,127714348,6.279537e-05,0.008113763,0.010360208
127735481,127735407,0.022289135,0.02006557,0.009548781
127756587,127756512,0.010122773,0.022064548,0.008959051
127777600,127777526,0.014045681,0.011804237,0.009308961
127795661,127795577,-0.0031065983,0.01167116,0.009423098
127816754,127816682,-0.002728707,0.026740508,0.009517104
127837770,127837695,0.00722907,0.02244721,0.010155572
127854382,127854288,0.012348138,0.018479615,0.011087168
127875379,127875302,-0.0012955043,0.020013463,0.011925969
127896436,127896361,-0.0009632279,0.019977992,0.012444081
127917494,127917420,0.016107438,0.014855787,0.012650627
127935548,127935471,0.011086421,0.011234029,0.0127690965
127956606,127956530,-0.003762709,0.010387407,0.012900321
127977664,127977590,0.004197185,0.009594212,0.012593358
127995723,127995641,-0.004414611,0.0027449625,0.0120706605
128016777,128016700,-0.0024955105,0.0076828795,0.011668253
128036330,128036255,0.0065995296,0.020950593,0.01210065
128057435,128057360,-0.007811132,0.017169125,0.012799321
128075438,128075365,-0.0038545493,0.006952983,0.012664105
128096504,128096425,0.0059286566,0.009857317,0.012798489
128117654,128117531,0.010768613,0.01988274,0.012560518
128135611,128135535,0.017006109,0.017475542,0.011189491
128156674,128156594,0.0036990321,0.012806582,0.010132684
128177775,128177699,0.005392696,0.013877556,0.009774268
128197291,128197209,0.010442392,0.019690901,0.009817991
128215378,128215305,0.0073535633,0.0095117,0.010097377
128236393,128236319,-0.00080261193,0.014204056,0.009988239
128257452,128257378,0.005587813,0.0070208795,0.010281563
128275547,128275474,0.009389411,0.005695389,0.010808974
128296561,128296488,0.018208578,0.012474605,0.011068354
128317621,128317548,0.012630185,0.014185729,0.01070382
128338683,128338607,0.00875555,0.015011537,0.010575745
128355232,128355153,0.0024898057,0.009789698,0.0107736625
128376287,128376213,0.016568467,0.0143407965,0.010744633
128397363,128397272,0.00082986313,0.013110866,0.011172312
128407890,128407802,-0.0008080809,0.015972123,0.011497138
191846174,191846093,0.06561643,0.077420585,0.011287445
191849176,191849101,0.0920448,0.10395681,0.011404927
191867272,191867194,0.09702832,0.08149498,0.008496648
191888286,191888204,-0.018501064,0.005943234,-0.0039482447
191907832,191907755,-0.006330016,0.0060769534,-0.018377686
191925877,191925803,0.008048586,0.015685981,-0.030008433
191946935,191946859,0.010720529,0.016180644,-0.04111539
191968028,191967915,0.0018698876,0.00884764,-0.048414767
191986037,191985962,0.007911758,0.019531844,-0.05260832
192007091,192007018,-0.0018057493,0.023056498,-0.056026738
192028151,192028073,0.006254763,0.021045243,-0.058654983
192049203,192049129,0.0033876777,0.015344847,-0.061088845
192065751,192065673,0.0055520837,0.017852323,-0.06320756
192086829,192086729,0.004031192,0.015617347,-0.06564694
192107905,192107830,0.012552562,0.024373233,-0.066895306
192128914,192128840,0.0042127506,0.01673266,-0.067600965
192146964,192146888,0.0039674877,0.008522229,-0.068811074
192168064,192167989,-0.002774792,0.020200005,-0.07045127
192189074,192188999,0.007857006,0.020171853,-0.07095105
192205665,192205588,0.003645282,0.017603338,-0.071088865
192226672,192226598,0.013185132,0.014834985,-0.070863254
192247732,192247654,0.0002602573,0.02085719,-0.07088522
192268787,192268709,-0.013493523,0.010998405,-0.07086138
192286833,192286757,0.0045380723,0.00961421,-0.07095054
192307889,192307813,0.002346951,0.0122140255,-0.070257634
192328959,192328868,0.0074480427,0.027432466,-0.06895682
192345486,192345412,0.0028954353,0.012103599,-0.06848406
192366545,192366468,0.0017749185,0.0107757365,-0.06913472
192387597,192387524,0.00549457,0.012522799,-0.07005245
192408701,192408625,0.010686899,0.02055041,-0.07052937
192426700,192426627,0.00040159724,0.005328349,-0.071128
192447756,192447682,-1.5302017e-05,0.017538305,-0.071896054
192468860,192468784,0.003323334,0.02302532,-0.07258698
192485359,192485282,0.0022162965,0.015438474,-0.07269163
192506459,192506383,0.0026018452,0.013920646,-0.07251134
192527468,192527393,0.009249277,0.0033709132,-0.07245638
192550029,192549953,0.0021990538,0.022512311,-0.07247174
192566618,192566542,-0.0043911966,0.020216664,-0.0721657
192587626,192587552,0.0050372332,0.01619288,-0.07203302
192608684,192608608,0.0032106752,0.00017074843,-0.072212756
192626776,192626701,0.0029651471,0.023396978,-0.07208837
192646285,192646207,-0.0013428769,0.019866502,-0.07262737
192667342,192667263,0.0011569205,0.011938695,-0.073158145
192689900,192689823,0.0031835267,0.0061193844,-0.072873436
192706441,192706366,-0.0005762722,0.017829638,-0.072406396
192727498,192727422,0.0031119834,0.020370819,-0.072085805
192748572,192748477,0.002462979,0.014950491,-0.072418496
192766602,192766525,0.0031917694,0.011126215,-0.07198325
192787656,192787581,-0.00050441356,0.010405323,-0.07093091
192808713,192808636,-0.005177662,0.025632929,-0.070648655
192829815,192829738,0.00468172,0.0107837515,-0.070390426
192846313,192846236,0.004042347,-0.0030150958,-0.0702598
192867413,192867337,0.0022937092,0.014599764,-0.06967585
192888420,192888347,7.365305e-05,0.024678772,-0.06916572
192906471,192906395,0.0036012512,-0.0032415679,-0.06903643
192927572,192927496,0.0011457213,0.008651419,-0.06874269
192948579,192948506,0.0022170993,0.017511524,-0.06794927
192969654,192969562,0.0039750687,0.018825298,-0.067304395
192986181,192986105,0.00056667865,0.011532962,-0.066381805
193007237,193007161,-0.0008695025,-0.0032026467,-0.065366134
193028292,193028217,-0.008567928,0.01801257,-0.06376026
193046346,193046265,0.0072334274,0.011518502,-0.06280635
193067401,193067320,0.010804606,0.004889875,-0.061114434
193088452,193088376,0.0012638881,0.016220352,-0.058556944
193109509,193109431,0.0042792372,0.018117143,-0.056519546
193126058,193125975,0.0024762484,0.010816115,-0.055178832
193147121,193147031,-0.005722288,0.0052009416,-0.05351903
193168209,193168132,-0.003847538,0.021304283,-0.052971933
193186239,193186135,-0.003080533,0.015656592,-0.05231223
193207264,193207190,-0.00034199448,0.015869357,-0.049798403
193228364,193228291,0.0027948546,0.0045068515,-0.04684634
193249391,193249301,0.008933878,0.009898044,-0.04568308
193265965,193265890,0.004866459,0.019909706,-0.044479355
193286975,193286901,0.0056835334,0.012520168,-0.04180093
193308030,193307956,0.009252745,0.0171604,-0.039024156
193326137,193326050,-0.0071881837,0.0052807527,-0.036518607
193347136,193347060,0.009952415,0.017538065,-0.035420883
193368195,193368115,0.014389095,0.006806468,-0.034363534
193389251,193389171,-0.008389096,0.018948719,-0.032408554
193405826,193405715,-0.0047847703,0.026228273,-0.030908607
193426845,193426770,0.016639506,0.047960073,-0.027966086
193447899,193447826,-0.49554795,0.68182343,-0.032812353
193465948,193465874,0.048066106,-0.15766323,-0.03902101
193487003,193486929,-0.0075728986,0.081554405,-0.042804252
193508060,193507985,-0.03665979,-0.00917242,-0.0453097
193529159,193529087,0.001513294,0.041649606,-0.04479557
193547167,193547089,-0.005057753,0.022954658,-0.042521384
193568222,193568144,0.00467426,0.018166339,-0.039970174
193587773,193587696,-0.0020281319,0.0014622259,-0.0374409
193605838,193605744,0.0012497591,0.009951551,-0.035402972
193626922,193626845,-0.0048457887,0.007838975,-0.03212295
193647932,193647855,0.006545517,0.007988758,-0.029093595
193665982,193665903,-0.0011701741,0.008883325,-0.02674267
193687078,193687004,0.009134772,0.011751578,-0.024664877
193708099,193708014,0.007518817,0.001317934,-0.023529837
193729145,193729069,0.0011478608,0.010030147,-0.02335416
193745689,193745613,0.012420983,0.00413286,-0.024444688
193766746,193766669,0.0019485865,0.010698288,-0.027133815
193787799,193787724,0.0019415446,0.0032356645,-0.030022109
193808854,193808780,-0.00011784051,0.021545565,-0.032933462
193826901,193826827,-0.0014177955,0.011348987,-0.034974758
193847960,193847884,0.0040848227,0.017145105,-0.037252363
193869035,193868939,0.0052352455,0.005061161,-0.038949106
193885557,193885482,0.0007951292,0.0066517317,-0.04037153
193906621,193906538,0.0020313263,0.007866625,-0.04233951
193927715,193927639,0.000840475,0.008471643,-0.044444468
193948723,193948649,-0.004922376,0.010563035,-0.04596363
193966773,193966697,-0.006606198,0.0036678396,-0.04667773
193987875,193987798,0.001566768,0.0047493023,-0.04737361
194008881,194008808,-0.0047248984,0.013769308,-0.04741014
194025519,194025398,-0.0017896894,0.0029023387,-0.04728891
194046489,194046407,-0.0049149953,0.016185652,-0.047612295
194067541,194067463,-0.009174854,0.010628976,-0.04799955
194088592,194088519,-0.008994769,0.014348284,-0.048679076
194106645,194106566,-0.013274795,0.0073282546,-0.04956069
194127695,194127622,-0.009037139,0.019198516,-0.05020206
194148751,194148678,-0.0042779525,0.015582859,-0.050538063
194165295,194165222,-0.004013279,0.01408028,-0.05054536
194186354,194186277,0.0029622968,0.011334716,-0.050073076
194207408,194207333,-0.0012405441,0.016554123,-0.049209315
194228526,194228434,0.004594323,0.0028430498,-0.04768763
194246509,194246436,0.001949577,0.015202854,-0.04603451
194267577,194267492,0.0070914906,0.00022405124,-0.043222807
194288685,194288593,-0.0006491762,0.0010123635,-0.040983178
194306682,194306595,-0.001806905,0.012853786,-0.039461717
194327731,194327651,0.00125621,0.016002184,-0.03713542
194347275,194347202,0.0013729805,0.016152175,-0.034922525
194369837,194369762,0.009897613,0.025865855,-0.03260339
194386426,194386351,-0.30022898,0.15387829,-0.032281354
194407435,194407361,-0.3827915,0.17452891,-0.030105896
194428492,194428417,-0.15058462,0.007517096,-0.03556576
194446583,194446510,-0.18620917,0.053705472,-0.03235389
194467594,194467520,0.040608276,0.025413124,-0.024113197
194488649,194488576,0.026941294,0.031979248,-0.017543843
194509707,194509632,0.008194439,0.033256542,-0.014032726
194526250,194526175,0.021732064,0.0147140315,-0.013425804
194547325,194547231,0.018868662,0.023765415,-0.014081955
194568361,194568286,0.030067394,0.01652497,-0.015668886
194586410,194586334,0.011606661,0.02450354,-0.016634697
194607475,194607390,0.0065380386,0.018788254,-0.016820954
194628519,194628445,0.009287958,0.023107417,-0.016719399
194649625,194649547,0.001617274,0.031337593,-0.016417945
194666116,194666044,0.006634805,0.017096967,-0.015792934
194687220,194687146,0.013052461,0.024048628,-0.014828934
194708237,194708156,0.017271956,0.024159843,-0.014252028
194726276,194726203,0.002026806,0.023392038,-0.013653557
194747380,194747305,-0.009071963,0.039872386,-0.012836985
194768388,194768315,-0.0044359765,0.02643867,-0.012900566
194789447,194789370,0.0038300466,0.026340434,-0.0132676605
194805998,194805922,0.009041961,0.009531932,-0.014177188
194827045,194826970,0.0058859163,0.029645259,-0.015320313
194848102,194848027,0.012984896,0.022482691,-0.01570745
194866149,194866073,0.014810197,0.03974147,-0.015612512
194887204,194887129,0.03017722,0.03592522,-0.015503544
194908263,194908184,-0.0790991,0.1761716,-0.01766278
194929317,194929240,-0.021019323,0.079757765,-0.023272496
194945859,194945783,0.06141322,0.095449306,-0.02945983
194966926,194966839,-0.0023932722,0.006134081,-0.03629642
194988013,194987940,-0.004387733,0.00834251,-0.03999458
195006018,195005942,-0.0083805565,0.020194238,-0.04130734
195027072,195026998,0.007484739,0.01704208,-0.041133303
195048174,195048099,0.0033166045,0.015605815,-0.03996156
195066178,195066101,-0.00017471245,0.01761225,-0.038368452
195087235,195087157,-0.010847963,0.009055144,-0.036937207
195106782,195106708,-0.004059268,0.009928647,-0.03528499
195127841,195127764,0.019489033,0.009752437,-0.033321314
195145932,195145857,0.56306034,0.21454793,-0.03574859
195166952,195166867,0.08061702,0.095195234,-0.039153326
195187996,195187923,0.23433478,0.13787353,-0.04123099
195209052,195208978,0.26106924,0.09026437,-0.03657033
195227102,195227026,0.09892041,0.011856589,-0.035068173
195248154,195248081,0.08179223,0.052740134,-0.03445862
195269228,195269137,0.0863186,0.08426857,-0.029223794
195285755,195285681,0.07472745,0.047490932,-0.023683228
195306810,195306736,0.0022516495,0.07192666,-0.022874357
195327866,195327792,-0.0019113586,0.05835547,-0.025771862
195348967,195348893,0.017399063,0.061994273,-0.027193487
195366971,195366895,0.024791336,0.050237767,-0.025334425
195388027,195387951,0.090489365,0.04998307,-0.021808911
195409132,195409052,0.07988128,0.058666535,-0.022017006
195425637,195425550,0.11297774,0.061171085,-0.024679925
195446728,195446651,0.1241674,0.061985623,-0.026150588
195467756,195467661,0.13304892,0.06860469,-0.02611685
195488790,195488717,0.13403796,0.074608415,-0.028248178
195506894,195506810,0.11716633,0.087518625,-0.031856507
195527899,195527820,0.11232146,0.08622977,-0.034465484
195548948,195548875,0.102163784,0.08604783,-0.03568009
195565497,195565419,0.09053723,0.08151437,-0.03680303
195586548,195586475,0.08209937,0.07234327,-0.03936888
195607605,195607530,0.07820113,0.068667956,-0.041055873
195628660,195628586,0.07661821,0.068093054,-0.041955557
195646710,195646633,0.08703664,0.06859276,-0.042496596
195667762,195667689,0.10225646,0.06993378,-0.041141633
195688817,195688744,0.10210573,0.07824712,-0.038637076
195705373,195705289,0.103228725,0.083226845,-0.03699778
195726418,195726344,0.10867924,0.08239363,-0.035247754
195747517,195747445,0.106619045,0.08667224,-0.03382912
195768534,195768455,0.10213556,0.08333843,-0.032826304
195786577,195786502,0.09932366,0.08470934,-0.031999968
195807683,195807603,0.088248566,0.08429378,-0.03133598
195828689,195828613,0.092383906,0.078857556,-0.030976173
195846750,195846665,0.089375526,0.08440367,-0.030553866
195866306,195866212,0.0938313,0.08382383,-0.030497344
195887348,195887268,0.103490084,0.082288004,-0.030356515
195908399,195908324,0.102998026,0.09045354,-0.029967137
195926445,195926371,0.10544049,0.083400264,-0.029874198
195947500,195947427,0.10166645,0.090407625,-0.029900135
195968554,195968482,0.10401193,0.08751342,-0.029700078
195986608,195986530,0.09168629,0.088770166,-0.02972726
196007664,196007586,0.10113008,0.08427406,-0.029799696
196028715,196028641,0.09085101,0.08081353,-0.029487615
196049772,196049697,0.09824405,0.08950936,-0.029581673
196066323,196066240,0.093898095,0.08518623,-0.029695554
196087369,196087296,0.10297316,0.08207833,-0.0295738
196108471,196108397,0.10142877,0.0887485,-0.029585715
196126474,196126399,0.09915843,0.0848468,-0.029717198
196147534,196147455,0.10653158,0.08870532,-0.029623255
196168633,196168556,0.095142856,0.08839723,-0.029651722
196189643,196189566,0.102726705,0.084213324,-0.02935363
196206229,196206155,0.09653021,0.08140348,-0.029413529
196227238,196227165,0.10013545,0.08789938,-0.029449511
196248295,196248220,0.10011062,0.0832879,-0.029277932
196266387,196266314,0.10087919,0.08888565,-0.029267916
196287398,196287323,0.104780845,0.084929064,-0.02957699
196308455,196308379,0.10837396,0.08666512,-0.029675385
196329516,196329435,0.10200328,0.088387124,-0.029540097
196346064,196345978,0.1116473,0.08693596,-0.029285014
196367109,196367034,0.10067359,0.08511556,-0.029455738
196388190,196388089,0.104679696,0.085512884,-0.030018378
196406215,196406137,0.10148661,0.08315114,-0.029247165
196427277,196427193,0.08970625,0.03470853,-0.023826972
196448330,196448248,0.08768137,0.032112382,-0.020748038
196469432,196469350,0.09374443,0.04398047,-0.01302413
196485927,196485848,0.09224778,0.044339523,-0.007834187
196507030,196506949,0.094135396,0.031436924,-0.0072743273
196528044,196527959,0.091129966,0.026564056,-0.0070676277
196546111,196546006,0.08503961,0.021211594,-0.0039388845
196567182,196567107,0.084819034,0.028504262,-0.0015498886
196588198,196588117,0.086054966,0.025894023,-0.0027141317
196609249,196609173,0.08732829,0.031929743,-0.0024080647
196625793,196625717,0.08618419,0.030657614,-0.0005880727
196646850,196646772,0.090344295,0.03805094,0.00023284761
196667904,196667828,0.09241487,0.03288543,-0.0007987458
196685949,196685875,0.09173565,0.031213272,-0.00060849986
196707014,196706931,0.089780234,0.026730632,0.0010708843
196728086,196727987,0.0881624,0.030401578,0.00080529274
196749116,196749042,0.08762605,0.02568462,-0.00030495075
196767193,196767090,0.087179676,0.030905945,0.00040120643
196788231,196788145,0.08710471,0.03201485,0.0013393117
196809303,196809201,0.08876295,0.03298738,0.0006006474
196825822,196825744,0.0900336,0.032138616,0.00024943997
196846876,196846800,0.089865014,0.030250575,0.0010973661
196867977,196867901,0.090380125,0.030526755,0.0013795402
196888987,196888911,0.08928076,0.02798664,0.0006241362
196907033,196906959,0.08846543,0.02859981,0.0006219159
196928136,196928060,0.08771301,0.031077648,0.0011635371
196949144,196949070,0.08739638,0.03022188,0.0008905207
196965737,196965660,0.08732282,0.031624526,0.00049261097
196986759,196986669,0.088287,0.030855987,0.00073634885
197007804,197007725,0.089258336,0.033449806,0.0010879668
197028875,197028781,0.08891254,0.030283568,0.00080756086
197046912,197046828,0.08890432,0.027839899,0.000651833
197067963,197067886,0.088229984,0.028334798,0.00090803177
197089029,197088940,0.087179914,0.0298665,0.00088825705
197105572,197105484,0.08677495,0.030298688,0.00065635255
197126649,197126539,0.08732467,0.031455893,0.0007055609
197147677,197147595,0.08701699,0.031055631,0.00091828924
197168772,197168696,0.08857692,0.030243894,0.0008241707
197186779,197186698,0.08906082,0.030149225,0.00077610236
197207828,197207754,0.08762932,0.029195376,0.0008522248
197228929,197228855,0.08836653,0.030025149,0.00089073414
197245428,197245353,0.088076666,0.028633362,0.0008013275
197266538,197266454,0.087248825,0.031148989,0.000739214
197287540,197287464,0.08690865,0.03161203,0.0008527535
197308596,197308520,0.0861842,0.03153724,0.00080443063
197326701,197326613,0.08536355,0.03007577,0.00075153745
197347697,197347623,0.08681546,0.029961616,0.0007797623
197368753,197368679,0.0864956,0.031735945,0.00076498947
197385318,197385223,0.08710907,0.030992277,0.0007347199
197407862,197407782,0.08499028,0.031506505,0.0006557138
