timestamp,timestamp_sample,time_last_fuse,device_id,observation,observation_variance,innovation,innovation_filtered,innovation_variance,test_ratio,test_ratio_filtered,estimator_instance,innovation_rejected,fused
987391606,987198657,987200708,0,-0.20664088,1e-04,-0.00014659762,-0.00051034626,0.000102287806,8.404076e-06,-0.00015267398,0,0,1
987895441,987698786,987700914,0,-0.20656183,1e-04,0.00019352138,-0.00018989076,0.00010219422,1.4658569e-05,-5.705754e-05,0,0,1
988395643,988198884,988201122,0,-0.2065714,1e-04,0.0012112409,0.00038017592,0.0001022149,0.0005741255,0.000128169,0,0,1
988895881,988699034,988701323,0,-0.20657139,1e-04,0.0029667467,0.001542295,0.00010222378,0.0034440462,0.0013357131,0,0,1
989392518,989192439,989201527,0,-0.20654334,1e-04,0.0049551427,0.0031383538,0.000102209204,0.009609091,0.004687245,0,0,1
989892606,989698686,989701729,0,-0.20656228,1e-04,0.007117316,0.0051066377,0.000102171995,0.019831732,0.011497641,0,0,1
990393109,990192085,990201932,0,-0.20654708,1e-04,0.009001821,0.007085363,0.000102162274,0.031727087,0.021130878,0,0,1
990893009,990692461,990702133,0,-0.20657015,1e-04,0.0103491545,0.008788864,0.00010216717,0.041933235,0.03150698,0,0,1
991393252,991199207,991202333,0,-0.2066458,1e-04,0.01095897,0.009966428,0.000102134945,0.047035426,0.039685436,0,0,1
991893409,991693511,991702533,0,-0.20658097,1e-04,0.01118809,0.010664642,0.00010215586,0.049012695,0.04495487,0,0,1
992383651,992192172,992192727,0,-0.20675406,1e-04,0.010786042,0.010910713,0.00010216476,0.045549437,0.046783976,0,0,1
992883808,992692083,992692923,0,-0.20741911,1e-04,0.010191143,0.010561072,0.00010215938,0.040665627,0.043774206,0,0,1
993394120,993199767,993203119,0,-0.22492127,1e-04,0.011752427,0.011039489,0.0001021468,0.05408668,0.047898833,0,0,1
993894447,993699637,993703307,0,-0.3063072,1e-04,0.017545462,0.013171392,0.00010216205,0.12053135,0.06990412,0,0,1
994384491,994192967,994193486,0,-0.40486154,1e-04,0.026526302,0.018989366,0.00010220687,0.27538058,0.15140064,0,0,1
994894760,994698560,994703669,0,-0.49371997,1e-04,0.029534042,0.02537364,0.00010233846,0.3409313,0.2651415,0,0,1
995384765,995192090,995193843,0,-0.61255294,1e-04,0.027908325,0.027591817,0.000102474085,0.30402794,0.3038607,0,0,1
995894984,995698922,995704020,0,-0.75406563,1e-04,0.01960659,0.024436355,0.00010255626,0.14993463,0.23915957,0,0,1
996385267,996192992,996194187,0,-0.8009013,1e-04,0.009222627,0.01758192,0.0001026399,0.03314767,0.13709502,0,0,1
996895315,996699156,996704359,0,-0.8265971,1e-04,-0.0019321442,0.008000053,0.000102623686,0.0014550954,0.053845212,0,0,1
997395546,997198637,997204524,0,-0.7850361,1e-04,-0.010831714,-0.0014068513,0.00010259551,0.04574314,0.0067913984,0,0,1
997895651,997698808,997704686,0,-0.7284919,1e-04,-0.019297421,-0.010548646,0.00010254723,0.14525618,-0.061349157,0,0,1
998385674,998194061,998194842,0,-0.699531,1e-04,-0.025149345,-0.018426683,0.00010242683,0.24700153,-0.15463266,0,0,1
998895979,998698572,998705002,0,-0.67330813,1e-04,-0.030670047,-0.024732547,0.0001023476,0.3676302,-0.2567848,0,0,1
999396054,999198737,999205158,0,-0.66566443,1e-04,-0.03463781,-0.029963367,0.00010226302,0.46929097,-0.36429784,0,0,1
999886194,999692731,999695303,0,-0.6596828,1e-04,-0.03710383,-0.033903737,0.000102184895,0.53890324,-0.45853958,0,0,1
1000386066,1000185740,1000195452,0,-0.65593886,1e-04,-0.04016,-0.036995772,0.00010217303,0.6314096,-0.54144955,0,0,1
1000886199,1000692259,1000695597,0,-0.68460166,1e-04,-0.042754173,-0.040456507,0.000102154896,0.71574426,-0.64575917,0,0,1
1001400283,1001198755,1001205742,0,-0.7182162,1e-04,-0.041502178,-0.041407526,0.00010218458,0.6742429,-0.6734543,0,0,1
1001886484,1001692169,1001695879,0,-0.75166786,1e-04,-0.03992313,-0.041014206,0.00010217459,0.62397367,-0.65948015,0,0,1
1002386620,1002192449,1002196017,0,-0.78988934,1e-04,-0.03771454,-0.039853126,0.00010218863,0.5567691,-0.62254965,0,0,1
1002896795,1002705907,1002706154,0,-0.8312162,1e-04,-0.03487885,-0.037815455,0.00010218477,0.47620958,-0.5612102,0,0,1
1003396880,1003205193,1003206286,0,-0.87453544,1e-04,-0.03336996,-0.03579364,0.00010219375,0.43585998,-0.50304204,0,0,1
1003897018,1003698524,1003706415,0,-0.9191705,1e-04,-0.032095253,-0.033859313,0.000102199614,0.40317383,-0.45031464,0,0,1
1004397408,1004200060,1004206542,0,-0.9640423,1e-04,-0.029727101,-0.031626526,0.00010218285,0.34592912,-0.39340875,0,0,1
1004897343,1004699699,1004706666,0,-1.0096477,1e-04,-0.027850628,-0.029670447,0.00010222694,0.30350414,-0.34627342,0,0,1
1005397391,1005199190,1005206788,0,-1.0545124,1e-04,-0.026174068,-0.027552271,0.00010222848,0.2680591,-0.2988605,0,0,1
1005897623,1005705799,1005706907,0,-1.099131,1e-04,-0.023570538,-0.025693312,0.000102149665,0.21755147,-0.25992,0,0,1
1006397629,1006198619,1006207024,0,-1.1443684,1e-04,-0.023855925,-0.024517963,0.000102219004,0.22270033,-0.23625344,0,0,1
1006897876,1006700020,1006707138,0,-1.1884416,1e-04,-0.02240622,-0.023355639,0.00010221383,0.19646604,-0.21421255,0,0,1
1007397867,1007198897,1007207249,0,-1.2332022,1e-04,-0.020514369,-0.02192858,0.00010218462,0.16473685,-0.18904431,0,0,1
1007898363,1007698912,1007707359,0,-1.233055,1e-04,-0.018355131,-0.019974852,0.00010220426,0.13185784,-0.15741554,0,0,1
1008398109,1008198909,1008207466,0,-1.2344849,1e-04,-0.016130567,-0.018133365,0.00010221476,0.10182293,-0.13007747,0,0,1
1008898194,1008698975,1008707570,0,-1.231629,1e-04,-0.014401913,-0.016137134,0.00010219115,0.08118711,-0.10343905,0,0,1
1009398382,1009205470,1009207672,0,-1.2272637,1e-04,-0.0129807,-0.014419904,0.000102171754,0.065966785,-0.08265842,0,0,1
1009898416,1009706055,1009707772,0,-1.2244831,1e-04,-0.012113571,-0.013265791,0.000102191174,0.0574369,-0.06968024,0,0,1
1010398613,1010205156,1010207869,0,-1.2068877,1e-04,-0.010963321,-0.012036403,0.0001022011,0.047042314,-0.057386935,0,0,1
1010898644,1010698341,1010707964,0,-1.1843437,1e-04,-0.009510636,-0.010872349,0.000102231665,0.035391074,-0.0468661,0,0,1
1011399048,1011199890,1011208057,0,-1.142963,1e-04,-0.009785056,-0.01007323,0.00010222319,0.03746599,-0.040112257,0,0,1
1011898819,1011705929,1011708147,0,-1.0920292,1e-04,-0.010389924,-0.010064618,0.00010217424,0.042261343,-0.039808955,0,0,1
1012388820,1012191921,1012198233,0,-1.0349212,1e-04,-0.0096001625,-0.0099189915,0.00010215971,0.036085896,-0.03860556,0,0,1
1012888905,1012693755,1012698319,0,-0.9751247,1e-04,-0.008920193,-0.009454651,0.00010218595,0.031147074,-0.03510736,0,0,1
1013379015,1013185356,1013188400,0,-0.91683024,1e-04,-0.008289278,-0.008740913,0.00010217519,0.026899729,-0.030116966,0,0,1
1013899139,1013706802,1013708485,0,-0.8557194,1e-04,-0.006600082,-0.007664299,0.00010216618,0.017054992,-0.023400676,0,0,1
1014389268,1014198558,1014198562,0,-0.81390953,1e-04,-0.006103635,-0.0066190683,0.00010216191,0.014586397,-0.017599827,0,0,1
1014899610,1014704895,1014708641,0,-0.8150099,1e-04,-0.004610002,-0.0056924815,0.00010217305,0.008320048,-0.01311642,0,0,1
1015399290,1015199491,1015208716,0,-0.81158626,1e-04,-0.003919363,-0.0046093897,0.00010221015,0.0060116956,-0.008769442,0,0,1
1015879399,1015685969,1015688786,0,-0.8126297,1e-04,-0.003318131,-0.0038271886,0.000102165206,0.0043106624,-0.006067591,0,0,1
1016389460,1016198389,1016198858,0,-0.8164472,1e-04,-0.0021041036,-0.0030358701,0.00010213998,0.0017337978,-0.003899256,0,0,1
1016889655,1016692675,1016698927,0,-0.8193731,1e-04,-0.0016512275,-0.0022797012,0.00010217252,0.0010674307,-0.0022897208,0,0,1
1017389645,1017198516,1017198994,0,-0.8206213,1e-04,-0.0013537407,-0.0017184519,0.000102168495,0.00071748684,-0.0013291092,0,0,1
1017900118,1017704911,1017709060,0,-0.8225264,1e-04,-0.0010104179,-0.0013784845,0.000102252285,0.00039938255,-0.00083744834,0,0,1
1018399902,1018205503,1018209125,0,-0.8280427,1e-04,-0.00055223703,-0.0010837268,0.00010221524,0.00011934257,-0.0005280129,0,0,1
1018899761,1018705023,1018709184,0,-0.84414244,1e-04,-0.0012147427,-0.0008104555,0.0001022037,0.0005775132,-0.00032644527,0,0,1
1019400078,1019205035,1019209243,0,-0.84666324,1e-04,-0.0023108125,-0.0016764472,0.00010220431,0.0020898746,-0.001329525,0,0,1
1019889911,1019698534,1019699300,0,-0.8441558,1e-04,-9.661913e-05,-0.001316328,0.00010217803,3.654506e-06,-0.00090726226,0,0,1
1020393695,1020198315,1020199356,0,-0.8383229,1e-04,0.000857532,-0.00019713333,0.00010218746,0.0002878479,-0.00025515235,0,0,1
1020893943,1020698293,1020699411,0,-0.8345675,1e-04,0.0025342703,0.001116945,0.00010215374,0.002514847,0.000850293,0,0,1
1021400550,1021199769,1021209465,0,-0.8297066,1e-04,0.0047061443,0.0028394856,0.00010220946,0.008667611,0.0040698326,0,0,1
1021900211,1021705024,1021709516,0,-0.82747227,1e-04,0.006230235,0.004593152,0.000102232756,0.015187237,0.009339446,0,0,1
1022390343,1022198346,1022199565,0,-0.82521445,1e-04,0.006589055,0.005757658,0.0001021886,0.016994322,0.013709767,0,0,1
1022900403,1022704784,1022709614,0,-0.82346195,1e-04,0.0075425506,0.006589764,0.0001022319,0.022259226,0.017439852,0,0,1
1023390253,1023192946,1023199659,0,-0.82051754,1e-04,0.0077894926,0.0072921603,0.000102192236,0.023749826,0.021106226,0,0,1
1023890296,1023698127,1023699704,0,-0.8174874,1e-04,0.0079395175,0.0077586863,0.00010216522,0.024679998,0.023725387,0,0,1
1024390353,1024198064,1024199747,0,-0.8131897,1e-04,0.008392811,0.008053942,0.00010218317,0.027573729,0.025479537,0,0,1
1024890441,1024691746,1024699789,0,-0.8121365,1e-04,0.008090556,0.00818005,0.00010223069,0.025611522,0.026229672,0,0,1
1025390627,1025191976,1025199829,0,-0.8115576,1e-04,0.007899284,0.008019656,0.000102182355,0.024426406,0.025196778,0,0,1
1025890671,1025699218,1025699868,0,-0.81095254,1e-04,0.007649958,0.007885906,0.00010213199,0.022920089,0.024361847,0,0,1
1026390466,1026191398,1026199905,0,-0.8107812,1e-04,0.008453429,0.008105506,0.00010221009,0.027966108,0.025746765,0,0,1
1026890716,1026699064,1026699941,0,-0.81099963,1e-04,0.008291066,0.008321028,0.000102180864,0.026909841,0.02712693,0,0,1
1027390553,1027197940,1027199975,0,-0.8120874,1e-04,0.008502364,0.008405447,0.00010219055,0.028296234,0.027666185,0,0,1
1027890600,1027691511,1027700008,0,-0.8149801,1e-04,0.008289933,0.008322434,0.00010220022,0.026897395,0.027118592,0,0,1
1028390657,1028198130,1028200039,0,-0.8176195,1e-04,0.007891715,0.0082096765,0.000102171885,0.02438211,0.026394326,0,0,1
1028890932,1028699146,1028700070,0,-0.8181042,1e-04,0.006763339,0.007725046,0.000102154125,0.01791127,0.023449399,0,0,1
1029400654,1029205502,1029210099,0,-0.8171118,1e-04,0.006271422,0.007004767,0.00010214371,0.015402116,0.019382708,0,0,1
1029900842,1029704877,1029710126,0,-0.8155209,1e-04,0.005682051,0.0062933564,0.00010219324,0.012637119,0.015695803,0,0,1
1030390974,1030191345,1030200151,0,-0.81266356,1e-04,0.0045219064,0.0054896683,0.000102207756,0.008002382,0.012057304,0,0,1
1030890777,1030691263,1030700176,0,-0.81169343,1e-04,0.0039473176,0.004674102,0.00010217915,0.0060996073,0.008810892,0,0,1
1031390792,1031199081,1031200199,0,-0.811017,1e-04,0.0027227402,0.0037743067,0.00010216568,0.0029024675,0.0058891685,0,0,1
1031890847,1031692292,1031700230,0,-0.81215453,1e-04,0.002614677,0.0030903355,0.000102159844,0.0026767994,0.0039711283,0,0,1
1032391066,1032198391,1032200242,0,-0.81368065,1e-04,0.0028118491,0.0028931103,0.000102151986,0.0030959733,0.003373005,0,0,1
1032900865,1032704698,1032710262,0,-0.81388545,1e-04,0.0026682615,0.0028521142,0.000102173675,0.0027872617,0.0032229782,0,0,1
1033390896,1033199103,1033200279,0,-0.8133285,1e-04,0.0022458434,0.0025964626,0.00010216315,0.0019748071,0.0026732758,0,0,1
1033894627,1033697710,1033700297,0,-0.8130149,1e-04,0.0021795034,0.002374411,0.00010215676,0.001859979,0.0022343898,0,0,1
1034394855,1034197932,1034200312,0,-0.8138882,1e-04,0.00186795,0.0022198595,0.000102143385,0.0013664075,0.0019570566,0,0,1
1034894668,1034691042,1034700327,0,-0.8151416,1e-04,0.0014435053,0.001821822,0.00010219887,0.00081555016,0.0013532175,0,0,1
1035390986,1035198837,1035200341,0,-0.81797755,1e-04,0.0015686154,0.0015418723,0.00010216379,0.00096337637,0.00097086636,0,0,1
1035900967,1035704253,1035710353,0,-0.8232494,1e-04,0.0022822618,0.0018019994,0.00010218594,0.0020389182,0.0013123184,0,0,1
1036400994,1036204224,1036210365,0,-0.826866,1e-04,0.002249062,0.002095492,0.00010219601,0.0019798349,0.0017571262,0,0,1
1036890930,1036698038,1036700375,0,-0.8286708,1e-04,0.0021782517,0.0021333382,0.000102142934,0.0018580945,0.0017973131,0,0,1
1037391146,1037190943,1037200384,0,-0.82798636,1e-04,0.0026549697,0.0024292145,0.00010217732,0.0027594634,0.0023426053,0,0,1
1037890941,1037690806,1037700393,0,-0.8251873,1e-04,0.0031698942,0.0027278147,0.00010220128,0.0039327214,0.0029509754,0,0,1
1038390944,1038190748,1038200400,0,-0.82355523,1e-04,0.0040225387,0.0033470478,0.0001022082,0.0063324925,0.0045071514,0,0,1
1038890985,1038690724,1038700406,0,-0.8358039,1e-04,0.0024358034,0.003660868,0.0001021868,0.0023224675,0.0053514396,0,0,1
1039391266,1039191457,1039200411,0,-0.98098314,1e-04,0.0041754246,0.0035834794,0.00010222203,0.00682208,0.0053491346,0,0,1
1039891207,1039698931,1039700415,0,-1.002158,1e-04,0.0055601,0.004524408,0.00010220702,0.012098862,0.008363989,0,0,1
1040390969,1040198284,1040200418,0,-1.0031707,1e-04,0.0077236295,0.006019329,0.00010219839,0.02334849,0.014928761,0,0,1
1040891224,1040691834,1040700421,0,-1.0011225,1e-04,0.008032203,0.0073156473,0.0001022006,0.025250841,0.0216337,0,0,1
1041390994,1041190687,1041200422,0,-0.99778616,1e-04,0.00779438,0.0075019184,0.0001022001,0.023777809,0.022296408,0,0,1
1041891036,1041691797,1041700422,0,-0.9971186,1e-04,0.007998645,0.0076971417,0.00010221159,0.0250376,0.02330431,0,0,1
1042391023,1042191642,1042200422,0,-0.99817055,1e-04,0.00778991,0.007809136,0.00010221497,0.023747087,0.023915907,0,0,1
1042891274,1042691493,1042700420,0,-0.9990109,1e-04,0.007990181,0.00778939,0.00010222836,0.024980543,0.023769224,0,0,1
1043400970,1043203992,1043210418,0,-0.9989281,1e-04,0.00853008,0.008108506,0.00010221215,0.028474998,0.02577349,0,0,1
1043891011,1043698043,1043700415,0,-0.99990183,1e-04,0.00913465,0.0086502535,0.00010220632,0.03265623,0.029372144,0,0,1
1044391201,1044197158,1044200411,0,-1.0000716,1e-04,0.009047985,0.008929497,0.000102239945,0.032028984,0.031256314,0,0,1
1044891014,1044690804,1044700406,0,-0.99923795,1e-04,0.008590221,0.008861486,0.00010221532,0.02887704,0.030759647,0,0,1
1045390988,1045191701,1045200400,0,-0.9979181,1e-04,0.008419156,0.008657029,0.000102175836,0.0277491,0.029360496,0,0,1
1045891059,1045697387,1045700393,0,-0.99737555,1e-04,0.00836575,0.008496744,0.00010215794,0.027402973,0.028284319,0,0,1
1046391247,1046197736,1046200385,0,-0.99740124,1e-04,0.008199692,0.008360554,0.00010215155,0.026327526,0.027379379,0,0,1
1046891204,1046697068,1046700377,0,-0.998931,1e-04,0.009090304,0.008587172,0.00010215728,0.032355454,0.028900882,0,0,1
1047391157,1047190463,1047200368,0,-1.0010554,1e-04,0.009633005,0.009102766,0.00010222648,0.036309488,0.032515317,0,0,1
1047894675,1047697912,1047700358,0,-1.0019153,1e-04,0.008760154,0.008995412,0.000102191814,0.030037751,0.031713422,0,0,1
1048390956,1048190521,1048200347,0,-1.0028279,1e-04,0.00801903,0.008561228,0.00010219887,0.025168514,0.028758975,0,0,1
1048890907,1048690434,1048700336,0,-1.0008613,1e-04,0.0070436597,0.007815872,0.000102209306,0.019416291,0.024086844,0,0,1
1049391005,1049190548,1049200323,0,-1.0734105,1e-04,0.008455038,0.009171671,0.000102201135,0.027979206,0.033637896,0,0,1
1049891121,1049697896,1049700310,0,-1.0740536,1e-04,0.0025976896,0.006114275,0.00010221385,0.0026407347,0.017800918,0,0,1
1050391032,1050197406,1050200296,0,-1.059986,1e-04,0.0075742006,0.0055442317,0.00010220316,0.022452738,0.0139685115,0,0,1
1050890856,1050697165,1050700281,0,-1.035137,1e-04,0.010645866,0.008476709,0.00010224565,0.04433811,0.030998845,0,0,1
1051390810,1051198046,1051200265,0,-1.008198,1e-04,0.010942578,0.01000158,0.00010222497,0.046853527,0.040763,0,0,1
1051890845,1051690984,1051700248,0,-0.9939805,1e-04,0.01137501,0.010820683,0.00010222238,0.050631125,0.04661276,0,0,1
1052390778,1052196879,1052200230,0,-0.9960801,1e-04,0.008657336,0.010243813,0.00010217448,0.029341755,0.04158894,0,0,1
1052890936,1052690273,1052700212,0,-0.9988012,1e-04,0.006598413,0.0084250895,0.00010220868,0.017039279,0.028852422,0,0,1
1053400844,1053210139,1053210193,0,-1.0004072,1e-04,0.0054295063,0.006836368,0.000102170256,0.011541339,0.019252898,0,0,1
1053890930,1053698275,1053700176,0,-1.0003345,1e-04,0.00532037,0.0057643694,0.000102198355,0.01107898,0.013675152,0,0,1
1054400912,1054203204,1054210153,0,-0.996838,1e-04,0.0047746897,0.0050183353,0.00010219063,0.008923582,0.010233266,0,0,1
1054890705,1054697130,1054700132,0,-0.9925697,1e-04,0.0050273538,0.0050262464,0.00010217313,0.0098946905,0.010035436,0,0,1
1055390706,1055190149,1055200110,0,-0.99165773,1e-04,0.0050683618,0.005023324,0.00010220597,0.010053538,0.009935468,0,0,1
1055890694,1055691338,1055700088,0,-0.99082726,1e-04,0.004831314,0.0050263433,0.00010222437,0.009133476,0.009916102,0,0,1
1056390862,1056196925,1056200065,0,-0.99314344,1e-04,0.0046315193,0.0047675907,0.000102186015,0.008396832,0.008927675,0,0,1
1056890863,1056697199,1056700040,0,-0.99267685,1e-04,0.0037518144,0.00446761,0.0001021944,0.005509543,0.007862063,0,0,1
1057390840,1057196542,1057200016,0,-0.9912353,1e-04,0.0029301047,0.0037661812,0.00010219791,0.003360348,0.0056990143,0,0,1
1057890593,1057691534,1057699990,0,-0.9894241,1e-04,0.0025453568,0.003124919,0.000102205886,0.002535604,0.0039791693,0,0,1
1058380714,1058189645,1058189964,0,-0.98810625,1e-04,0.0022451878,0.0026419065,0.00010215371,0.0019738364,0.0028530145,0,0,1
1058890667,1058689959,1058699937,0,-0.9896913,1e-04,0.0020632148,0.0023009959,0.00010221676,0.001665815,0.002146816,0,0,1
1059380676,1059189739,1059189910,0,-1.0263532,1e-04,0.0032953024,-0.003813724,0.00010225764,0.004247709,-0.025023922,0,0,1
1059890657,1059697038,1059699881,0,-1.0523742,1e-04,0.00847888,0.0041873986,0.00010230848,0.0281077,0.010637153,0,0,1
1060400631,1060209799,1060209851,0,-1.0200408,1e-04,-0.0033553839,0.0031126803,0.0001024188,0.004397084,0.008048587,0,0,1
1060894256,1060696371,1060699821,0,-1.002178,1e-04,-0.0071742535,-0.0033625327,0.000102392434,0.020106921,-0.010319003,0,0,1
1061394181,1061196372,1061199790,0,-0.9920173,1e-04,-0.0011218786,-0.0034081803,0.00010226067,0.0004923151,-0.00746913,0,0,1
1061880496,1061689544,1061689759,0,-0.98960155,1e-04,0.0011855364,-0.001031985,0.00010220177,0.00055008696,-0.0027205895,0,0,1
1062380302,1062189552,1062189727,0,-0.9874501,1e-04,0.0037867427,0.0012226813,0.000102201906,0.0056121927,0.0007415579,0,0,1
1062880242,1062689320,1062689694,0,-0.98990524,1e-04,0.0060964227,0.003521106,0.00010216862,0.014550992,0.0062511065,0,0,1
1063380257,1063189465,1063189660,0,-0.9911515,1e-04,0.006697893,0.0055112285,0.00010220817,0.01755702,0.013339228,0,0,1
1063890422,1063689907,1063699625,0,-0.99226236,1e-04,0.0050632358,0.005659388,0.000102221755,0.010031664,0.013147011,0,0,1
1064390165,1064190200,1064199591,0,-0.9954223,1e-04,0.0041570067,0.0048893,0.000102239595,0.006760866,0.0097323945,0,0,1
1064880118,1064689425,1064689556,0,-0.9983643,1e-04,0.0021838546,0.0037873269,0.00010218156,0.0018669595,0.006102691,0,0,1
1065390087,1065189848,1065199520,0,-0.99752504,1e-04,0.0011966228,0.0024831977,0.0001022369,0.00056023063,0.003010682,0,0,1
1065880108,1065689335,1065689484,0,-0.99544454,1e-04,0.00055360794,0.0014179349,0.000102207014,0.000119945485,0.0012901509,0,0,1
1066389983,1066197219,1066199447,0,-0.9947406,1e-04,8.946657e-05,0.00055906904,0.000102190825,3.1330671e-06,0.00047845836,0,0,1
1066889946,1066696844,1066699410,0,-0.9944916,1e-04,-0.0004825592,-2.4760147e-06,0.00010217027,9.116679e-05,0.00014552669,0,0,1
1067400114,1067209132,1067209372,0,-0.99157834,1e-04,-0.00079625845,-0.0004722455,0.00010217784,0.0002482055,-8.721737e-05,0,0,1
1067899915,1067702481,1067709334,0,-0.9911046,1e-04,-0.0005823374,-0.0005858678,0.00010219101,0.00013273841,-0.00014214953,0,0,1
1068399832,1068203810,1068209296,0,-0.9928172,1e-04,-0.0006956458,-0.00063196576,0.000102174025,0.00018945054,-0.00016196487,0,0,1
1068880025,1068689137,1068689261,0,-0.9930344,1e-04,-0.00063949823,-0.0006357775,0.000102173435,0.00016010345,-0.00016149574,0,0,1
1069390020,1069189456,1069199218,0,-1.0753168,1e-04,0.0017652512,-0.004192947,0.000102315644,0.0012182347,-0.015293995,0,0,1
1069889810,1069690197,1069699178,0,-1.0224816,1e-04,0.003878951,0.0016667122,0.00010241248,0.0058767297,0.0011887096,0,0,1
1070399980,1070203028,1070209137,0,-1.0005888,1e-04,-0.000967741,0.0012228057,0.00010241673,0.00036576943,0.0010303184,0,0,1
1070899624,1070703948,1070709096,0,-1.0019937,1e-04,-0.0021989346,-0.00083843665,0.00010236643,0.0018894136,-0.00067951204,0,0,1
1071399642,1071202353,1071209054,0,-1.0007085,1e-04,-0.0023567677,-0.0016613046,0.000102305894,0.0021716652,-0.0013931412,0,0,1
1071899593,1071703942,1071709012,0,-0.99528664,1e-04,-0.0041184425,-0.0027421748,0.00010221582,0.0066375514,-0.0034134109,0,0,1
1072389548,1072195856,1072198970,0,-0.9918021,1e-04,-0.0042166114,-0.0037535077,0.00010217476,0.00696055,-0.0059417738,0,0,1
1072889501,1072695839,1072698927,0,-0.98352855,1e-04,-0.003261447,-0.0037120252,0.00010216778,0.0041645365,-0.0055764597,0,0,1
1073389472,1073195413,1073198884,0,-0.9858311,1e-04,-0.00319165,-0.003486628,0.00010217394,0.003987956,-0.00484085,0,0,1
1073899692,1073702067,1073708840,0,-0.9926518,1e-04,-0.0020840168,-0.0029470643,0.00010220251,0.0016998119,-0.00351725,0,0,1
1074389588,1074195428,1074198797,0,-0.9940752,1e-04,-0.0019313097,-0.0023079053,0.00010220577,0.0014597834,-0.0022287662,0,0,1
1074899478,1074702064,1074708754,0,-0.99902236,1e-04,-0.0020809174,-0.002169349,0.00010218026,0.0016951286,-0.001905089,0,0,1
1075399351,1075202212,1075208707,0,-0.99806464,1e-04,-0.00181216,-0.0019669877,0.000102205406,0.0012852252,-0.001548915,0,0,1
1075889285,1075695128,1075698664,0,-0.9997667,1e-04,-0.001836896,-0.0019429829,0.00010215463,0.0013212075,-0.001492755,0,0,1
1076389155,1076195426,1076198618,0,-0.9989628,1e-04,-0.0009997487,-0.0015440414,0.000102179,0.00039127315,-0.0010031415,0,0,1
1076899156,1076702134,1076708572,0,-0.99762416,1e-04,-0.00081813335,-0.0010621469,0.000102155216,0.0002620883,-0.0005215888,0,0,1
1077389063,1077189111,1077198528,0,-0.9935328,1e-04,-0.0014806986,-0.001164113,0.00010217311,0.0008583348,-0.0005700658,0,0,1
1077899339,1077702742,1077708480,0,-0.9914191,1e-04,-0.001570046,-0.0014856743,0.00010221789,0.0009646234,-0.0009042357,0,0,1
1078389237,1078189650,1078198435,0,-0.9879742,1e-04,-0.001087904,-0.001380941,0.00010219546,0.00046324366,-0.00077098596,0,0,1
1078899107,1078701796,1078708387,0,-0.98643297,1e-04,-0.0005161166,-0.0009966055,0.000102158425,0.000104299324,-0.00044187024,0,0,1
1079388903,1079190074,1079198341,0,-1.1205598,1e-04,0.0016922951,0.0017361116,0.00010225946,0.0011202338,0.0031769036,0,0,1
1079888831,1079695425,1079698293,0,-1.1135252,1e-04,-0.0012973547,1.5305166e-05,0.000102224825,0.000658599,0.0008015497,0,0,1
1080388998,1080195292,1080198246,0,-1.0532298,1e-04,0.0057501793,0.0019446191,0.000102242346,0.012935761,0.0038735894,0,0,1
1080888777,1080695030,1080698197,0,-1.0100467,1e-04,0.00821507,0.0058654808,0.00010228045,0.026393067,0.018037533,0,0,1
1081388708,1081195184,1081198159,0,-0.98906845,1e-04,0.007933199,0.007376408,0.00010224458,0.02462161,0.023538157,0,0,1
1081898829,1081701566,1081708100,0,-0.9887788,1e-04,0.007490933,0.007514523,0.000102209204,0.021960478,0.022932148,0,0,1
1082398580,1082201590,1082208051,0,-0.990592,1e-04,0.006752491,0.0073056533,0.00010221329,0.017843524,0.021219328,0,0,1
1082898531,1082703121,1082708001,0,-0.99133897,1e-04,0.005743623,0.006602435,0.00010221452,0.0129097905,0.017330037,0,0,1
1083398584,1083202476,1083207952,0,-0.98822486,1e-04,0.005036831,0.0058071404,0.00010222672,0.009926824,0.013456338,0,0,1
1083898473,1083701972,1083707901,0,-0.9852401,1e-04,0.004492879,0.0050977515,0.00010219385,0.007901047,0.010388963,0,0,1
1084388439,1084195402,1084197852,0,-0.9848077,1e-04,0.004572928,0.004736772,0.000102182334,0.008186021,0.0088962335,0,0,1
1084898611,1084703792,1084707800,0,-0.9852575,1e-04,0.004745126,0.0046763956,0.00010224271,0.008808929,0.008603805,0,0,1
1085398301,1085203316,1085207749,0,-0.9852926,1e-04,0.0041897297,0.004514364,0.00010222773,0.006868522,0.008002669,0,0,1
1085898266,1085701322,1085707697,0,-0.985915,1e-04,0.003549099,0.0040701237,0.0001022188,0.004929075,0.006549291,0,0,1
1086398241,1086201379,1086207645,0,-0.98806685,1e-04,0.0036145449,0.0037276081,0.00010222043,0.0051124557,0.0054926556,0,0,1
1086898375,1086701689,1086707593,0,-0.9940953,1e-04,0.0035205483,0.003519462,0.00010222307,0.004849888,0.0048822053,0,0,1
1087388130,1087196314,1087197541,0,-1.0010613,1e-04,0.0028603673,0.003269992,0.00010219413,0.003202415,0.0042333584,0,0,1
1087891786,1087694796,1087697488,0,-0.9975725,1e-04,0.0039283037,0.0035982544,0.00010220143,0.006039669,0.0052134045,0,0,1
1088398260,1088203751,1088207433,0,-0.99867254,1e-04,0.00437212,0.0031503818,0.0001022043,0.0074812635,0.004229163,0,0,1
1088888381,1088694600,1088697380,0,-0.9969766,1e-04,0.0009313226,0.0018803206,0.000102152895,0.00033963274,0.0019152807,0,0,1
1089398077,1089201215,1089207325,0,-1.0394328,1e-04,0.0016504526,-0.0011995356,0.00010227034,0.001065409,-0.0036039804,0,0,1
1089897896,1089702406,1089707270,0,-1.0404544,1e-04,0.0005861521,0.0007772115,0.00010228947,0.00013435372,-0.00022370262,0,0,1
1090387742,1090194443,1090197215,0,-1.0293834,1e-04,-0.0060230494,-0.0015564032,0.00010235642,0.014176785,-0.0032908262,0,0,1
1090887688,1090694530,1090697159,0,-1.0055242,1e-04,-0.00911963,-0.006117238,0.00010230688,0.032516934,-0.020484362,0,0,1
1091397666,1091201029,1091207102,0,-0.98400307,1e-04,-0.0058537126,-0.006693831,0.00010226866,0.013402327,-0.019953283,0,0,1
1091887576,1091688157,1091697047,0,-0.97925216,1e-04,-0.0035259724,-0.0052124574,0.00010222057,0.004864963,-0.012189526,0,0,1
1092387990,1092194478,1092196990,0,-0.9785864,1e-04,-0.0024650097,-0.003723308,0.00010217979,0.0023786593,-0.0065406077,0,0,1
1092901282,1092701091,1092706932,0,-0.97920185,1e-04,-0.0008735657,-0.0023295544,0.0001021947,0.0002986914,-0.0030219103,0,0,1
1093387447,1093195295,1093196876,0,-0.98119336,1e-04,-0.0004016757,-0.0012193696,0.00010219743,6.314967e-05,-0.0012184498,0,0,1
1093887398,1093694307,1093696819,0,-0.9855724,1e-04,-0.00025242567,-0.00071273575,0.000102217746,2.4934503e-05,-0.00049983076,0,0,1
1094387294,1094194265,1094196761,0,-0.98345166,1e-04,0.0002605915,-0.00017063506,0.000102223,2.6572468e-05,-0.0001754565,0,0,1
1094887452,1094694227,1094696703,0,-0.9850464,1e-04,-0.00040471554,-0.00011570256,0.000102228274,6.408977e-05,-7.433052e-05,0,0,1
1095397712,1095201327,1095206644,0,-0.9898548,1e-04,0.00048655272,-5.82208e-06,0.00010218159,9.26717e-05,-2.0168827e-05,0,0,1
1095897110,1095700750,1095706586,0,-0.9877882,1e-04,0.00024449825,0.00038260964,0.00010220395,2.3396118e-05,9.491975e-05,0,0,1
1096387123,1096194421,1096196528,0,-0.9907298,1e-04,-0.0007805228,-6.5030836e-05,0.00010217769,0.00023849272,-1.716804e-05,0,0,1
1096887084,1096695227,1096696470,0,-0.99083644,1e-04,-0.00085389614,-0.0005982605,0.0001021868,0.00028541402,-0.00021345948,0,0,1
1097387206,1097194653,1097196411,0,-0.9922742,1e-04,-0.00031793118,-0.0004833095,0.00010215658,3.957855e-05,-0.00012759754,0,0,1
1097897038,1097700882,1097706351,0,-0.9922903,1e-04,-0.0003349185,-0.00041554892,0.00010217646,4.3912423e-05,-8.3262246e-05,0,0,1
1098396830,1098200744,1098206292,0,-0.9908527,1e-04,-0.00025862455,-0.0003422277,0.000102166756,2.6187248e-05,-5.499041e-05,0,0,1
1098897300,1098702358,1098706232,0,-0.9844366,1e-04,-1.9133091e-05,-0.00019561427,0.00010218845,1.4329414e-07,-2.52852e-05,0,0,1
1099396697,1099200801,1099206173,0,-0.982906,1e-04,0.00014585257,-4.4055225e-05,0.000102197024,8.3262585e-06,-7.4066375e-06,0,0,1
1099896678,1099700607,1099706113,0,-0.9882845,1e-04,0.0011792183,0.00032073524,0.00010216716,0.00054442376,9.811034e-05,0,0,1
1100386620,1100194069,1100196055,0,-0.98294044,1e-04,0.0022029877,0.0012736163,0.000102212245,0.0018992459,0.0008916753,0,0,1
1100886683,1100694181,1100695995,0,-0.9825458,1e-04,0.0019525886,0.0016940583,0.00010217898,0.0014925192,0.0012630374,0,0,1
1101390372,1101194133,1101195934,0,-0.959003,1e-04,0.0038962364,0.0015906277,0.000102270475,0.0059374548,0.0016922792,0,0,1
1101896473,1101701606,1101705872,0,-0.90297884,1e-04,0.0046936274,0.0036320847,0.00010223512,0.008619402,0.0063907127,0,0,1
1102396772,1102200325,1102205811,0,-0.878894,1e-04,0.0019943118,0.0033721866,0.00010222732,0.0015562491,0.0050732954,0,0,1
1102896316,1102700386,1102705750,0,-0.8785506,1e-04,-0.001429081,0.0011352997,0.00010222616,0.0007991193,0.0018600493,0,0,1
1103396250,1103200776,1103205689,0,-0.889112,1e-04,-0.002444625,-0.0009269146,0.00010223523,0.002338212,-0.00046694986,0,0,1
1103896294,1103700397,1103705627,0,-0.90013576,1e-04,-0.0020208359,-0.0017046668,0.000102265076,0.0015973303,-0.0013321933,0,0,1
1104386092,1104194459,1104195567,0,-0.9125642,1e-04,-0.0017941594,-0.0017912417,0.00010221318,0.0012597233,-0.0013343773,0,0,1
1104896186,1104700352,1104705504,0,-0.92625093,1e-04,-0.002532065,-0.002094021,0.00010221706,0.002508917,-0.0017751715,0,0,1
1105396073,1105200681,1105205441,0,-0.93861765,1e-04,-0.0031141043,-0.0025856302,0.000102225036,0.0037946263,-0.002701512,0,0,1
1105896334,1105700656,1105705379,0,-0.9494795,1e-04,-0.0031567216,-0.0029904991,0.00010218811,0.003900607,-0.003571871,0,0,1
1106386127,1106193680,1106195317,0,-0.960716,1e-04,-0.0029085875,-0.003047839,0.00010214993,0.0033127312,-0.0036682207,0,0,1
1106885889,1106693763,1106695254,0,-0.9725826,1e-04,-0.0029408336,-0.0029908905,0.000102156744,0.0033863657,-0.0035172757,0,0,1
1107385722,1107188026,1107195191,0,-0.981611,1e-04,-0.0031437874,-0.003040856,0.00010223426,0.0038669617,-0.0036283452,0,0,1
1107885651,1107686941,1107695127,0,-0.98937064,1e-04,-0.0028825998,-0.0029449195,0.00010219492,0.0032523659,-0.0034021707,0,0,1
1108385704,1108187463,1108195064,0,-0.99519295,1e-04,-0.0015363693,-0.002731421,0.00010223416,0.000923539,-0.002959365,0,0,1
1108885527,1108694419,1108695000,0,-0.8737657,1e-04,-0.0030765533,-0.0021696396,0.00010217312,0.0037055463,-0.0020961217,0,0,1
1109385629,1109194527,1109194936,0,-0.39039084,1e-04,-0.003097564,-0.00053210906,0.00010217578,0.0037562337,0.00024692772,0,0,1
1109885738,1109694531,1109694872,0,-0.36941394,1e-04,-0.0077058673,-0.0049746037,0.00010218112,0.023245152,-0.017898424,0,0,1
1110395360,1110199998,1110204806,0,-0.24003741,1e-04,-0.0063283592,-0.005542424,0.00010218983,0.015675975,-0.016307753,0,0,1
1110885368,1110693504,1110694743,0,-0.20607096,1e-04,-0.003561765,-0.0048367223,0.00010221172,0.004964663,-0.011174021,0,0,1
1111385264,1111193542,1111194678,0,-0.20592898,1e-04,0.000614509,-0.0024036814,0.000102253005,0.00014772036,-0.0047242143,0,0,1
1111895141,1111702146,1111704611,0,-0.20596918,1e-04,0.0040260106,0.000894017,0.00010231772,0.0063366396,0.00043688185,0,0,1
