timestamp,timestamp_sample,gyro_device_id,gyro_bias[0],gyro_bias[1],gyro_bias[2],gyro_bias_limit,gyro_bias_variance[0],gyro_bias_variance[1],gyro_bias_variance[2],accel_device_id,accel_bias[0],accel_bias[1],accel_bias[2],accel_bias_limit,accel_bias_variance[0],accel_bias_variance[1],accel_bias_variance[2],mag_device_id,mag_bias[0],mag_bias[1],mag_bias[2],mag_bias_limit,mag_bias_variance[0],mag_bias_variance[1],mag_bias_variance[2],gyro_bias_valid,gyro_bias_stable,accel_bias_valid,accel_bias_stable,mag_bias_valid,mag_bias_stable
987083078,986884089,2621450,0.0026533545,-0.0033008484,0.00068601244,0.15,1.610332e-07,1.6133862e-07,3.1191033e-07,2621450,0.019462872,0.11465756,-0.061934203,0.4,0.00036675256,0.00022538517,9.1159154e-07,589834,0.040847402,-0.011696855,0.0019355105,0.5,7.969114e-06,0.00026207542,0.0012478824,1,1,1,0,1,0
988618463,988415854,2621450,0.0026010245,-0.0033064233,0.0006793201,0.15,1.6104585e-07,1.6133869e-07,3.1006064e-07,2621450,0.019517014,0.11409687,-0.06803984,0.4,0.00036673,0.00022537538,9.1073116e-07,589834,0.040614177,-0.01138877,0.0018891321,0.5,7.899217e-06,0.00026091925,0.0012478789,1,1,1,0,1,0
989146381,988947249,2621450,0.0025935285,-0.0032932353,0.0006768218,0.15,1.6110546e-07,1.614003e-07,3.0950002e-07,2621450,0.01900514,0.11273849,-0.07424324,0.4,0.0003667279,0.00022537219,9.0908975e-07,589834,0.04056216,-0.011323504,0.0018847957,0.5,7.87473e-06,0.0002605249,0.0012478789,1,1,1,0,1,0
990156550,989957983,2621450,0.0025849054,-0.0032833412,0.0006739685,0.15,1.6122549e-07,1.615235e-07,3.0863842e-07,2621450,0.018914552,0.11254599,-0.07495784,0.4,0.00036672145,0.00022536938,9.986895e-07,589834,0.040489126,-0.011348233,0.0018831124,0.5,7.833037e-06,0.00025984875,0.0012478788,1,1,1,0,1,0
991171518,990968791,2621450,0.002576094,-0.0032831617,0.0006703184,0.15,1.6119445e-07,1.6149107e-07,3.0793143e-07,2621450,0.018911675,0.112535305,-0.07498472,0.4,0.00036671886,0.0002253684,1.093267e-06,589834,0.040493794,-0.0116627375,0.001896607,0.5,7.789952e-06,0.00025918803,0.0012478787,1,1,1,0,1,0
992178281,991979508,2621450,0.0025980272,-0.003298717,0.00066584244,0.15,1.6116263e-07,1.6146375e-07,3.0676838e-07,2621450,0.018899692,0.11252294,-0.075036615,0.4,0.0003667185,0.00022536823,1.1875585e-06,589834,0.040600356,-0.012144418,0.0018809799,0.5,7.751012e-06,0.00025855078,0.0012478764,1,1,1,0,1,0
993647179,993448655,2621450,0.00271213,-0.0033107826,0.0007204694,0.15,1.6178396e-07,1.6217025e-07,3.0742316e-07,2621450,0.01853122,0.11160808,-0.07507597,0.4,0.0003661239,0.00022513706,1.3249389e-06,589834,0.041090425,-0.013058733,0.00068243995,0.5,7.712409e-06,0.00025780132,0.0012476827,1,0,1,0,1,0
994439273,994240470,2621450,0.0026899716,-0.0032843908,0.0007820726,0.15,1.6211628e-07,1.6241025e-07,3.0620976e-07,2621450,0.019408926,0.1111487,-0.07530623,0.4,0.00036526166,0.0002248117,1.3977983e-06,589834,0.0410523,-0.012677375,0.0007084202,0.5,7.704124e-06,0.0002574771,0.0012476827,1,0,1,0,1,0
995647848,995449229,2621450,0.0026737396,-0.0031933095,0.00081966835,0.15,1.6290242e-07,1.6293284e-07,3.0328178e-07,2621450,0.019771382,0.11082193,-0.07532816,0.4,0.0003647277,0.00022460008,1.5107389e-06,589834,0.015460664,0.025939802,0.010367633,0.5,0.0014648247,0.0014482955,0.0014996825,1,0,1,0,1,0
996704210,996501445,2621450,0.0023982641,-0.0032121113,0.000674049,0.15,1.6305023e-07,1.6312079e-07,3.031415e-07,2621450,0.018451646,0.109526895,-0.075378895,0.4,0.00036410333,0.00022434065,1.6088937e-06,589834,0.12224892,0.085932426,0.005599725,0.5,0.00085846864,0.0010802993,0.0012835385,1,0,1,0,1,0
997679582,997480870,2621450,0.0027261474,-0.003064859,0.0007897372,0.15,1.6333777e-07,1.6355482e-07,3.036906e-07,2621450,0.017264666,0.10990489,-0.07535219,0.4,0.00036384558,0.00022424426,1.7005918e-06,589834,0.17271242,0.08718796,0.010991207,0.5,0.00060067,0.0010535072,0.0012668788,1,0,1,0,1,0
998659300,998460220,2621450,0.0027985408,-0.0028683003,0.0008008059,0.15,1.6358635e-07,1.6392083e-07,3.0564445e-07,2621450,0.018191487,0.10988876,-0.07536273,0.4,0.00036345917,0.00022408934,1.7921318e-06,589834,0.19858219,0.07974814,0.011357211,0.5,0.00043787278,0.0010321756,0.0012600784,1,0,1,0,1,0
999638491,999439574,2621450,0.002784815,-0.0028143267,0.0007829231,0.15,1.6366886e-07,1.6387538e-07,3.0729854e-07,2621450,0.01889392,0.110007346,-0.075430304,0.4,0.0003634142,0.00022408014,1.8837219e-06,589834,0.2146379,0.07214553,0.01150371,0.5,0.00033428633,0.0010059351,0.0012556694,1,0,1,0,1,0
1000690464,1000492007,2621450,0.0028741572,-0.0028792561,0.0007839465,0.15,1.6406756e-07,1.6422591e-07,3.088472e-07,2621450,0.019113138,0.110015556,-0.07543208,0.4,0.00036335888,0.0002240571,1.982391e-06,589834,0.22671862,0.066716194,0.012132316,0.5,0.00026059715,0.0009768218,0.0012533676,1,0,1,0,1,0
1001670033,1001471193,2621450,0.0028885382,-0.002736563,0.00078762445,0.15,1.642118e-07,1.6440015e-07,3.099934e-07,2621450,0.018827898,0.11017449,-0.075423375,0.4,0.0003632618,0.00022401918,2.0741468e-06,589834,0.23439483,0.061096836,0.013353212,0.5,0.00021287611,0.00095005747,0.0012504484,1,0,1,0,1,0
1002649268,1002450504,2621450,0.0029644794,-0.0024360828,0.0007978588,0.15,1.6444943e-07,1.64556e-07,3.10943e-07,2621450,0.018563258,0.110505134,-0.07540258,0.4,0.00036318047,0.00022398792,2.165914e-06,589834,0.23712686,0.058276642,0.014104496,0.5,0.0001787481,0.0009264149,0.0012480586,1,1,1,0,1,0
1003493125,1003294424,2621450,0.0030018275,-0.0025176026,0.0007836978,0.15,1.6463287e-07,1.6454878e-07,3.1159706e-07,2621450,0.018544495,0.11058035,-0.07539949,0.4,0.00036315215,0.00022397803,2.245042e-06,589834,0.24062873,0.055552624,0.01375447,0.5,0.0001567004,0.00090811384,0.0012463107,1,1,1,0,1,0
1004476321,1004273744,2621450,0.0029208995,-0.0023518596,0.00077623304,0.15,1.6474348e-07,1.6482785e-07,3.1279635e-07,2621450,0.018737951,0.110579856,-0.07544775,0.4,0.00036311135,0.00022396923,2.3366736e-06,589834,0.24273305,0.052866977,0.014534189,0.5,0.00013681344,0.0008885712,0.0012453031,1,1,1,0,1,0
1005597674,1005398880,2621450,0.0029590663,-0.0022288347,0.0007554245,0.15,1.6465046e-07,1.6480368e-07,3.139987e-07,2621450,0.01870115,0.11068223,-0.075443104,0.4,0.00036307727,0.00022395632,2.4421684e-06,589834,0.24498881,0.050271425,0.01510333,0.5,0.00011951769,0.00086855516,0.0012446702,1,1,1,0,1,0
1006576736,1006378115,2621450,0.0031825597,-0.0021201577,0.0007409232,0.15,1.648622e-07,1.65028e-07,3.153401e-07,2621450,0.018891593,0.11077289,-0.075440146,0.4,0.0003630677,0.00022395246,2.533974e-06,589834,0.2463904,0.048760638,0.015903238,0.5,0.00010777088,0.00085258065,0.0012442581,1,1,1,0,1,0
1006994935,1006794880,2621450,0.003143059,-0.0019571101,0.00072113227,0.15,1.648089e-07,1.6495162e-07,3.155489e-07,2621450,0.019020725,0.110789135,-0.075440876,0.4,0.00036306476,0.00022395127,2.5730558e-06,589834,0.24702714,0.047672886,0.016109629,0.5,0.00010345724,0.0008462941,0.0012440638,1,1,1,0,1,0
1007841516,1007638815,2621450,0.0031214124,-0.0018354633,0.00069857895,0.15,1.649838e-07,1.6509883e-07,3.162784e-07,2621450,0.018931039,0.11080636,-0.075439274,0.4,0.0003629857,0.0002239202,2.652139e-06,589834,0.2477499,0.046607375,0.016397825,0.5,9.591861e-05,0.0008351815,0.0012437677,1,1,1,0,1,0
1009587661,1009388902,2621450,0.0035134861,-0.0016825376,0.00068630755,0.15,1.6491974e-07,1.6509858e-07,3.1679667e-07,2621450,0.019696552,0.11044479,-0.07556214,0.4,0.00036286563,0.0002238866,2.8157017e-06,589834,0.24877965,0.04510557,0.017406294,0.5,8.3641455e-05,0.00081540504,0.0012431742,1,1,1,0,1,0
1010597843,1010399379,2621450,0.0032919457,-0.001585574,0.0006413395,0.15,1.6501848e-07,1.6507428e-07,3.1739035e-07,2621450,0.019784957,0.11034722,-0.075568214,0.4,0.0003628329,0.00022387358,2.9104217e-06,589834,0.24894619,0.044556532,0.017918225,0.5,7.825382e-05,0.0008060044,0.0012428972,1,1,1,0,1,0
1011473146,1011274538,2621450,0.003296799,-0.0014412533,0.00064169604,0.15,1.6506547e-07,1.6519358e-07,3.1806235e-07,2621450,0.019679384,0.11038522,-0.075565815,0.4,0.0003628102,0.0002238649,2.9924731e-06,589834,0.24953991,0.043728575,0.01836907,0.5,7.397592e-05,0.00079762243,0.0012425919,1,1,1,0,1,0
1012456494,1012253733,2621450,0.0033601327,-0.0015754314,0.00061720697,0.15,1.6519087e-07,1.6526351e-07,3.185079e-07,2621450,0.019799873,0.110403255,-0.07556617,0.4,0.0003628039,0.00022386243,3.0842841e-06,589834,0.25024253,0.043075543,0.019000454,0.5,6.99887e-05,0.0007895454,0.0012424046,1,1,1,0,1,0
1013462799,1013264162,2621450,0.0034687575,-0.0014553664,0.0005829103,0.15,1.6518021e-07,1.6530645e-07,3.1879304e-07,2621450,0.01972175,0.110125706,-0.075578496,0.4,0.0003627492,0.00022384113,3.1789812e-06,589834,0.25087494,0.042618588,0.019478763,0.5,6.649451e-05,0.0007828321,0.0012422095,1,1,1,0,1,0
1014473156,1014274659,2621450,0.0035974642,-0.0014631127,0.0005639151,0.15,1.652074e-07,1.653083e-07,3.1890713e-07,2621450,0.019482963,0.109971195,-0.07558349,0.4,0.00036267645,0.00022381253,3.2736757e-06,589834,0.25112605,0.042384118,0.020049393,0.5,6.3395346e-05,0.00077682344,0.0012420658,1,1,1,0,1,0
1015483559,1015285198,2621450,0.0036690242,-0.0013804798,0.0005429809,0.15,1.6526123e-07,1.6536261e-07,3.1890784e-07,2621450,0.0192429,0.109722346,-0.075592935,0.4,0.00036247628,0.00022373296,3.3682766e-06,589834,0.2514095,0.0421257,0.020221893,0.5,6.0410122e-05,0.000770068,0.0012418343,1,1,1,0,1,0
1016494615,1016295573,2621450,0.0037025202,-0.0012841219,0.00052041875,0.15,1.6525117e-07,1.6536131e-07,3.1916426e-07,2621450,0.018885858,0.10966117,-0.075592645,0.4,0.0003623444,0.00022368068,3.4629063e-06,589834,0.2515119,0.041688304,0.020346764,0.5,5.7916342e-05,0.0007644489,0.001241638,1,1,1,0,1,0
1017508404,1017305972,2621450,0.0035755993,-0.0011846832,0.0004887474,0.15,1.6535654e-07,1.654185e-07,3.193762e-07,2621450,0.018762225,0.10965134,-0.07559195,0.4,0.0003623322,0.0002236759,3.5576268e-06,589834,0.25194687,0.041583184,0.020530589,0.5,5.5528566e-05,0.0007588458,0.0012414212,1,1,1,0,1,0
1018612787,1018410221,2621450,0.0035189998,-0.00093810866,0.00047542126,0.15,1.6524982e-07,1.6531978e-07,3.1939416e-07,2621450,0.018732224,0.10955759,-0.07559639,0.4,0.00036230928,0.00022366675,3.6611455e-06,589834,0.25180572,0.039650917,0.021377075,0.5,5.308928e-05,0.00074904854,0.0012394714,1,1,1,0,1,0
1019588335,1019389486,2621450,0.0037281113,-0.0012541815,0.00053216645,0.15,1.655889e-07,1.6542995e-07,3.1860043e-07,2621450,0.016691282,0.11192326,-0.07547071,0.4,0.00035966918,0.00022262301,3.7510854e-06,589834,0.2504182,0.03444873,0.021051576,0.5,5.0477e-05,0.0006974594,0.0012366136,1,1,1,0,1,0
1020358959,1020160213,2621450,0.0037514998,-0.0011871039,0.00052850397,0.15,1.6565109e-07,1.658486e-07,3.1703325e-07,2621450,0.015884943,0.111064255,-0.075506434,0.4,0.00035660493,0.00022138828,3.8208223e-06,589834,0.24982397,0.032051023,0.021327741,0.5,4.8333695e-05,0.0006500743,0.001236285,1,1,1,0,1,0
1021411296,1021212340,2621450,0.0035505837,-0.0010754692,0.00046189528,0.15,1.6563989e-07,1.6564434e-07,3.1726245e-07,2621450,0.016159644,0.110992745,-0.07551267,0.4,0.00035635795,0.00022128924,3.9192955e-06,589834,0.24901609,0.028432002,0.021330891,0.5,4.5699377e-05,0.0005948967,0.0012359365,1,1,1,0,1,0
1022536317,1022337301,2621450,0.0036665052,-0.0010231666,0.0004458372,0.15,1.6563794e-07,1.656243e-07,3.1783458e-07,2621450,0.016728329,0.111151874,-0.07550991,0.4,0.00035617658,0.00022121608,4.024625e-06,589834,0.2487169,0.026948845,0.021786382,0.5,4.323489e-05,0.00055438175,0.0012356946,1,1,1,0,1,0
1023515868,1023316454,2621450,0.003722321,-0.0008383641,0.00043895593,0.15,1.6554971e-07,1.6559072e-07,3.1804265e-07,2621450,0.017137824,0.11150585,-0.07549744,0.4,0.00035606656,0.0002211717,4.116336e-06,589834,0.24817789,0.024781859,0.022083642,0.5,4.1292515e-05,0.0005264994,0.0012353715,1,1,1,0,1,0
1024348746,1024149965,2621450,0.0037226253,-0.0007101579,0.0004260523,0.15,1.6554844e-07,1.6561563e-07,3.1838584e-07,2621450,0.017143566,0.1115925,-0.075493686,0.4,0.00035605434,0.00022116679,4.1944995e-06,589834,0.24797837,0.024223797,0.022262445,0.5,3.9703293e-05,0.0005014648,0.0012352286,1,1,1,0,1,0
1025400783,1025201918,2621450,0.0035641543,-0.00071359,0.00038921938,0.15,1.6576544e-07,1.6571228e-07,3.189396e-07,2621450,0.01785404,0.11175388,-0.07549222,0.4,0.00035587006,0.00022109263,4.2929887e-06,589834,0.2477236,0.024233455,0.022562204,0.5,3.7796533e-05,0.00046745795,0.001234961,1,1,1,0,1,0
1026525795,1026326889,2621450,0.0038463527,-0.00061473035,0.00038398142,0.15,1.6563888e-07,1.6571175e-07,3.189069e-07,2621450,0.018179718,0.11181634,-0.07549303,0.4,0.00035579834,0.00022106378,4.398401e-06,589834,0.24703448,0.022147499,0.022507746,0.5,3.5988356e-05,0.0004389284,0.0012348092,1,1,1,0,1,0
1027151124,1026951852,2621450,0.004002637,-0.00042050847,0.00039974067,0.15,1.6556035e-07,1.6573246e-07,3.1883027e-07,2621450,0.018628877,0.112236485,-0.07547728,0.4,0.0003557416,0.00022104116,4.4569406e-06,589834,0.24631381,0.019197902,0.022804858,0.5,3.5011188e-05,0.00042393955,0.0012347449,1,1,1,0,1,0
1028556733,1028357999,2621450,0.004005735,-0.00039336097,0.0003786811,0.15,1.6553174e-07,1.6551667e-07,3.1913606e-07,2621450,0.017994871,0.11235448,-0.075465724,0.4,0.0003554232,0.0002209119,4.5885204e-06,589834,0.24581611,0.016489282,0.024392173,0.5,3.308316e-05,0.00040405535,0.0012335003,1,1,1,1,1,0
1029171444,1028972809,2621450,0.0039133956,-0.0001626723,0.00037200103,0.15,1.6558539e-07,1.6559306e-07,3.1946868e-07,2621450,0.017501488,0.113928735,-0.0753856,0.4,0.00035454214,0.00022055802,4.645476e-06,589834,0.24574015,0.014861825,0.024595547,0.5,3.240041e-05,0.00040066466,0.0012331558,1,1,1,1,1,0
1030515029,1030316248,2621450,0.0038447282,-0.00010198171,0.00034902937,0.15,1.6544693e-07,1.6559824e-07,3.1945754e-07,2621450,0.017024245,0.11464606,-0.07534659,0.4,0.00035391137,0.00022030633,4.770925e-06,589834,0.24525018,0.012688972,0.025765523,0.5,3.0827647e-05,0.00039362756,0.0012327958,1,1,1,1,1,0
1031525310,1031326677,2621450,0.003833362,-3.5110173e-05,0.00032640592,0.15,1.6549606e-07,1.6559616e-07,3.1966536e-07,2621450,0.01691455,0.11474037,-0.07534224,0.4,0.00035388497,0.00022029542,4.865639e-06,589834,0.24546987,0.013005315,0.026658129,0.5,2.981817e-05,0.0003900709,0.0012320421,1,1,1,1,1,0
1032535413,1032336965,2621450,0.003662957,5.3054027e-06,0.0003014029,0.15,1.6544396e-07,1.6557152e-07,3.1967346e-07,2621450,0.016537929,0.1146295,-0.07534415,0.4,0.000353838,0.00022027675,4.9603327e-06,589834,0.2455753,0.013113371,0.026979014,0.5,2.8884071e-05,0.00038675198,0.0012319412,1,1,1,1,1,0
1033244179,1033045494,2621450,0.0037715544,8.711379e-06,0.0002968122,0.15,1.6537643e-07,1.655605e-07,3.193718e-07,2621450,0.016623423,0.11459862,-0.07534827,0.4,0.00035382627,0.00022027198,5.0267745e-06,589834,0.24540667,0.01211271,0.02727071,0.5,2.8192226e-05,0.00038435377,0.0012317894,1,1,1,1,1,0
1034014801,1033816055,2621450,0.003685981,8.932428e-05,0.00028397745,0.15,1.6546291e-07,1.6561559e-07,3.1975085e-07,2621450,0.016672758,0.1146066,-0.07534931,0.4,0.00035382234,0.00022027033,5.098993e-06,589834,0.24517706,0.011179499,0.027658258,0.5,2.7527904e-05,0.0003818032,0.0012317304,1,1,1,1,1,0
1035024854,1034826406,2621450,0.0039006139,7.8538294e-05,0.00028549007,0.15,1.6550383e-07,1.6569199e-07,3.1958757e-07,2621450,0.016841553,0.11456853,-0.07535224,0.4,0.00035381567,0.00022026763,5.193709e-06,589834,0.24514765,0.0109021505,0.0284068,0.5,2.6722819e-05,0.0003789157,0.0012315225,1,1,1,1,1,0
1036035189,1035836830,2621450,0.0039664907,0.00015070151,0.00027273162,0.15,1.6541482e-07,1.6562389e-07,3.1977092e-07,2621450,0.017080836,0.11447875,-0.07535968,0.4,0.0003537941,0.00022025898,5.2884125e-06,589834,0.2450451,0.010337998,0.02889194,0.5,2.5961375e-05,0.00037535254,0.0012310643,1,1,1,1,1,0
1037045555,1036847082,2621450,0.0037158297,0.00035333022,0.0002275173,0.15,1.6550365e-07,1.6558906e-07,3.1968108e-07,2621450,0.016980965,0.114304006,-0.0753671,0.4,0.00035377726,0.00022025233,5.3831127e-06,589834,0.24498424,0.009912787,0.029238805,0.5,2.5190771e-05,0.00037202032,0.0012308055,1,1,1,1,1,0
1038056023,1037857396,2621450,0.003739181,0.0003574145,0.00022497064,0.15,1.6560503e-07,1.6576212e-07,3.2003814e-07,2621450,0.016911484,0.114320576,-0.075365886,0.4,0.00035376678,0.00022024843,5.477829e-06,589834,0.24482831,0.0092870835,0.029487044,0.5,2.4500487e-05,0.00036873537,0.0012306079,1,1,1,1,1,0
1039534935,1039336483,2621450,0.004021954,0.00032639763,0.00026368778,0.15,1.6581455e-07,1.6571417e-07,3.190055e-07,2621450,0.01786613,0.11377679,-0.075389475,0.4,0.00035302798,0.00021995099,5.615966e-06,589834,0.24502279,0.009411294,0.02850211,0.5,2.347065e-05,0.00036331292,0.0012212748,1,1,1,1,1,0
1040497286,1040294692,2621450,0.003911027,0.00056000735,0.0004121594,0.15,1.6542074e-07,1.6565917e-07,3.151116e-07,2621450,0.015341107,0.112600535,-0.0754346,0.4,0.00035186313,0.00021948163,5.7047478e-06,589834,0.24471372,0.007319929,0.02773622,0.5,2.2883372e-05,0.0003596525,0.0012171505,1,1,1,1,1,0
1041503869,1041305064,2621450,0.0037110585,0.0007208471,0.00040829566,0.15,1.6529816e-07,1.6549897e-07,3.1464714e-07,2621450,0.015540487,0.1129728,-0.07541902,0.4,0.0003516756,0.00021940547,5.7993107e-06,589834,0.24460335,0.0071721,0.028666057,0.5,2.2261549e-05,0.00035588475,0.0012164182,1,1,1,1,1,0
1042513713,1042315347,2621450,0.0038714502,0.00074620254,0.00041577907,0.15,1.6559706e-07,1.6571568e-07,3.1486292e-07,2621450,0.015705545,0.11282536,-0.07542627,0.4,0.0003516044,0.00021937593,5.893966e-06,589834,0.24456568,0.007059147,0.029049652,0.5,2.1699167e-05,0.0003528721,0.0012156272,1,1,1,1,1,0
1043367943,1043169463,2621450,0.004141119,0.0007730187,0.0004115868,0.15,1.6550212e-07,1.657141e-07,3.150744e-07,2621450,0.016661614,0.11314549,-0.075422056,0.4,0.0003514942,0.00021932906,5.9739286e-06,589834,0.24440345,0.0067657973,0.029233916,0.5,2.1262424e-05,0.0003512712,0.0012155734,1,1,1,1,1,0
1044024527,1043825639,2621450,0.004276031,0.0007604511,0.00037117486,0.15,1.6543213e-07,1.6575255e-07,3.156107e-07,2621450,0.017173981,0.11317936,-0.0754239,0.4,0.00035139156,0.0002192865,6.0354037e-06,589834,0.2442851,0.006616302,0.030240262,0.5,2.0917889e-05,0.0003502729,0.001215082,1,1,1,1,1,0
1045034406,1044835935,2621450,0.00401545,0.000782198,0.00033667858,0.15,1.6543471e-07,1.6554476e-07,3.1618012e-07,2621450,0.016772995,0.11304816,-0.075434916,0.4,0.0003513499,0.00021926899,6.1300816e-06,589834,0.24435158,0.006271389,0.03107472,0.5,2.0455918e-05,0.00034896535,0.0012140112,1,1,1,1,1,0
1046044720,1045846225,2621450,0.003926082,0.0008827963,0.0003131069,0.15,1.6538013e-07,1.6552806e-07,3.16628e-07,2621450,0.016638739,0.11296898,-0.07543695,0.4,0.00035134054,0.00021926411,6.2247946e-06,589834,0.24429047,0.0058961627,0.031595387,0.5,2.0007581e-05,0.0003477305,0.0012135727,1,1,1,1,1,0
1047055520,1046856505,2621450,0.0038993044,0.00084413134,0.0002757431,0.15,1.6552859e-07,1.6569939e-07,3.171186e-07,2621450,0.016811293,0.11301686,-0.07543725,0.4,0.0003512665,0.00021923287,6.3194516e-06,589834,0.24418476,0.0055461964,0.032268163,0.5,1.9541569e-05,0.00034570205,0.0012133942,1,1,1,1,1,0
1048065242,1047866850,2621450,0.0037633476,0.00093145017,0.0002534322,0.15,1.6548613e-07,1.6568127e-07,3.1807394e-07,2621450,0.017029397,0.112925,-0.075443804,0.4,0.00035121513,0.00021921063,6.414109e-06,589834,0.2441547,0.0054416046,0.032612324,0.5,1.9130066e-05,0.000343699,0.0012133353,1,1,1,1,1,0
1049690497,1049491786,2621450,0.0037771445,0.0007688053,0.000724319,0.15,1.6608146e-07,1.6553767e-07,2.9530494e-07,2621450,0.018945135,0.11578125,-0.07546708,0.4,0.00035054138,0.00021885043,6.5657237e-06,589834,0.2421199,0.0004259438,0.054423735,0.5,1.8104036e-05,0.00032671232,0.0011033358,1,1,1,1,1,0
1050659050,1050460226,2621450,0.004387684,0.0009519999,0.001127773,0.15,1.6565042e-07,1.6621787e-07,2.663127e-07,2621450,0.004604636,0.11409806,-0.075751275,0.4,0.00034569952,0.00021695184,6.651357e-06,589834,0.24232006,0.0016742513,0.05108139,0.5,1.7664652e-05,0.0003110025,0.0010731143,1,1,1,1,1,0
1051700244,1051501799,2621450,0.00404455,0.0011191694,0.0013702177,0.15,1.6570883e-07,1.6625891e-07,2.6492015e-07,2621450,0.0010735792,0.113728024,-0.07585455,0.4,0.0003450036,0.00021669515,6.7475107e-06,589834,0.24195023,0.00020880224,0.05152636,0.5,1.7254706e-05,0.00030207448,0.0010675867,1,1,1,1,1,0
1052704360,1052501694,2621450,0.0037135412,0.001031929,0.0012680285,0.15,1.6545509e-07,1.655569e-07,2.6860258e-07,2621450,-0.0033543445,0.11283743,-0.07592042,0.4,0.000343743,0.00021630281,6.8400195e-06,589834,0.24236123,0.002035199,0.052783106,0.5,1.6853304e-05,0.0002966922,0.0010668775,1,1,1,1,1,0
1053335927,1053136961,2621450,0.0038943186,0.0012073629,0.0012853808,0.15,1.6561212e-07,1.6567233e-07,2.7278261e-07,2621450,-0.003129077,0.11323825,-0.075884126,0.4,0.00034366766,0.00021626294,6.8993163e-06,589834,0.24209546,0.000890286,0.053076882,0.5,1.6624224e-05,0.00029380154,0.0010667212,1,1,1,1,1,0
1054106496,1053907889,2621450,0.004174463,0.0012171702,0.0012614324,0.15,1.6553001e-07,1.657023e-07,2.771892e-07,2621450,-0.0028849808,0.11354405,-0.07589087,0.4,0.0003436284,0.00021623011,6.971549e-06,589834,0.24217755,0.0017004323,0.052487064,0.5,1.635202e-05,0.00029050853,0.0010661259,1,1,1,1,1,0
1055366854,1055167988,2621450,0.0040470683,0.0012810882,0.0011962904,0.15,1.6544818e-07,1.6563865e-07,2.8504851e-07,2621450,-0.0026139338,0.11408247,-0.07586526,0.4,0.0003433165,0.00021607442,7.0892997e-06,589834,0.2419757,0.002127881,0.05253576,0.5,1.5924767e-05,0.00028072225,0.0010656294,1,1,1,1,1,0
1056553914,1056355296,2621450,0.0042976127,0.0011622952,0.0011206378,0.15,1.6564341e-07,1.6572176e-07,2.9177156e-07,2621450,-0.00456162,0.11495551,-0.07578433,0.4,0.00034238235,0.00021566331,7.1996283e-06,589834,0.24196205,0.004023898,0.05383786,0.5,1.5534819e-05,0.0002694802,0.0010649475,1,1,1,1,1,0
1057564042,1057365564,2621450,0.0041982853,0.0012565354,0.0010159614,0.15,1.6553656e-07,1.6564255e-07,2.9638707e-07,2621450,-0.0051859394,0.11474996,-0.07578047,0.4,0.00034215188,0.00021555432,7.2940525e-06,589834,0.24195687,0.0050028265,0.053669535,0.5,1.5239511e-05,0.00026263788,0.0010648926,1,1,1,1,1,0
1058516270,1058313325,2621450,0.004159147,0.0013642004,0.00093161006,0.15,1.655208e-07,1.6569066e-07,3.0059672e-07,2621450,-0.0052196756,0.11491422,-0.075771354,0.4,0.00034195074,0.00021546372,7.382718e-06,589834,0.24215515,0.0074244724,0.05386322,0.5,1.4969018e-05,0.00025656036,0.0010645549,1,1,1,1,1,0
1059700417,1059500658,2621450,0.0039335527,0.0017802054,0.0013558433,0.15,1.6712737e-07,1.6552761e-07,2.625293e-07,2621450,-0.00047285052,0.12311177,-0.07593929,0.4,0.00033907598,0.00021407512,7.4928735e-06,589834,0.2403513,0.004980791,0.08408232,0.5,1.4457016e-05,0.00024878647,0.0008145771,1,1,1,1,1,0
1060678617,1060479658,2621450,0.0041094776,0.0015056906,0.0018706816,0.15,1.67195e-07,1.6573107e-07,2.3122661e-07,2621450,0.011806356,0.12046111,-0.076735154,0.4,0.0003225614,0.00020679625,7.5492458e-06,589834,0.23917843,0.0018170674,0.09324871,0.5,1.3952552e-05,0.0002443648,0.0007422695,1,1,1,1,1,0
1061557058,1061354534,2621450,0.0042417464,0.0018068369,0.0018277674,0.15,1.6717864e-07,1.65764e-07,2.3521767e-07,2621450,0.010100168,0.11882386,-0.07682933,0.4,0.00032223563,0.00020654117,7.6250967e-06,589834,0.2387892,0.0063511566,0.0952208,0.5,1.3757574e-05,0.0002418754,0.0007398427,1,1,1,1,1,0
1062574034,1062375160,2621450,0.0042174463,0.0018493873,0.0017875752,0.15,1.6616455e-07,1.6577225e-07,2.4253106e-07,2621450,0.010354541,0.11847148,-0.07687104,0.4,0.00032202344,0.00020628034,7.717376e-06,589834,0.2382888,0.009305819,0.0950434,0.5,1.3544086e-05,0.00023916637,0.00073874043,1,1,1,1,1,0
1063688482,1063489548,2621450,0.004161886,0.0019277323,0.0017082922,0.15,1.6607312e-07,1.6567903e-07,2.524661e-07,2621450,0.010718653,0.11851918,-0.07686547,0.4,0.00032195344,0.00020626384,7.821655e-06,589834,0.23782244,0.011124733,0.095338725,0.5,1.3328305e-05,0.00023643381,0.0007376039,1,1,1,1,1,0
1064671139,1064468614,2621450,0.0042416127,0.0019650345,0.0016445323,0.15,1.6613369e-07,1.6574643e-07,2.6042454e-07,2621450,0.010779045,0.11846781,-0.076865114,0.4,0.00032174974,0.00020621374,7.913383e-06,589834,0.23752373,0.013037261,0.09603552,0.5,1.314656e-05,0.00023459754,0.00073705247,1,1,1,1,1,0
1065677288,1065478852,2621450,0.004301816,0.0020656714,0.0015447945,0.15,1.6594163e-07,1.6575478e-07,2.6836634e-07,2621450,0.011117431,0.11836168,-0.07687838,0.4,0.00032168633,0.00020619459,8.007926e-06,589834,0.23740312,0.013418496,0.09637194,0.5,1.2978799e-05,0.00023289563,0.00073687476,1,1,1,1,1,0
1066427950,1066228744,2621450,0.0040822555,0.0019494883,0.0014394638,0.15,1.6599363e-07,1.657992e-07,2.7399153e-07,2621450,0.011960059,0.11863814,-0.076869614,0.4,0.0003216109,0.00020617773,8.078201e-06,589834,0.23702106,0.015237325,0.09719682,0.5,1.28485935e-05,0.00023183053,0.00073673204,1,1,1,1,1,0
1067333391,1067134824,2621450,0.0040796855,0.0019061238,0.0013275803,0.15,1.6594653e-07,1.65783e-07,2.8038406e-07,2621450,0.0123593565,0.118770674,-0.07686634,0.4,0.00032151822,0.00020615406,8.16311e-06,589834,0.23680931,0.01630354,0.0976613,0.5,1.2703911e-05,0.00023081349,0.00073660363,1,1,1,1,1,0
1067958526,1067759730,2621450,0.0044474434,0.0019474613,0.0012640171,0.15,1.6582138e-07,1.6580567e-07,2.8413356e-07,2621450,0.011689064,0.118548974,-0.07688563,0.4,0.0003214456,0.00020613037,8.221623e-06,589834,0.23669162,0.017207136,0.09812987,0.5,1.2604665e-05,0.00023020968,0.0007364752,1,1,1,1,1,0
1069649894,1069446919,2621450,0.004572629,0.0020285482,0.001398338,0.15,1.6576044e-07,1.6802622e-07,2.6188462e-07,2621450,0.011292847,0.11850189,-0.077039465,0.4,0.0003208273,0.00020589744,8.371922e-06,589834,0.23635511,0.023763502,0.10712899,0.5,1.2183081e-05,0.00021638765,0.0006196972,1,1,1,1,1,1
1070479059,1070280125,2621450,0.003908565,0.001981985,0.001419058,0.15,1.6553275e-07,1.6586561e-07,2.3745545e-07,2621450,0.016241588,0.118532695,-0.0776104,0.4,0.00031957906,0.00020575654,8.442673e-06,589834,0.23580697,0.022255886,0.109327585,0.5,1.2036344e-05,0.0002129267,0.00059286883,1,1,1,1,1,1
1071395285,1071196774,2621450,0.0040372,0.0019925924,0.0013055261,0.15,1.6547935e-07,1.6641987e-07,2.3659051e-07,2621450,0.017039511,0.11899915,-0.07770349,0.4,0.00031905642,0.00020574102,8.521804e-06,589834,0.23545152,0.022015508,0.10994137,0.5,1.1907835e-05,0.00021268474,0.00059153535,1,1,1,1,1,1
1072405138,1072206854,2621450,0.004322447,0.00186616,0.0011976054,0.15,1.6563936e-07,1.6612925e-07,2.4130253e-07,2621450,0.01725558,0.11970012,-0.07776962,0.4,0.00031894704,0.00020566779,8.615695e-06,589834,0.2352189,0.02197765,0.11035548,0.5,1.1770735e-05,0.00021258285,0.00059104513,1,1,1,1,1,1
1073665451,1073467061,2621450,0.0040192106,0.0018415895,0.0011353466,0.15,1.6555728e-07,1.6616494e-07,2.5142114e-07,2621450,0.020779064,0.120975986,-0.07771349,0.4,0.00031710888,0.00020486378,8.73185e-06,589834,0.23449938,0.019396674,0.11038017,0.5,1.157578e-05,0.00021039836,0.00059052283,1,1,1,1,1,1
1073946675,1073748204,2621450,0.0040055956,0.0017491666,0.0011282644,0.15,1.6557978e-07,1.6608543e-07,2.536397e-07,2621450,0.021196494,0.12192284,-0.07766813,0.4,0.00031640724,0.00020457874,8.757371e-06,589834,0.2344327,0.018971726,0.11042643,0.5,1.1531538e-05,0.00020963841,0.0005903212,1,1,1,1,1,1
1074960928,1074758502,2621450,0.004098028,0.0015870954,0.0010529767,0.15,1.65692e-07,1.6600883e-07,2.6138542e-07,2621450,0.021128679,0.12284041,-0.07761345,0.4,0.00031586213,0.000204361,8.851308e-06,589834,0.23428005,0.018483099,0.11077275,0.5,1.1378717e-05,0.00020739049,0.0005902042,1,1,1,1,1,1
1075728009,1075529158,2621450,0.0041715964,0.0017028853,0.0009960554,0.15,1.6578085e-07,1.6621112e-07,2.6682585e-07,2621450,0.021571279,0.12332748,-0.07759734,0.4,0.00031563247,0.00020427594,8.923258e-06,589834,0.2340518,0.017269908,0.11056514,0.5,1.1257694e-05,0.00020596621,0.0005901089,1,1,1,1,1,1
1077623421,1077424644,2621450,0.0041318065,0.0020010893,0.00076116255,0.15,1.6552066e-07,1.6589563e-07,2.7953257e-07,2621450,0.021011664,0.12508778,-0.07750037,0.4,0.00031420417,0.00020366185,9.0996955e-06,589834,0.23377995,0.016627045,0.11095574,0.5,1.101167e-05,0.00020539864,0.0005899783,1,1,1,1,1,1
1078133347,1077934931,2621450,0.0040997034,0.0021568607,0.00069754303,0.15,1.6554213e-07,1.6590809e-07,2.8258825e-07,2621450,0.020907322,0.12609333,-0.07745248,0.4,0.0003136467,0.0002034215,9.1470565e-06,589834,0.23373905,0.016757807,0.110975854,0.5,1.0953372e-05,0.00020531827,0.00058995513,1,1,1,1,1,1
1079643912,1079445100,2621450,0.0043411753,0.0020773371,0.0007473343,0.15,1.672374e-07,1.6585436e-07,2.6641646e-07,2621450,0.020576734,0.12809525,-0.07764589,0.4,0.00031222077,0.00020282266,9.286203e-06,589834,0.2340549,0.016608875,0.111228324,0.5,1.06591215e-05,0.00020293724,0.0005456418,1,1,1,1,1,1
1080424982,1080226191,2621450,0.0043326514,0.0017169396,0.00071998086,0.15,1.6676181e-07,1.6609974e-07,2.5319932e-07,2621450,0.025734967,0.13744086,-0.07739889,0.4,0.0002981664,0.00019633643,9.339998e-06,589834,0.23367654,0.018705709,0.11261458,0.5,1.0513011e-05,0.00019372554,0.0005382008,1,1,1,1,1,1
1081143270,1080944806,2621450,0.004235803,0.0016530909,0.00076589047,0.15,1.666344e-07,1.6599664e-07,2.4268678e-07,2621450,0.027389782,0.13856694,-0.07731277,0.4,0.0002946593,0.00019370341,9.383932e-06,589834,0.23339738,0.018798765,0.11351849,0.5,1.0395074e-05,0.00018763084,0.00053734746,1,1,1,1,1,1
1082591278,1082392467,2621450,0.0041709067,0.0017485175,0.00064292207,0.15,1.6600542e-07,1.6587555e-07,2.5073115e-07,2621450,0.027763195,0.13953736,-0.077229284,0.4,0.000293233,0.00019265858,9.514711e-06,589834,0.23296861,0.017031677,0.11242902,0.5,1.0193928e-05,0.00017797518,0.0005366556,1,1,1,1,1,1
1083153701,1082954845,2621450,0.0040246015,0.0018268143,0.0005574424,0.15,1.6613338e-07,1.6590543e-07,2.5496007e-07,2621450,0.028274791,0.13927518,-0.07724065,0.4,0.00029307674,0.00019260516,9.567223e-06,589834,0.23270564,0.015963018,0.11225187,0.5,1.0115274e-05,0.00017365429,0.0005366276,1,1,1,1,1,1
1083716108,1083517190,2621450,0.0040394915,0.0018613163,0.0004977956,0.15,1.6611718e-07,1.658659e-07,2.5919007e-07,2621450,0.02853771,0.1391937,-0.07724689,0.4,0.0002928558,0.00019252504,9.619765e-06,589834,0.2325117,0.014890773,0.1117234,0.5,1.0039648e-05,0.000169681,0.0005365074,1,1,1,1,1,1
1085111634,1084912758,2621450,0.0043351273,0.0018743456,0.00035280315,0.15,1.6597333e-07,1.658322e-07,2.68599e-07,2621450,0.02908655,0.13923502,-0.07726913,0.4,0.00029257842,0.00019245544,9.750477e-06,589834,0.23211141,0.013911258,0.11094966,0.5,9.863445e-06,0.00016178422,0.00053617585,1,1,1,1,1,1
1086699224,1086495807,2621450,0.004204006,0.0021465276,0.00018344686,0.15,1.6571843e-07,1.6571536e-07,2.7801195e-07,2621450,0.029132001,0.1412541,-0.077173114,0.4,0.00029044366,0.00019154695,9.896896e-06,589834,0.2319031,0.013782375,0.11004267,0.5,9.686883e-06,0.00015779755,0.00053591223,1,1,1,1,1,1
1087215520,1087016532,2621450,0.0041559795,0.002047301,0.0001332504,0.15,1.6586873e-07,1.6580307e-07,2.8094357e-07,2621450,0.029542914,0.14161852,-0.07715917,0.4,0.0002903083,0.00019151007,9.945573e-06,589834,0.2316503,0.012705737,0.110609606,0.5,9.62545e-06,0.00015622903,0.0005352204,1,1,1,1,1,1
1088225031,1088026720,2621450,0.0041814563,0.0020531262,4.1135132e-05,0.15,1.6571407e-07,1.6563394e-07,2.8533103e-07,2621450,0.030151792,0.14239596,-0.07711985,0.4,0.00028974167,0.00019128101,1.0039477e-05,589834,0.23145981,0.012252042,0.11065199,0.5,9.519393e-06,0.0001551309,0.0005339741,1,1,1,1,1,1
1089516736,1089318163,2621450,0.004205428,0.0019856184,0.00018807122,0.15,1.655348e-07,1.6544521e-07,2.6091985e-07,2621450,0.03208679,0.1432295,-0.07739135,0.4,0.00028864748,0.0001910272,1.0153747e-05,589834,0.23103337,0.010871743,0.11423704,0.5,9.315164e-06,0.00015021034,0.00046151344,1,1,1,1,1,1
1090360433,1090161738,2621450,0.0041299914,0.002258336,0.0003932133,0.15,1.6587185e-07,1.6580161e-07,2.347141e-07,2621450,0.035245568,0.14549991,-0.07775706,0.4,0.00028659895,0.00018984935,1.0216282e-05,589834,0.23061989,0.010899423,0.11931285,0.5,9.150823e-06,0.00014932953,0.0004426324,1,1,1,1,1,1
1091162158,1090963603,2621450,0.0040070796,0.002463019,0.0003816618,0.15,1.6720574e-07,1.6638022e-07,2.270257e-07,2621450,0.0323877,0.14674722,-0.07748507,0.4,0.00028412003,0.00018912008,1.0268075e-05,589834,0.23063515,0.011735988,0.118873864,0.5,9.072454e-06,0.00014883703,0.00044172964,1,1,1,1,1,1
1092176041,1091973838,2621450,0.0040461193,0.0026443598,0.00030817857,0.15,1.6598138e-07,1.6612088e-07,2.3292621e-07,2621450,0.032355297,0.14710422,-0.077520296,0.4,0.0002831561,0.00018899294,1.0360904e-05,589834,0.2305608,0.012527864,0.1187293,0.5,8.9806745e-06,0.00014843834,0.00044094655,1,1,1,1,1,1
1093186538,1092984010,2621450,0.004190323,0.0026691854,0.0002460349,0.15,1.6585355e-07,1.6575851e-07,2.411228e-07,2621450,0.03225821,0.14729677,-0.07748193,0.4,0.0002828655,0.00018895818,1.0454694e-05,589834,0.23050472,0.012891831,0.1188986,0.5,8.8873785e-06,0.00014820538,0.00044083362,1,1,1,0,1,1
1094192694,1093994226,2621450,0.004209369,0.0026875401,0.0001681858,0.15,1.6589351e-07,1.6579037e-07,2.4916102e-07,2621450,0.032644235,0.1474968,-0.07747068,0.4,0.00028260864,0.00018888334,1.05493955e-05,589834,0.23041129,0.013190416,0.11916975,0.5,8.799673e-06,0.00014813353,0.0004407642,1,1,1,0,1,1
1095307202,1095108580,2621450,0.0041326876,0.0025997227,3.8798473e-05,0.15,1.6573266e-07,1.6576647e-07,2.5773022e-07,2621450,0.033239916,0.14858754,-0.07740515,0.4,0.00028150209,0.00018834576,1.065256e-05,589834,0.23041332,0.013399713,0.11916306,0.5,8.701272e-06,0.00014784018,0.00044028254,1,1,1,0,1,1
1096317729,1096118791,2621450,0.0042060493,0.0026548575,-5.7291967e-05,0.15,1.6558177e-07,1.6559785e-07,2.6462675e-07,2621450,0.033279873,0.148806,-0.077386156,0.4,0.000280951,0.00018808564,1.0746011e-05,589834,0.2303172,0.013089395,0.11952033,0.5,8.607769e-06,0.00014740965,0.00044004244,1,1,1,0,1,1
1097327574,1097129138,2621450,0.004467381,0.002521981,-0.00013599287,0.15,1.6568595e-07,1.657583e-07,2.7089283e-07,2621450,0.033255428,0.14900608,-0.07739457,0.4,0.0002808439,0.00018804752,1.08406275e-05,589834,0.23033516,0.0131783765,0.11957602,0.5,8.525435e-06,0.00014678323,0.0004399974,1,1,1,0,1,1
1098337844,1098139203,2621450,0.004430503,0.0024722628,-0.00024099981,0.15,1.6568748e-07,1.6568751e-07,2.770313e-07,2621450,0.033562556,0.14909199,-0.07739416,0.4,0.00028068575,0.00018797838,1.0935132e-05,589834,0.23030283,0.013036851,0.11987905,0.5,8.438118e-06,0.00014653275,0.00043987788,1,1,1,0,1,1
1099347710,1099149387,2621450,0.004360398,0.0023841811,-0.00036514105,0.15,1.6571181e-07,1.6578589e-07,2.8232904e-07,2621450,0.033660267,0.14890747,-0.0774006,0.4,0.0002803841,0.00018785172,1.1029533e-05,589834,0.23035604,0.013301228,0.11988564,0.5,8.359158e-06,0.00014620229,0.0004398119,1,1,1,0,1,1
1100212183,1100013857,2621450,0.0042212117,0.002440036,-0.00044140176,0.15,1.6559588e-07,1.6570915e-07,2.866095e-07,2621450,0.034660622,0.14900182,-0.077409476,0.4,0.00028011305,0.00018772855,1.1109987e-05,589834,0.2303356,0.013443344,0.12019832,0.5,8.295478e-06,0.00014581194,0.00043962424,1,1,1,0,1,1
1101702020,1101503130,2621450,0.0042578443,0.0026499564,-0.0005573213,0.15,1.6618202e-07,1.6654656e-07,2.9036977e-07,2621450,0.027192341,0.15745862,-0.076934196,0.4,0.00025471876,0.00017510347,1.1219682e-05,589834,0.22875097,0.011930765,0.12329793,0.5,7.947187e-06,9.315516e-05,0.00043714754,1,1,1,0,1,1
1102680692,1102482018,2621450,0.0045686737,0.001344756,0.00030303132,0.15,1.7378696e-07,1.7282545e-07,2.880586e-07,2621450,0.006045738,0.33568054,-0.06883901,0.4,0.00012333988,0.00010200062,1.1174298e-05,589834,0.2250256,0.010373207,0.12561509,0.5,7.2723865e-06,4.762843e-05,0.00043455954,1,1,1,0,1,1
1103597153,1103398455,2621450,0.0044821855,0.0011149119,3.7990107e-05,0.15,1.7487825e-07,1.7538999e-07,2.8318343e-07,2621450,0.012535912,0.34612313,-0.06835066,0.4,0.00011634884,9.6479045e-05,1.1249475e-05,589834,0.22220322,0.013020161,0.11643085,0.5,6.974761e-06,3.2616983e-05,0.0004303748,1,1,1,0,1,1
1104576749,1104377388,2621450,0.0040621962,0.0014205293,5.760305e-05,0.15,1.7264354e-07,1.7322604e-07,2.8429085e-07,2621450,0.010479008,0.3497165,-0.0681365,0.4,0.000115170056,9.572331e-05,1.1338658e-05,589834,0.2194941,0.014767604,0.111161835,0.5,6.6813254e-06,2.4568164e-05,0.00042919564,1,1,1,0,1,1
1105409534,1105210664,2621450,0.0042987997,0.0015790883,-0.00010663544,0.15,1.7193898e-07,1.712742e-07,2.8337345e-07,2621450,0.011379687,0.35088605,-0.06799332,0.4,0.000114801136,9.5394396e-05,1.1414507e-05,589834,0.21676013,0.016305834,0.11060994,0.5,6.4405876e-06,2.049422e-05,0.00042913103,1,1,1,0,1,1
1106465136,1106262398,2621450,0.004002167,0.0014260443,-0.0002494492,0.15,1.7124204e-07,1.7039412e-07,2.860979e-07,2621450,0.009994014,0.3503285,-0.068072736,0.4,0.000114544615,9.5300056e-05,1.1511953e-05,589834,0.21414803,0.017468939,0.10994402,0.5,6.1729406e-06,1.7051923e-05,0.0004290609,1,1,1,0,1,1
1107513196,1107314267,2621450,0.004274835,0.0014988702,-0.00034585028,0.15,1.7054948e-07,1.7003937e-07,2.8920184e-07,2621450,0.010952358,0.3508387,-0.068083055,0.4,0.000114321134,9.528391e-05,1.1610266e-05,589834,0.21184784,0.018115459,0.10758827,0.5,5.9495646e-06,1.466867e-05,0.00042884523,1,1,1,0,1,1
1108564880,1108366111,2621450,0.0042499043,0.0017346268,-0.0004574631,0.15,1.6996448e-07,1.6948636e-07,2.9320694e-07,2621450,0.010695705,0.35181707,-0.06803692,0.4,0.00011409379,9.521353e-05,1.17084755e-05,589834,0.20995378,0.018158142,0.10666149,0.5,5.7748275e-06,1.3189552e-05,0.00042870067,1,1,1,0,1,1
1109616647,1109418022,2621450,0.004203584,0.0021290546,-0.0005530359,0.15,1.6859505e-07,1.6847856e-07,2.9520385e-07,2621450,0.008324782,0.35668868,-0.06778305,0.4,0.00011124286,9.340947e-05,1.180235e-05,589834,0.20684752,0.015138802,0.10608058,0.5,5.615785e-06,1.1961167e-05,0.00042751132,1,1,1,0,1,1
1110241696,1110042867,2621450,0.0041673095,0.0018943824,-0.0005883646,0.15,1.6758518e-07,1.672903e-07,2.967896e-07,2621450,0.008324782,0.35668868,-0.06778305,0.4,0.00011124286,9.346806e-05,1.1860921e-05,589834,0.20528592,0.013498476,0.10490665,0.5,5.522691e-06,1.1329782e-05,0.00042712988,1,1,1,0,1,1
1111699320,1111500872,2621450,0.004222177,0.00203853,-0.00072666875,0.15,1.7177618e-07,1.7153883e-07,2.9802467e-07,2621450,-0.035343867,0.24414417,0.005842444,0.4,0.0018766212,0.0018799609,0.039967183,589834,-0.0570213,0.029208208,-0.01415519,0.5,0.0016606082,0.0015456717,0.0016666043,1,1,1,0,1,0
