timestamp,timestamp_sample,roll,pitch,yaw,throttle,flaps,aux1,aux2,aux3,aux4,aux5,aux6,buttons,valid,data_source,sticks_moving
986841285,986841248,0.0,0.0,0.0,-1.0,0.0,0.0,0.0,0.0,0.0,0.0,0.0,0,1,1,0
987042320,986841248,0.0,0.0,0.0,-1.0,0.0,0.0,0.0,0.0,0.0,0.0,0.0,0,1,1,0
987141856,987141820,0.0,0.0,0.0,-1.0,0.0,0.0,0.0,0.0,0.0,0.0,0.0,0,1,1,0
987341885,987141820,0.0,0.0,0.0,-1.0,0.0,0.0,0.0,0.0,0.0,0.0,0.0,0,1,1,0
987549143,987449108,0.0,0.0,0.0,-1.0,0.0,0.0,0.0,0.0,0.0,0.0,0.0,0,1,1,0
987657140,987657107,0.0,0.0,0.0,-0.998004,0.0,0.0,0.0,0.0,0.0,0.0,0.0,0,1,1,0
987957153,987957107,0.0,0.0,0.0,-0.8343314,0.0,0.0,0.0,0.0,0.0,0.0,0.0,0,1,1,1
988157141,988157107,0.0,0.0,0.0,-0.86027944,0.0,0.0,0.0,0.0,0.0,0.0,0.0,0,1,1,0
988365695,988365107,0.0,0.0,0.0,-0.85828346,0.0,0.0,0.0,0.0,0.0,0.0,0.0,0,1,1,0
988565140,988565106,0.0,0.0,0.0,-0.85828346,0.0,0.0,0.0,0.0,0.0,0.0,0.0,0,1,1,0
988745153,988745119,0.0,0.0,0.0,-0.86427146,0.0,0.0,0.0,0.0,0.0,0.0,0.0,0,1,1,0
988957141,988957108,0.0,0.0,0.0,-0.86027944,0.0,0.0,0.0,0.0,0.0,0.0,0.0,0,1,1,0
989157141,989157107,0.0,0.0,0.0,-0.6447106,0.0,0.0,0.0,0.0,0.0,0.0,0.0,0,1,1,1
989357141,989357107,0.0,0.0,0.0,-0.55688626,0.0,0.0,0.0,0.0,0.0,0.0,0.0,0,1,1,1
989565141,989565106,0.0,0.0,0.0,-0.46307388,0.0,0.0,0.0,0.0,0.0,0.0,0.0,0,1,1,1
989765139,989765106,0.0,0.0,0.0,-0.35528946,0.0,0.0,0.0,0.0,0.0,0.0,0.0,0,1,1,1
989965141,989965108,0.0,0.0,0.0,-0.25349304,0.0,0.0,0.0,0.0,0.0,0.0,0.0,0,1,1,1
990165159,990165126,0.0,0.0,0.0,-0.17764474,0.0,0.0,0.0,0.0,0.0,0.0,0.0,0,1,1,1
990365141,990365108,0.0,0.0,0.0,-0.15369265,0.0,0.0,0.0,0.0,0.0,0.0,0.0,0,1,1,0
990561441,990545137,0.0,0.0,0.0,-0.103792444,0.0,0.0,0.0,0.0,0.0,0.0,0.0,0,1,1,0
990765141,990765108,0.0,0.0,0.0,0.0,0.0,0.0,0.0,0.0,0.0,0.0,0.0,0,1,1,1
990961142,990961107,0.0,0.0,0.0,0.049900237,0.0,0.0,0.0,0.0,0.0,0.0,0.0,0,1,1,1
991161141,991161106,0.0,0.0,0.0,0.1896208,0.0,0.0,0.0,0.0,0.0,0.0,0.0,0,1,1,1
991361141,991361107,0.0,0.0,0.0,0.3632735,0.0,0.0,0.0,0.0,0.0,0.0,0.0,0,1,1,1
991561141,991561107,0.0,0.0,0.0,0.47105792,0.0,0.0,0.0,0.0,0.0,0.0,0.0,0,1,1,1
991761240,991761195,0.0,0.0,0.0,0.491018,0.0,0.0,0.0,0.0,0.0,0.0,0.0,0,1,1,0
991961153,991961106,0.0,0.0,0.0,0.489022,0.0,0.0,0.0,0.0,0.0,0.0,0.0,0,1,1,0
992161152,992161107,0.0,0.0,0.0,0.48702598,0.0,0.0,0.0,0.0,0.0,0.0,0.0,0,1,1,0
992361153,992361107,0.0,0.0,0.0,0.48103797,0.0,0.0,0.0,0.0,0.0,0.0,0.0,0,1,1,0
992553720,992553686,0.0,0.0,0.0,0.47504994,0.0,0.0,0.0,0.0,0.0,0.0,0.0,0,1,1,0
992741162,992741107,0.0,0.0,0.0,0.47105792,0.0,0.0,0.0,0.0,0.0,0.0,0.0,0,1,1,0
992961140,992961106,0.0,0.0,0.0,0.47504994,0.0,0.0,0.0,0.0,0.0,0.0,0.0,0,1,1,0
993121143,993121108,0.0,0.0,0.0,0.47504994,0.0,0.0,0.0,0.0,0.0,0.0,0.0,0,1,1,0
993361140,993361106,0.0,0.0,0.0,0.47504994,0.0,0.0,0.0,0.0,0.0,0.0,0.0,0,1,1,0
993549616,993549123,0.0,0.0,0.0,0.47105792,0.0,0.0,0.0,0.0,0.0,0.0,0.0,0,1,1,0
993765140,993765107,0.0,0.0,0.0,0.47105792,0.0,0.0,0.0,0.0,0.0,0.0,0.0,0,1,1,0
993965140,993965107,0.0,0.0,0.0,0.44710582,0.0,0.0,0.0,0.0,0.0,0.0,0.0,0,1,1,0
994157152,994157107,0.0,0.0,0.0,0.4131737,0.0,0.0,0.0,0.0,0.0,0.0,0.0,0,1,1,0
994365148,994365114,0.0,0.0,0.0,0.4131737,0.0,0.0,0.0,0.0,0.0,0.0,0.0,0,1,1,0
994545396,994545362,0.0,0.0,0.0,0.42714575,0.0,0.0,0.0,0.0,0.0,0.0,0.0,0,1,1,0
994753177,994753108,0.0,0.0,0.0,0.42714575,0.0,0.0,0.0,0.0,0.0,0.0,0.0,0,1,1,0
994965147,994965113,0.0,0.0,0.0,0.42514974,0.0,0.0,0.0,0.0,0.0,0.0,0.0,0,1,1,0
995157140,995157107,0.0,0.0,0.0,0.42714575,0.0,0.0,0.0,0.0,0.0,0.0,0.0,0,1,1,0
995365166,995365108,0.0,0.0,0.0,0.42514974,0.0,0.0,0.0,0.0,0.0,0.0,0.0,0,1,1,0
995565247,995565131,0.0,0.0,0.0,0.3952096,0.0,0.0,0.0,0.0,0.0,0.0,0.0,0,1,1,0
995765140,995765106,0.0,0.0,0.0,0.3113773,0.0,0.0,0.0,0.0,0.0,0.0,0.0,0,1,1,0
995945141,995945107,0.0,0.0,0.0,0.31936133,0.0,0.0,0.0,0.0,0.0,0.0,0.0,0,1,1,0
996161140,996161107,0.0,0.0,0.0,0.31736532,0.0,0.0,0.0,0.0,0.0,0.0,0.0,0,1,1,0
996365152,996365118,0.0,0.0,0.0,0.24950103,0.0,0.0,0.0,0.0,0.0,0.0,0.0,0,1,1,0
996541141,996541107,0.0,0.0,0.0,0.22954096,0.0,0.0,0.0,0.0,0.0,0.0,0.0,0,1,1,0
996733151,996733106,0.0,0.0,0.0,0.19560882,0.0,0.0,0.0,0.0,0.0,0.0,0.0,0,1,1,0
996941155,996941121,0.0,0.0,0.0,0.111776486,0.0,0.0,0.0,0.0,0.0,0.0,0.0,0,1,1,1
997157207,997157171,0.0,0.0,0.0,0.10578846,0.0,0.0,0.0,0.0,0.0,0.0,0.0,0,1,1,0
997293142,997293107,0.0,0.0,0.0,0.10578846,0.0,0.0,0.0,0.0,0.0,0.0,0.0,0,1,1,0
997541141,997541107,0.0,0.0,0.0,0.1157685,0.0,0.0,0.0,0.0,0.0,0.0,0.0,0,1,1,0
997761150,997761116,0.0,0.0,0.0,0.121756524,0.0,0.0,0.0,0.0,0.0,0.0,0.0,0,1,1,0
997909141,997909107,0.0,0.0,0.0,0.14970064,0.0,0.0,0.0,0.0,0.0,0.0,0.0,0,1,1,0
998146150,998146116,0.0,0.0,0.0,0.14970064,0.0,0.0,0.0,0.0,0.0,0.0,0.0,0,1,1,0
998309152,998309107,0.0,0.0,0.0,0.14970064,0.0,0.0,0.0,0.0,0.0,0.0,0.0,0,1,1,0
998457140,998457107,0.0,0.0,0.0,0.14970064,0.0,0.0,0.0,0.0,0.0,0.0,0.0,0,1,1,0
998741154,998741107,0.0,0.0,0.0,0.17365274,0.0,0.0,0.0,0.0,0.0,0.0,0.0,0,1,1,0
998961141,998961107,0.0,0.0,0.0,0.17365274,0.0,0.0,0.0,0.0,0.0,0.0,0.0,0,1,1,0
999161162,999161107,0.0,0.0,0.0,0.17564875,0.0,0.0,0.0,0.0,0.0,0.0,0.0,0,1,1,0
999317563,999317107,0.0,0.0,0.0,0.17365274,0.0,0.0,0.0,0.0,0.0,0.0,0.0,0,1,1,0
999561141,999561107,0.0,0.0,0.0,0.17365274,0.0,0.0,0.0,0.0,0.0,0.0,0.0,0,1,1,0
999721466,999721420,0.0,0.0,0.0,0.17365274,0.0,0.0,0.0,0.0,0.0,0.0,0.0,0,1,1,0
999909152,999909106,0.0,0.0,0.0,0.17564875,0.0,0.0,0.0,0.0,0.0,0.0,0.0,0,1,1,0
1000125151,1000125107,0.0,0.0,0.0,0.17564875,0.0,0.0,0.0,0.0,0.0,0.0,0.0,0,1,1,0
1000337278,1000337107,0.0,0.0,0.0,0.17365274,0.0,0.0,0.0,0.0,0.0,0.0,0.0,0,1,1,0
1000557528,1000557482,0.0,0.0,0.0,0.17365274,0.0,0.0,0.0,0.0,0.0,0.0,0.0,0,1,1,0
1000765140,1000765107,0.0,0.0,0.0,0.17365274,0.0,0.0,0.0,0.0,0.0,0.0,0.0,0,1,1,0
1000965152,1000965106,0.0,0.0,0.0,0.17365274,0.0,0.0,0.0,0.0,0.0,0.0,0.0,0,1,1,0
1001097142,1001097108,0.0,0.0,0.0,0.17365274,0.0,0.0,0.0,0.0,0.0,0.0,0.0,0,1,1,0
1001365139,1001365107,0.0,0.0,0.0,0.17365274,0.0,0.0,0.0,0.0,0.0,0.0,0.0,0,1,1,0
1001553417,1001553384,0.0,0.0,0.0,0.17365274,0.0,0.0,0.0,0.0,0.0,0.0,0.0,0,1,1,0
1001757140,1001757106,0.0,0.0,0.0,0.17365274,0.0,0.0,0.0,0.0,0.0,0.0,0.0,0,1,1,0
1001945140,1001945106,0.0,0.0,0.0,0.17365274,0.0,0.0,0.0,0.0,0.0,0.0,0.0,0,1,1,0
1002165161,1002165127,0.0,0.0,0.0,0.17365274,0.0,0.0,0.0,0.0,0.0,0.0,0.0,0,1,1,0
1002353190,1002353157,0.0,0.0,0.0,0.17365274,0.0,0.0,0.0,0.0,0.0,0.0,0.0,0,1,1,0
1002561312,1002561277,0.0,0.0,0.0,0.17365274,0.0,0.0,0.0,0.0,0.0,0.0,0.0,0,1,1,0
1002761153,1002761107,0.0,0.0,0.0,0.17365274,0.0,0.0,0.0,0.0,0.0,0.0,0.0,0,1,1,0
1002965577,1002965543,0.0,0.0,0.0,0.17365274,0.0,0.0,0.0,0.0,0.0,0.0,0.0,0,1,1,0
1003145142,1003145108,0.0,0.0,0.0,0.17365274,0.0,0.0,0.0,0.0,0.0,0.0,0.0,0,1,1,0
1003329140,1003329107,0.0,0.0,0.0,0.17365274,0.0,0.0,0.0,0.0,0.0,0.0,0.0,0,1,1,0
1003541141,1003541106,0.0,0.0,0.0,0.17564875,0.0,0.0,0.0,0.0,0.0,0.0,0.0,0,1,1,0
1003725152,1003725119,0.0,0.0,0.0,0.17365274,0.0,0.0,0.0,0.0,0.0,0.0,0.0,0,1,1,0
1003961141,1003961106,0.0,0.0,0.0,0.17564875,0.0,0.0,0.0,0.0,0.0,0.0,0.0,0,1,1,0
1004161142,1004161107,0.0,0.0,0.0,0.17365274,0.0,0.0,0.0,0.0,0.0,0.0,0.0,0,1,1,0
1004353141,1004353107,0.0,0.0,0.0,0.17365274,0.0,0.0,0.0,0.0,0.0,0.0,0.0,0,1,1,0
1004561143,1004561108,0.0,0.0,0.0,0.17564875,0.0,0.0,0.0,0.0,0.0,0.0,0.0,0,1,1,0
1004754499,1004754466,0.0,0.0,0.0,0.17365274,0.0,0.0,0.0,0.0,0.0,0.0,0.0,0,1,1,0
1004958266,1004958233,0.0,0.0,0.0,0.17365274,0.0,0.0,0.0,0.0,0.0,0.0,0.0,0,1,1,0
1005069144,1005069107,0.0,0.0,0.0,0.17365274,0.0,0.0,0.0,0.0,0.0,0.0,0.0,0,1,1,0
1005341142,1005341107,0.0,0.0,0.0,0.17365274,0.0,0.0,0.0,0.0,0.0,0.0,0.0,0,1,1,0
1005557618,1005557585,0.0,0.0,0.0,0.17365274,0.0,0.0,0.0,0.0,0.0,0.0,0.0,0,1,1,0
1005709151,1005709106,0.0,0.0,0.0,0.17365274,0.0,0.0,0.0,0.0,0.0,0.0,0.0,0,1,1,0
1005961144,1005961109,0.0,0.0,0.0,0.17365274,0.0,0.0,0.0,0.0,0.0,0.0,0.0,0,1,1,0
1006125139,1006125107,0.0,0.0,0.0,0.17365274,0.0,0.0,0.0,0.0,0.0,0.0,0.0,0,1,1,0
1006365256,1006365140,0.0,0.0,0.0,0.17564875,0.0,0.0,0.0,0.0,0.0,0.0,0.0,0,1,1,0
1006465141,1006465108,0.0,0.0,0.0,0.17365274,0.0,0.0,0.0,0.0,0.0,0.0,0.0,0,1,1,0
1006765143,1006765109,0.0,0.0,0.0,0.17365274,0.0,0.0,0.0,0.0,0.0,0.0,0.0,0,1,1,0
1006929140,1006929106,0.0,0.0,0.0,0.17365274,0.0,0.0,0.0,0.0,0.0,0.0,0.0,0,1,1,0
1007165141,1007165107,0.0,0.0,0.0,0.1417166,0.0,0.0,0.0,0.0,0.0,0.0,0.0,0,1,1,0
1007357141,1007357108,0.0,0.0,0.0,0.109780475,0.0,0.0,0.0,0.0,0.0,0.0,0.0,0,1,1,0
1007565142,1007565108,0.0,0.0,0.0,0.109780475,0.0,0.0,0.0,0.0,0.0,0.0,0.0,0,1,1,0
1007757140,1007757107,0.0,0.0,0.0,0.109780475,0.0,0.0,0.0,0.0,0.0,0.0,0.0,0,1,1,0
1007957141,1007957107,0.0,0.0,0.0,0.10578846,0.0,0.0,0.0,0.0,0.0,0.0,0.0,0,1,1,0
1008165140,1008165107,0.0,0.0,0.0,0.10179645,0.0,0.0,0.0,0.0,0.0,0.0,0.0,0,1,1,0
1008357373,1008357339,0.0,0.0,0.0,0.10179645,0.0,0.0,0.0,0.0,0.0,0.0,0.0,0,1,1,0
1008565140,1008565106,0.0,0.0,0.0,0.09381241,0.0,0.0,0.0,0.0,0.0,0.0,0.0,0,1,1,0
1008757274,1008757241,0.0,0.0,0.0,0.049900237,0.0,0.0,0.0,0.0,0.0,0.0,0.0,0,1,1,0
1008965152,1008965106,0.0,0.0,0.0,0.045908224,0.0,0.0,0.0,0.0,0.0,0.0,0.0,0,1,1,0
1009165233,1009165199,0.0,0.0,0.0,0.0,0.0,0.0,0.0,0.0,0.0,0.0,0.0,0,1,1,0
1009365153,1009365119,0.0,0.0,0.0,0.0,0.0,0.0,0.0,0.0,0.0,0.0,0.0,0,1,1,0
1009541142,1009541107,0.0,0.0,0.0,-0.041916195,0.0,0.0,0.0,0.0,0.0,0.0,0.0,0,1,1,0
1009741141,1009741106,0.0,0.0,0.0,-0.12175652,0.0,0.0,0.0,0.0,0.0,0.0,0.0,0,1,1,1
1009961141,1009961107,0.0,0.0,0.0,-0.14970063,0.0,0.0,0.0,0.0,0.0,0.0,0.0,0,1,1,0
1010141404,1010141369,0.0,0.0,0.0,-0.14970063,0.0,0.0,0.0,0.0,0.0,0.0,0.0,0,1,1,0
1010293534,1010293475,0.0,0.0,0.0,-0.15768465,0.0,0.0,0.0,0.0,0.0,0.0,0.0,0,1,1,0
1010553406,1010553126,0.0,0.0,0.0,-0.16167668,0.0,0.0,0.0,0.0,0.0,0.0,0.0,0,1,1,0
1010721141,1010721107,0.0,0.0,0.0,-0.20758486,0.0,0.0,0.0,0.0,0.0,0.0,0.0,0,1,1,0
1010949142,1010949107,0.0,0.0,0.0,-0.20958087,0.0,0.0,0.0,0.0,0.0,0.0,0.0,0,1,1,0
1011157140,1011157108,0.0,0.0,0.0,-0.21157688,0.0,0.0,0.0,0.0,0.0,0.0,0.0,0,1,1,0
1011361368,1011361334,0.0,0.0,0.0,-0.23552898,0.0,0.0,0.0,0.0,0.0,0.0,0.0,0,1,1,0
1011557162,1011557128,0.0,0.0,0.0,-0.243513,0.0,0.0,0.0,0.0,0.0,0.0,0.0,0,1,1,0
1011761221,1011761187,0.0,0.0,0.0,-0.25948107,0.0,0.0,0.0,0.0,0.0,0.0,0.0,0,1,1,0
1011961264,1011961107,0.0,0.0,0.0,-0.25948107,0.0,0.0,0.0,0.0,0.0,0.0,0.0,0,1,1,0
1012157141,1012157107,0.0,0.0,0.0,-0.25948107,0.0,0.0,0.0,0.0,0.0,0.0,0.0,0,1,1,0
1012357140,1012357107,0.0,0.0,0.0,-0.25948107,0.0,0.0,0.0,0.0,0.0,0.0,0.0,0,1,1,0
1012557196,1012557162,0.0,0.0,0.0,-0.25948107,0.0,0.0,0.0,0.0,0.0,0.0,0.0,0,1,1,0
1012765141,1012765107,0.0,0.0,0.0,-0.25948107,0.0,0.0,0.0,0.0,0.0,0.0,0.0,0,1,1,0
1012957215,1012957182,0.0,0.0,0.0,-0.25948107,0.0,0.0,0.0,0.0,0.0,0.0,0.0,0,1,1,0
1013137162,1013137109,0.0,0.0,0.0,-0.25948107,0.0,0.0,0.0,0.0,0.0,0.0,0.0,0,1,1,0
1013325152,1013325106,0.0,0.0,0.0,-0.25948107,0.0,0.0,0.0,0.0,0.0,0.0,0.0,0,1,1,0
1013565152,1013565106,0.0,0.0,0.0,-0.25948107,0.0,0.0,0.0,0.0,0.0,0.0,0.0,0,1,1,0
1013757140,1013757106,0.0,0.0,0.0,-0.25948107,0.0,0.0,0.0,0.0,0.0,0.0,0.0,0,1,1,0
1013965161,1013965107,0.0,0.0,0.0,-0.22355293,0.0,0.0,0.0,0.0,0.0,0.0,0.0,0,1,1,0
1014165177,1014165144,0.0,0.0,0.0,-0.07984035,0.0,0.0,0.0,0.0,0.0,0.0,0.0,0,1,1,1
1014345140,1014345106,0.0,0.0,0.0,-0.08782438,0.0,0.0,0.0,0.0,0.0,0.0,0.0,0,1,1,0
1014557142,1014557108,0.0,0.0,0.0,-0.091816396,0.0,0.0,0.0,0.0,0.0,0.0,0.0,0,1,1,0
1014765279,1014765216,0.0,0.0,0.0,-0.089820385,0.0,0.0,0.0,0.0,0.0,0.0,0.0,0,1,1,0
1014965159,1014965106,0.0,0.0,0.0,-0.089820385,0.0,0.0,0.0,0.0,0.0,0.0,0.0,0,1,1,0
1015133140,1015133106,0.0,0.0,0.0,-0.091816396,0.0,0.0,0.0,0.0,0.0,0.0,0.0,0,1,1,0
1015353205,1015353171,0.0,0.0,0.0,-0.089820385,0.0,0.0,0.0,0.0,0.0,0.0,0.0,0,1,1,0
1015541142,1015541107,0.0,0.0,0.0,-0.089820385,0.0,0.0,0.0,0.0,0.0,0.0,0.0,0,1,1,0
1015745274,1015745219,0.0,0.0,0.0,-0.089820385,0.0,0.0,0.0,0.0,0.0,0.0,0.0,0,1,1,0
1015953733,1015953699,0.0,0.0,0.0,-0.091816396,0.0,0.0,0.0,0.0,0.0,0.0,0.0,0,1,1,0
1016149791,1016149733,0.0,0.0,0.0,-0.089820385,0.0,0.0,0.0,0.0,0.0,0.0,0.0,0,1,1,0
1016353189,1016353156,0.0,0.0,0.0,-0.089820385,0.0,0.0,0.0,0.0,0.0,0.0,0.0,0,1,1,0
1016561302,1016561107,0.0,0.0,0.0,-0.089820385,0.0,0.0,0.0,0.0,0.0,0.0,0.0,0,1,1,0
1016753141,1016753108,0.0,0.0,0.0,-0.089820385,0.0,0.0,0.0,0.0,0.0,0.0,0.0,0,1,1,0
1016961143,1016961107,0.0,0.0,0.0,-0.091816396,0.0,0.0,0.0,0.0,0.0,0.0,0.0,0,1,1,0
1017161153,1017161107,0.0,0.0,0.0,-0.091816396,0.0,0.0,0.0,0.0,0.0,0.0,0.0,0,1,1,0
1017361141,1017361106,0.0,0.0,0.0,-0.089820385,0.0,0.0,0.0,0.0,0.0,0.0,0.0,0,1,1,0
1017549140,1017549106,0.0,0.0,0.0,-0.091816396,0.0,0.0,0.0,0.0,0.0,0.0,0.0,0,1,1,0
1017729141,1017729107,0.0,0.0,0.0,-0.091816396,0.0,0.0,0.0,0.0,0.0,0.0,0.0,0,1,1,0
1017957690,1017957112,0.0,0.0,0.0,-0.091816396,0.0,0.0,0.0,0.0,0.0,0.0,0.0,0,1,1,0
1018157438,1018157124,0.0,0.0,0.0,-0.091816396,0.0,0.0,0.0,0.0,0.0,0.0,0.0,0,1,1,0
1018349144,1018349107,0.0,0.0,0.0,-0.091816396,0.0,0.0,0.0,0.0,0.0,0.0,0.0,0,1,1,0
1018525371,1018525338,0.0,0.0,0.0,-0.091816396,0.0,0.0,0.0,0.0,0.0,0.0,0.0,0,1,1,0
1018717140,1018717107,0.0,0.0,0.0,-0.091816396,0.0,0.0,0.0,0.0,0.0,0.0,0.0,0,1,1,0
1018949148,1018949114,0.0,0.0,0.0,-0.091816396,0.0,0.0,0.0,0.0,0.0,0.0,0.0,0,1,1,0
1019105776,1019105742,0.0,0.0,0.0,-0.091816396,0.0,0.0,0.0,0.0,0.0,0.0,0.0,0,1,1,0
1019325142,1019325108,0.0,0.0,0.0,-0.091816396,0.0,0.0,0.0,0.0,0.0,0.0,0.0,0,1,1,0
1019553292,1019553259,0.0,0.0,0.0,-0.091816396,0.0,0.0,0.0,0.0,0.0,0.0,0.0,0,1,1,0
1019765487,1019765109,0.0,0.0,0.0,-0.091816396,0.0,0.0,0.0,0.0,0.0,0.0,0.0,0,1,1,0
1019957141,1019957107,0.0,0.0,0.0,-0.091816396,0.0,0.0,0.0,0.0,0.0,0.0,0.0,0,1,1,0
1020077169,1019957107,0.0,0.0,0.0,-0.091816396,0.0,0.0,0.0,0.0,0.0,0.0,0.0,0,1,1,0
1020245336,1020245302,0.0,0.0,0.0,-0.091816396,0.0,0.0,0.0,0.0,0.0,0.0,0.0,0,1,1,0
1020513504,1020513470,0.0,0.0,0.0,-0.091816396,0.0,0.0,0.0,0.0,0.0,0.0,0.0,0,1,1,0
1020705140,1020705107,0.0,0.0,0.0,-0.091816396,0.0,0.0,0.0,0.0,0.0,0.0,0.0,0,1,1,0
1020953141,1020953107,0.0,0.0,0.0,-0.091816396,0.0,0.0,0.0,0.0,0.0,0.0,0.0,0,1,1,0
1021165140,1021165106,0.0,0.0,0.0,-0.091816396,0.0,0.0,0.0,0.0,0.0,0.0,0.0,0,1,1,0
1021345184,1021345115,0.0,0.0,0.0,-0.091816396,0.0,0.0,0.0,0.0,0.0,0.0,0.0,0,1,1,0
1021473864,1021473757,0.0,0.0,0.0,-0.091816396,0.0,0.0,0.0,0.0,0.0,0.0,0.0,0,1,1,0
1021733140,1021733107,0.0,0.0,0.0,-0.091816396,0.0,0.0,0.0,0.0,0.0,0.0,0.0,0,1,1,0
1021893152,1021893107,0.0,0.0,0.0,-0.091816396,0.0,0.0,0.0,0.0,0.0,0.0,0.0,0,1,1,0
1022113140,1022113106,0.0,0.0,0.0,-0.091816396,0.0,0.0,0.0,0.0,0.0,0.0,0.0,0,1,1,0
1022361141,1022361106,0.0,0.0,0.0,-0.091816396,0.0,0.0,0.0,0.0,0.0,0.0,0.0,0,1,1,0
1022369330,1022369280,0.0,0.0,0.0,-0.091816396,0.0,0.0,0.0,0.0,0.0,0.0,0.0,0,1,1,0
1022693141,1022693107,0.0,0.0,0.0,-0.091816396,0.0,0.0,0.0,0.0,0.0,0.0,0.0,0,1,1,0
1022901187,1022901152,0.0,0.0,0.0,-0.091816396,0.0,0.0,0.0,0.0,0.0,0.0,0.0,0,1,1,0
1023093142,1023053107,0.0,0.0,0.0,-0.091816396,0.0,0.0,0.0,0.0,0.0,0.0,0.0,0,1,1,0
1023321298,1023321258,0.0,0.0,0.0,-0.091816396,0.0,0.0,0.0,0.0,0.0,0.0,0.0,0,1,1,0
1023561142,1023561107,0.0,0.0,0.0,-0.091816396,0.0,0.0,0.0,0.0,0.0,0.0,0.0,0,1,1,0
1023757141,1023757106,0.0,0.0,0.0,-0.091816396,0.0,0.0,0.0,0.0,0.0,0.0,0.0,0,1,1,0
1023945141,1023945107,0.0,0.0,0.0,-0.091816396,0.0,0.0,0.0,0.0,0.0,0.0,0.0,0,1,1,0
1024161141,1024161107,0.0,0.0,0.0,-0.091816396,0.0,0.0,0.0,0.0,0.0,0.0,0.0,0,1,1,0
1024341158,1024341124,0.0,0.0,0.0,-0.091816396,0.0,0.0,0.0,0.0,0.0,0.0,0.0,0,1,1,0
1024561203,1024561168,0.0,0.0,0.0,-0.091816396,0.0,0.0,0.0,0.0,0.0,0.0,0.0,0,1,1,0
1024757141,1024757107,0.0,0.0,0.0,-0.091816396,0.0,0.0,0.0,0.0,0.0,0.0,0.0,0,1,1,0
1024966020,1024965138,0.0,0.0,0.0,-0.091816396,0.0,0.0,0.0,0.0,0.0,0.0,0.0,0,1,1,0
1025165177,1025165123,0.0,0.0,0.0,-0.091816396,0.0,0.0,0.0,0.0,0.0,0.0,0.0,0,1,1,0
1025357139,1025357106,0.0,0.0,0.0,-0.091816396,0.0,0.0,0.0,0.0,0.0,0.0,0.0,0,1,1,0
1025557153,1025557107,0.0,0.0,0.0,-0.091816396,0.0,0.0,0.0,0.0,0.0,0.0,0.0,0,1,1,0
1025637140,1025637106,0.0,0.0,0.0,-0.091816396,0.0,0.0,0.0,0.0,0.0,0.0,0.0,0,1,1,0
1025957140,1025957106,0.0,0.0,0.0,-0.091816396,0.0,0.0,0.0,0.0,0.0,0.0,0.0,0,1,1,0
1026165253,1026165219,0.0,0.0,0.0,-0.091816396,0.0,0.0,0.0,0.0,0.0,0.0,0.0,0,1,1,0
1026365253,1026365108,0.0,0.0,0.0,-0.091816396,0.0,0.0,0.0,0.0,0.0,0.0,0.0,0,1,1,0
1026565246,1026565107,0.0,0.0,0.0,-0.091816396,0.0,0.0,0.0,0.0,0.0,0.0,0.0,0,1,1,0
1026765141,1026765107,0.0,0.0,0.0,-0.091816396,0.0,0.0,0.0,0.0,0.0,0.0,0.0,0,1,1,0
1026957143,1026957109,0.0,0.0,0.0,-0.09580841,0.0,0.0,0.0,0.0,0.0,0.0,0.0,0,1,1,0
1027165141,1027165107,0.0,0.0,0.0,-0.091816396,0.0,0.0,0.0,0.0,0.0,0.0,0.0,0,1,1,0
1027365140,1027365106,0.0,0.0,0.0,-0.091816396,0.0,0.0,0.0,0.0,0.0,0.0,0.0,0,1,1,0
1027565188,1027565151,0.0,0.0,0.0,-0.091816396,0.0,0.0,0.0,0.0,0.0,0.0,0.0,0,1,1,0
1027765141,1027765108,0.0,0.0,0.0,-0.09580841,0.0,0.0,0.0,0.0,0.0,0.0,0.0,0,1,1,0
1027965140,1027965106,0.0,0.0,0.0,-0.091816396,0.0,0.0,0.0,0.0,0.0,0.0,0.0,0,1,1,0
1028165141,1028165107,0.0,0.0,0.0,-0.091816396,0.0,0.0,0.0,0.0,0.0,0.0,0.0,0,1,1,0
1028361142,1028361107,0.0,0.0,0.0,-0.09580841,0.0,0.0,0.0,0.0,0.0,0.0,0.0,0,1,1,0
1028561142,1028561107,0.0,0.0,0.0,-0.09580841,0.0,0.0,0.0,0.0,0.0,0.0,0.0,0,1,1,0
1028765841,1028765807,0.0,0.0,0.0,-0.091816396,0.0,0.0,0.0,0.0,0.0,0.0,0.0,0,1,1,0
1028961157,1028961123,0.0,0.0,0.0,-0.09580841,0.0,0.0,0.0,0.0,0.0,0.0,0.0,0,1,1,0
1029161141,1029161107,0.0,0.0,0.0,-0.09580841,0.0,0.0,0.0,0.0,0.0,0.0,0.0,0,1,1,0
1029361141,1029361107,0.0,0.0,0.0,-0.09580841,0.0,0.0,0.0,0.0,0.0,0.0,0.0,0,1,1,0
1029561142,1029561107,0.0,0.0,0.0,-0.09580841,0.0,0.0,0.0,0.0,0.0,0.0,0.0,0,1,1,0
1029761141,1029761106,0.0,0.0,0.0,-0.09580841,0.0,0.0,0.0,0.0,0.0,0.0,0.0,0,1,1,0
1029961179,1029961144,0.0,0.0,0.0,-0.09580841,0.0,0.0,0.0,0.0,0.0,0.0,0.0,0,1,1,0
1030161142,1030161107,0.0,0.0,0.0,-0.09580841,0.0,0.0,0.0,0.0,0.0,0.0,0.0,0,1,1,0
1030357140,1030357107,0.0,0.0,0.0,-0.09580841,0.0,0.0,0.0,0.0,0.0,0.0,0.0,0,1,1,0
1030561167,1030561133,0.0,0.0,0.0,-0.09580841,0.0,0.0,0.0,0.0,0.0,0.0,0.0,0,1,1,0
1030765141,1030765107,0.0,0.0,0.0,-0.09580841,0.0,0.0,0.0,0.0,0.0,0.0,0.0,0,1,1,0
1030957225,1030957192,0.0,0.0,0.0,-0.09580841,0.0,0.0,0.0,0.0,0.0,0.0,0.0,0,1,1,0
1031157142,1031157108,0.0,0.0,0.0,-0.09580841,0.0,0.0,0.0,0.0,0.0,0.0,0.0,0,1,1,0
1031365141,1031365108,0.0,0.0,0.0,-0.09580841,0.0,0.0,0.0,0.0,0.0,0.0,0.0,0,1,1,0
1031565232,1031565107,0.0,0.0,0.0,-0.091816396,0.0,0.0,0.0,0.0,0.0,0.0,0.0,0,1,1,0
1031765140,1031765106,0.0,0.0,0.0,-0.09580841,0.0,0.0,0.0,0.0,0.0,0.0,0.0,0,1,1,0
1031965152,1031965107,0.0,0.0,0.0,-0.09580841,0.0,0.0,0.0,0.0,0.0,0.0,0.0,0,1,1,0
1032165153,1032165107,0.0,0.0,0.0,-0.09580841,0.0,0.0,0.0,0.0,0.0,0.0,0.0,0,1,1,0
1032365142,1032365108,0.0,0.0,0.0,-0.091816396,0.0,0.0,0.0,0.0,0.0,0.0,0.0,0,1,1,0
1032557151,1032557117,0.0,0.0,0.0,-0.09580841,0.0,0.0,0.0,0.0,0.0,0.0,0.0,0,1,1,0
1032757140,1032757107,0.0,0.0,0.0,-0.09580841,0.0,0.0,0.0,0.0,0.0,0.0,0.0,0,1,1,0
1032965140,1032965107,0.0,0.0,0.0,-0.09580841,0.0,0.0,0.0,0.0,0.0,0.0,0.0,0,1,1,0
1033165140,1033165106,0.0,0.0,0.0,-0.091816396,0.0,0.0,0.0,0.0,0.0,0.0,0.0,0,1,1,0
1033365139,1033365107,0.0,0.0,0.0,-0.091816396,0.0,0.0,0.0,0.0,0.0,0.0,0.0,0,1,1,0
1033565141,1033565107,0.0,0.0,0.0,-0.09580841,0.0,0.0,0.0,0.0,0.0,0.0,0.0,0,1,1,0
1033765141,1033765107,0.0,0.0,0.0,-0.09580841,0.0,0.0,0.0,0.0,0.0,0.0,0.0,0,1,1,0
1033961142,1033961107,0.0,0.0,0.0,-0.09580841,0.0,0.0,0.0,0.0,0.0,0.0,0.0,0,1,1,0
1034165141,1034165107,0.0,0.0,0.0,-0.09580841,0.0,0.0,0.0,0.0,0.0,0.0,0.0,0,1,1,0
1034365642,1034365501,0.0,0.0,0.0,-0.09580841,0.0,0.0,0.0,0.0,0.0,0.0,0.0,0,1,1,0
1034561324,1034561289,0.0,0.0,0.0,-0.09580841,0.0,0.0,0.0,0.0,0.0,0.0,0.0,0,1,1,0
1034761142,1034761107,0.0,0.0,0.0,-0.09580841,0.0,0.0,0.0,0.0,0.0,0.0,0.0,0,1,1,0
1034961144,1034961109,0.0,0.0,0.0,-0.09580841,0.0,0.0,0.0,0.0,0.0,0.0,0.0,0,1,1,0
1035153140,1035153107,0.0,0.0,0.0,-0.09580841,0.0,0.0,0.0,0.0,0.0,0.0,0.0,0,1,1,0
1035361141,1035361106,0.0,0.0,0.0,-0.091816396,0.0,0.0,0.0,0.0,0.0,0.0,0.0,0,1,1,0
1035561459,1035561424,0.0,0.0,0.0,-0.09580841,0.0,0.0,0.0,0.0,0.0,0.0,0.0,0,1,1,0
1035761148,1035761113,0.0,0.0,0.0,-0.09580841,0.0,0.0,0.0,0.0,0.0,0.0,0.0,0,1,1,0
1035961311,1035961276,0.0,0.0,0.0,-0.091816396,0.0,0.0,0.0,0.0,0.0,0.0,0.0,0,1,1,0
1036157151,1036157117,0.0,0.0,0.0,-0.09580841,0.0,0.0,0.0,0.0,0.0,0.0,0.0,0,1,1,0
1036361186,1036361139,0.0,0.0,0.0,-0.09580841,0.0,0.0,0.0,0.0,0.0,0.0,0.0,0,1,1,0
1036557139,1036557107,0.0,0.0,0.0,-0.09580841,0.0,0.0,0.0,0.0,0.0,0.0,0.0,0,1,1,0
1036761280,1036761246,0.0,0.0,0.0,-0.09580841,0.0,0.0,0.0,0.0,0.0,0.0,0.0,0,1,1,0
1036965157,1036965106,0.0,0.0,0.0,-0.09580841,0.0,0.0,0.0,0.0,0.0,0.0,0.0,0,1,1,0
1037165140,1037165107,0.0,0.0,0.0,-0.09580841,0.0,0.0,0.0,0.0,0.0,0.0,0.0,0,1,1,0
1037357141,1037357108,0.0,0.0,0.0,-0.091816396,0.0,0.0,0.0,0.0,0.0,0.0,0.0,0,1,1,0
1037557140,1037557107,0.0,0.0,0.0,-0.09580841,0.0,0.0,0.0,0.0,0.0,0.0,0.0,0,1,1,0
1037765141,1037765107,0.0,0.0,0.0,-0.09580841,0.0,0.0,0.0,0.0,0.0,0.0,0.0,0,1,1,0
1037957219,1037957185,0.0,0.0,0.0,-0.09580841,0.0,0.0,0.0,0.0,0.0,0.0,0.0,0,1,1,0
1038157143,1038157110,0.0,0.0,0.0,-0.09580841,0.0,0.0,0.0,0.0,0.0,0.0,0.0,0,1,1,0
1038365140,1038365107,0.0,0.0,0.0,-0.09580841,0.0,0.0,0.0,0.0,0.0,0.0,0.0,0,1,1,0
1038565140,1038565106,0.0,0.0,0.0,-0.09580841,0.0,0.0,0.0,0.0,0.0,0.0,0.0,0,1,1,0
1038765172,1038765138,0.0,0.0,0.0,-0.091816396,0.0,0.0,0.0,0.0,0.0,0.0,0.0,0,1,1,0
1038774178,1038773107,0.0,0.0,0.0,-0.091816396,0.0,0.0,0.0,0.0,0.0,0.0,0.0,0,1,1,0
1039165152,1039125265,0.0,0.0,0.0,-0.091816396,0.0,0.0,0.0,0.0,0.0,0.0,0.0,0,1,1,0
1039253212,1039253178,0.0,0.0,0.0,-0.091816396,0.0,0.0,0.0,0.0,0.0,0.0,0.0,0,1,1,0
1039541142,1039541107,0.0,0.0,0.0,-0.091816396,0.0,0.0,0.0,0.0,0.0,0.0,0.0,0,1,1,0
1039765164,1039765106,0.0,0.0,0.0,-0.091816396,0.0,0.0,0.0,0.0,0.0,0.0,0.0,0,1,1,0
1039825140,1039825107,0.0,0.0,0.0,-0.091816396,0.0,0.0,0.0,0.0,0.0,0.0,0.0,0,1,1,0
1040165164,1040165116,0.0,0.0,0.0,-0.089820385,0.0,0.0,0.0,0.0,0.0,0.0,0.0,0,1,1,0
1040173160,1040173107,0.0,0.0,0.0,-0.091816396,0.0,0.0,0.0,0.0,0.0,0.0,0.0,0,1,1,0
1040481162,1040481107,0.0,0.0,0.0,-0.091816396,0.0,0.0,0.0,0.0,0.0,0.0,0.0,0,1,1,0
1040681321,1040481107,0.0,0.0,0.0,-0.091816396,0.0,0.0,0.0,0.0,0.0,0.0,0.0,0,1,1,0
1040949153,1040949106,0.0,0.0,0.0,-0.091816396,0.0,0.0,0.0,0.0,0.0,0.0,0.0,0,1,1,0
1041149579,1040949106,0.0,0.0,0.0,-0.091816396,0.0,0.0,0.0,0.0,0.0,0.0,0.0,0,1,1,0
1041341354,1041341319,0.0,0.0,0.0,-0.091816396,0.0,0.0,0.0,0.0,0.0,0.0,0.0,0,1,1,0
1041561153,1041561107,0.0,0.0,0.0,-0.091816396,0.0,0.0,0.0,0.0,0.0,0.0,0.0,0,1,1,0
1041753511,1041753477,0.0,0.0,0.0,-0.091816396,0.0,0.0,0.0,0.0,0.0,0.0,0.0,0,1,1,0
1041961142,1041961107,0.0,0.0,0.0,-0.09580841,0.0,0.0,0.0,0.0,0.0,0.0,0.0,0,1,1,0
1042157151,1042157107,0.0,0.0,0.0,-0.091816396,0.0,0.0,0.0,0.0,0.0,0.0,0.0,0,1,1,0
1042361216,1042361172,0.0,0.0,0.0,-0.09580841,0.0,0.0,0.0,0.0,0.0,0.0,0.0,0,1,1,0
1042561142,1042561107,0.0,0.0,0.0,-0.091816396,0.0,0.0,0.0,0.0,0.0,0.0,0.0,0,1,1,0
1042761779,1042761745,0.0,0.0,0.0,-0.091816396,0.0,0.0,0.0,0.0,0.0,0.0,0.0,0,1,1,0
1042965341,1042965308,0.0,0.0,0.0,-0.091816396,0.0,0.0,0.0,0.0,0.0,0.0,0.0,0,1,1,0
1043165310,1043165277,0.0,0.0,0.0,-0.091816396,0.0,0.0,0.0,0.0,0.0,0.0,0.0,0,1,1,0
1043365352,1043365107,0.0,0.0,0.0,-0.091816396,0.0,0.0,0.0,0.0,0.0,0.0,0.0,0,1,1,0
1043557141,1043557107,0.0,0.0,0.0,-0.09580841,0.0,0.0,0.0,0.0,0.0,0.0,0.0,0,1,1,0
1043757141,1043757107,0.0,0.0,0.0,-0.09580841,0.0,0.0,0.0,0.0,0.0,0.0,0.0,0,1,1,0
1043953158,1043953107,0.0,0.0,0.0,-0.091816396,0.0,0.0,0.0,0.0,0.0,0.0,0.0,0,1,1,0
1044165154,1044165108,0.0,0.0,0.0,-0.091816396,0.0,0.0,0.0,0.0,0.0,0.0,0.0,0,1,1,0
1044349188,1044349139,0.0,0.0,0.0,-0.091816396,0.0,0.0,0.0,0.0,0.0,0.0,0.0,0,1,1,0
1044565178,1044565145,0.0,0.0,0.0,-0.091816396,0.0,0.0,0.0,0.0,0.0,0.0,0.0,0,1,1,0
1044757141,1044757107,0.0,0.0,0.0,-0.091816396,0.0,0.0,0.0,0.0,0.0,0.0,0.0,0,1,1,0
1044965162,1044965128,0.0,0.0,0.0,-0.091816396,0.0,0.0,0.0,0.0,0.0,0.0,0.0,0,1,1,0
1045157217,1045157184,0.0,0.0,0.0,-0.091816396,0.0,0.0,0.0,0.0,0.0,0.0,0.0,0,1,1,0
1045365141,1045365108,0.0,0.0,0.0,-0.09580841,0.0,0.0,0.0,0.0,0.0,0.0,0.0,0,1,1,0
1045565141,1045565107,0.0,0.0,0.0,-0.09580841,0.0,0.0,0.0,0.0,0.0,0.0,0.0,0,1,1,0
1045753156,1045753122,0.0,0.0,0.0,-0.091816396,0.0,0.0,0.0,0.0,0.0,0.0,0.0,0,1,1,0
1045961463,1045961417,0.0,0.0,0.0,-0.091816396,0.0,0.0,0.0,0.0,0.0,0.0,0.0,0,1,1,0
1046165141,1046165108,0.0,0.0,0.0,-0.091816396,0.0,0.0,0.0,0.0,0.0,0.0,0.0,0,1,1,0
1046361168,1046361109,0.0,0.0,0.0,-0.091816396,0.0,0.0,0.0,0.0,0.0,0.0,0.0,0,1,1,0
1046561182,1046561107,0.0,0.0,0.0,-0.091816396,0.0,0.0,0.0,0.0,0.0,0.0,0.0,0,1,1,0
1046749152,1046749106,0.0,0.0,0.0,-0.091816396,0.0,0.0,0.0,0.0,0.0,0.0,0.0,0,1,1,0
1046962405,1046962371,0.0,0.0,0.0,-0.09580841,0.0,0.0,0.0,0.0,0.0,0.0,0.0,0,1,1,0
1047161343,1047161308,0.0,0.0,0.0,-0.091816396,0.0,0.0,0.0,0.0,0.0,0.0,0.0,0,1,1,0
1047361141,1047361106,0.0,0.0,0.0,-0.091816396,0.0,0.0,0.0,0.0,0.0,0.0,0.0,0,1,1,0
1047561161,1047561107,0.0,0.0,0.0,-0.09580841,0.0,0.0,0.0,0.0,0.0,0.0,0.0,0,1,1,0
1047749155,1047749120,0.0,0.0,0.0,-0.09580841,0.0,0.0,0.0,0.0,0.0,0.0,0.0,0,1,1,0
1047961234,1047961198,0.0,0.0,0.0,-0.09580841,0.0,0.0,0.0,0.0,0.0,0.0,0.0,0,1,1,0
1048157364,1048157109,0.0,0.0,0.0,-0.091816396,0.0,0.0,0.0,0.0,0.0,0.0,0.0,0,1,1,0
1048361142,1048361107,0.0,0.0,0.0,-0.091816396,0.0,0.0,0.0,0.0,0.0,0.0,0.0,0,1,1,0
1048561142,1048561107,0.0,0.0,0.0,-0.091816396,0.0,0.0,0.0,0.0,0.0,0.0,0.0,0,1,1,0
1048761396,1048761360,0.0,0.0,0.0,-0.091816396,0.0,0.0,0.0,0.0,0.0,0.0,0.0,0,1,1,0
1048961224,1048961189,0.0,0.0,0.0,-0.091816396,0.0,0.0,0.0,0.0,0.0,0.0,0.0,0,1,1,0
1049161410,1049161374,0.0,0.0,0.0,-0.091816396,0.0,0.0,0.0,0.0,0.0,0.0,0.0,0,1,1,0
1049357142,1049357107,0.0,0.0,0.0,-0.091816396,0.0,0.0,0.0,0.0,0.0,0.0,0.0,0,1,1,0
1049565445,1049565401,0.0,0.0,0.0,-0.09580841,0.0,0.0,0.0,0.0,0.0,0.0,0.0,0,1,1,0
1049765702,1049765667,0.0,0.0,0.0,-0.09580841,0.0,0.0,0.0,0.0,0.0,0.0,0.0,0,1,1,0
1049965288,1049965254,0.0,0.0,0.0,-0.09580841,0.0,0.0,0.0,0.0,0.0,0.0,0.0,0,1,1,0
1050117177,1050117143,0.0,0.0,0.0,-0.09580841,0.0,0.0,0.0,0.0,0.0,0.0,0.0,0,1,1,0
1050365344,1050365311,0.0,0.0,0.0,-0.091816396,0.0,0.0,0.0,0.0,0.0,0.0,0.0,0,1,1,0
1050537192,1050537148,0.0,0.0,0.0,-0.09580841,0.0,0.0,0.0,0.0,0.0,0.0,0.0,0,1,1,0
1050757141,1050757108,0.0,0.0,0.0,-0.09580841,0.0,0.0,0.0,0.0,0.0,0.0,0.0,0,1,1,0
1050893284,1050893209,0.0,0.0,0.0,-0.09580841,0.0,0.0,0.0,0.0,0.0,0.0,0.0,0,1,1,0
1051157171,1051157137,0.0,0.0,0.0,-0.09580841,0.0,0.0,0.0,0.0,0.0,0.0,0.0,0,1,1,0
1051365193,1051365148,0.0,0.0,0.0,-0.09580841,0.0,0.0,0.0,0.0,0.0,0.0,0.0,0,1,1,0
1051565154,1051565107,0.0,0.0,0.0,-0.09580841,0.0,0.0,0.0,0.0,0.0,0.0,0.0,0,1,1,0
1051753141,1051753107,0.0,0.0,0.0,-0.09580841,0.0,0.0,0.0,0.0,0.0,0.0,0.0,0,1,1,0
1051925160,1051925107,0.0,0.0,0.0,-0.09580841,0.0,0.0,0.0,0.0,0.0,0.0,0.0,0,1,1,0
1052161210,1052161175,0.0,0.0,0.0,-0.09580841,0.0,0.0,0.0,0.0,0.0,0.0,0.0,0,1,1,0
1052365140,1052365106,0.0,0.0,0.0,-0.091816396,0.0,0.0,0.0,0.0,0.0,0.0,0.0,0,1,1,0
1052566138,1052566091,0.0,0.0,0.0,-0.09580841,0.0,0.0,0.0,0.0,0.0,0.0,0.0,0,1,1,0
1052741142,1052741107,0.0,0.0,0.0,-0.09580841,0.0,0.0,0.0,0.0,0.0,0.0,0.0,0,1,1,0
1052961341,1052961107,0.0,0.0,0.0,-0.091816396,0.0,0.0,0.0,0.0,0.0,0.0,0.0,0,1,1,0
1053133145,1053133112,0.0,0.0,0.0,-0.09580841,0.0,0.0,0.0,0.0,0.0,0.0,0.0,0,1,1,0
1053361141,1053361106,0.0,0.0,0.0,-0.09580841,0.0,0.0,0.0,0.0,0.0,0.0,0.0,0,1,1,0
1053541343,1053541308,0.0,0.0,0.0,-0.091816396,0.0,0.0,0.0,0.0,0.0,0.0,0.0,0,1,1,0
1053761141,1053761107,0.0,0.0,0.0,-0.09580841,0.0,0.0,0.0,0.0,0.0,0.0,0.0,0,1,1,0
1053901919,1053901107,0.0,0.0,0.0,-0.09580841,0.0,0.0,0.0,0.0,0.0,0.0,0.0,0,1,1,0
1054157161,1054157128,0.0,0.0,0.0,-0.09580841,0.0,0.0,0.0,0.0,0.0,0.0,0.0,0,1,1,0
1054361175,1054361140,0.0,0.0,0.0,-0.09580841,0.0,0.0,0.0,0.0,0.0,0.0,0.0,0,1,1,0
1054557272,1054557228,0.0,0.0,0.0,-0.09580841,0.0,0.0,0.0,0.0,0.0,0.0,0.0,0,1,1,0
1054761142,1054761107,0.0,0.0,0.0,-0.091816396,0.0,0.0,0.0,0.0,0.0,0.0,0.0,0,1,1,0
1054961142,1054961107,0.0,0.0,0.0,-0.09580841,0.0,0.0,0.0,0.0,0.0,0.0,0.0,0,1,1,0
1055161142,1055161108,0.0,0.0,0.0,-0.09580841,0.0,0.0,0.0,0.0,0.0,0.0,0.0,0,1,1,0
1055349205,1055349170,0.0,0.0,0.0,-0.09580841,0.0,0.0,0.0,0.0,0.0,0.0,0.0,0,1,1,0
1055565151,1055565106,0.0,0.0,0.0,-0.09580841,0.0,0.0,0.0,0.0,0.0,0.0,0.0,0,1,1,0
1055765140,1055765106,0.0,0.0,0.0,-0.09580841,0.0,0.0,0.0,0.0,0.0,0.0,0.0,0,1,1,0
1055965246,1055965212,0.0,0.0,0.0,-0.091816396,0.0,0.0,0.0,0.0,0.0,0.0,0.0,0,1,1,0
1056165140,1056165107,0.0,0.0,0.0,-0.09580841,0.0,0.0,0.0,0.0,0.0,0.0,0.0,0,1,1,0
1056349141,1056349107,0.0,0.0,0.0,-0.09580841,0.0,0.0,0.0,0.0,0.0,0.0,0.0,0,1,1,0
1056565643,1056565610,0.0,0.0,0.0,-0.091816396,0.0,0.0,0.0,0.0,0.0,0.0,0.0,0,1,1,0
1056757159,1056757112,0.0,0.0,0.0,-0.09580841,0.0,0.0,0.0,0.0,0.0,0.0,0.0,0,1,1,0
1056965173,1056965140,0.0,0.0,0.0,-0.091816396,0.0,0.0,0.0,0.0,0.0,0.0,0.0,0,1,1,0
1057157141,1057157107,0.0,0.0,0.0,-0.09580841,0.0,0.0,0.0,0.0,0.0,0.0,0.0,0,1,1,0
1057365350,1057365315,0.0,0.0,0.0,-0.09580841,0.0,0.0,0.0,0.0,0.0,0.0,0.0,0,1,1,0
1057565531,1057565498,0.0,0.0,0.0,-0.091816396,0.0,0.0,0.0,0.0,0.0,0.0,0.0,0,1,1,0
1057753239,1057753192,0.0,0.0,0.0,-0.09580841,0.0,0.0,0.0,0.0,0.0,0.0,0.0,0,1,1,0
1057965432,1057965399,0.0,0.0,0.0,-0.09580841,0.0,0.0,0.0,0.0,0.0,0.0,0.0,0,1,1,0
1058153661,1058153627,0.0,0.0,0.0,-0.09580841,0.0,0.0,0.0,0.0,0.0,0.0,0.0,0,1,1,0
1058361142,1058361107,0.0,0.0,0.0,-0.09580841,0.0,0.0,0.0,0.0,0.0,0.0,0.0,0,1,1,0
1058565141,1058565107,0.0,0.0,0.0,-0.091816396,0.0,0.0,0.0,0.0,0.0,0.0,0.0,0,1,1,0
1058765556,1058765107,0.0,0.0,0.0,-0.09580841,0.0,0.0,0.0,0.0,0.0,0.0,0.0,0,1,1,0
1058941169,1058941123,0.0,0.0,0.0,-0.09580841,0.0,0.0,0.0,0.0,0.0,0.0,0.0,0,1,1,0
1059161633,1059161588,0.0,0.0,0.0,-0.09580841,0.0,0.0,0.0,0.0,0.0,0.0,0.0,0,1,1,0
1059353140,1059353106,0.0,0.0,0.0,-0.09580841,0.0,0.0,0.0,0.0,0.0,0.0,0.0,0,1,1,0
1059561283,1059561249,0.0,0.0,0.0,-0.09580841,0.0,0.0,0.0,0.0,0.0,0.0,0.0,0,1,1,0
1059761166,1059761131,0.0,0.0,0.0,-0.09580841,0.0,0.0,0.0,0.0,0.0,0.0,0.0,0,1,1,0
1059961750,1059961698,0.0,0.0,0.0,-0.09580841,0.0,0.0,0.0,0.0,0.0,0.0,0.0,0,1,1,0
1060161218,1060161183,0.0,0.0,0.0,-0.09580841,0.0,0.0,0.0,0.0,0.0,0.0,0.0,0,1,1,0
1060357141,1060357108,0.0,0.0,0.0,-0.091816396,0.0,0.0,0.0,0.0,0.0,0.0,0.0,0,1,1,0
1060557139,1060557106,0.0,0.0,0.0,-0.091816396,0.0,0.0,0.0,0.0,0.0,0.0,0.0,0,1,1,0
1060761695,1060761661,0.0,0.0,0.0,-0.09580841,0.0,0.0,0.0,0.0,0.0,0.0,0.0,0,1,1,0
1060961479,1060961122,0.0,0.0,0.0,-0.091816396,0.0,0.0,0.0,0.0,0.0,0.0,0.0,0,1,1,0
1061161162,1061161107,0.0,0.0,0.0,-0.09580841,0.0,0.0,0.0,0.0,0.0,0.0,0.0,0,1,1,0
1061349161,1061349107,0.0,0.0,0.0,-0.09580841,0.0,0.0,0.0,0.0,0.0,0.0,0.0,0,1,1,0
1061557151,1061557106,0.0,0.0,0.0,-0.09580841,0.0,0.0,0.0,0.0,0.0,0.0,0.0,0,1,1,0
1061765140,1061765107,0.0,0.0,0.0,-0.091816396,0.0,0.0,0.0,0.0,0.0,0.0,0.0,0,1,1,0
1061949142,1061949107,0.0,0.0,0.0,-0.09580841,0.0,0.0,0.0,0.0,0.0,0.0,0.0,0,1,1,0
1062165157,1062165123,0.0,0.0,0.0,-0.091816396,0.0,0.0,0.0,0.0,0.0,0.0,0.0,0,1,1,0
1062357279,1062357246,0.0,0.0,0.0,-0.091816396,0.0,0.0,0.0,0.0,0.0,0.0,0.0,0,1,1,0
1062565163,1062565129,0.0,0.0,0.0,-0.091816396,0.0,0.0,0.0,0.0,0.0,0.0,0.0,0,1,1,0
1062765142,1062765108,0.0,0.0,0.0,-0.091816396,0.0,0.0,0.0,0.0,0.0,0.0,0.0,0,1,1,0
1062945254,1062945219,0.0,0.0,0.0,-0.091816396,0.0,0.0,0.0,0.0,0.0,0.0,0.0,0,1,1,0
1063153223,1063153189,0.0,0.0,0.0,-0.091816396,0.0,0.0,0.0,0.0,0.0,0.0,0.0,0,1,1,0
1063349139,1063349106,0.0,0.0,0.0,-0.091816396,0.0,0.0,0.0,0.0,0.0,0.0,0.0,0,1,1,0
1063565175,1063565141,0.0,0.0,0.0,-0.091816396,0.0,0.0,0.0,0.0,0.0,0.0,0.0,0,1,1,0
1063765152,1063765106,0.0,0.0,0.0,-0.09580841,0.0,0.0,0.0,0.0,0.0,0.0,0.0,0,1,1,0
1063965140,1063965107,0.0,0.0,0.0,-0.091816396,0.0,0.0,0.0,0.0,0.0,0.0,0.0,0,1,1,0
1064145160,1064145107,0.0,0.0,0.0,-0.091816396,0.0,0.0,0.0,0.0,0.0,0.0,0.0,0,1,1,0
1064365396,1064365363,0.0,0.0,0.0,-0.091816396,0.0,0.0,0.0,0.0,0.0,0.0,0.0,0,1,1,0
1064525139,1064525106,0.0,0.0,0.0,-0.091816396,0.0,0.0,0.0,0.0,0.0,0.0,0.0,0,1,1,0
1064741161,1064741127,0.0,0.0,0.0,-0.091816396,0.0,0.0,0.0,0.0,0.0,0.0,0.0,0,1,1,0
1064945155,1064945113,0.0,0.0,0.0,-0.091816396,0.0,0.0,0.0,0.0,0.0,0.0,0.0,0,1,1,0
1065165279,1065165245,0.0,0.0,0.0,-0.091816396,0.0,0.0,0.0,0.0,0.0,0.0,0.0,0,1,1,0
1065361145,1065361110,0.0,0.0,0.0,-0.091816396,0.0,0.0,0.0,0.0,0.0,0.0,0.0,0,1,1,0
1065561154,1065561107,0.0,0.0,0.0,-0.091816396,0.0,0.0,0.0,0.0,0.0,0.0,0.0,0,1,1,0
1065741325,1065741286,0.0,0.0,0.0,-0.091816396,0.0,0.0,0.0,0.0,0.0,0.0,0.0,0,1,1,0
1065961142,1065961107,0.0,0.0,0.0,-0.091816396,0.0,0.0,0.0,0.0,0.0,0.0,0.0,0,1,1,0
1066142084,1066142049,0.0,0.0,0.0,-0.091816396,0.0,0.0,0.0,0.0,0.0,0.0,0.0,0,1,1,0
1066353835,1066353794,0.0,0.0,0.0,-0.091816396,0.0,0.0,0.0,0.0,0.0,0.0,0.0,0,1,1,0
1066561151,1066561117,0.0,0.0,0.0,-0.091816396,0.0,0.0,0.0,0.0,0.0,0.0,0.0,0,1,1,0
1066761145,1066761107,0.0,0.0,0.0,-0.09580841,0.0,0.0,0.0,0.0,0.0,0.0,0.0,0,1,1,0
1066961141,1066961107,0.0,0.0,0.0,-0.091816396,0.0,0.0,0.0,0.0,0.0,0.0,0.0,0,1,1,0
1067161153,1067161106,0.0,0.0,0.0,-0.09580841,0.0,0.0,0.0,0.0,0.0,0.0,0.0,0,1,1,0
1067357153,1067357107,0.0,0.0,0.0,-0.091816396,0.0,0.0,0.0,0.0,0.0,0.0,0.0,0,1,1,0
1067541140,1067541106,0.0,0.0,0.0,-0.091816396,0.0,0.0,0.0,0.0,0.0,0.0,0.0,0,1,1,0
1067709142,1067709107,0.0,0.0,0.0,-0.091816396,0.0,0.0,0.0,0.0,0.0,0.0,0.0,0,1,1,0
1067965140,1067965106,0.0,0.0,0.0,-0.091816396,0.0,0.0,0.0,0.0,0.0,0.0,0.0,0,1,1,0
1068165140,1068165107,0.0,0.0,0.0,-0.09580841,0.0,0.0,0.0,0.0,0.0,0.0,0.0,0,1,1,0
1068365142,1068365107,0.0,0.0,0.0,-0.09580841,0.0,0.0,0.0,0.0,0.0,0.0,0.0,0,1,1,0
1068565154,1068565108,0.0,0.0,0.0,-0.091816396,0.0,0.0,0.0,0.0,0.0,0.0,0.0,0,1,1,0
1068749232,1068749197,0.0,0.0,0.0,-0.091816396,0.0,0.0,0.0,0.0,0.0,0.0,0.0,0,1,1,0
1068949380,1068949346,0.0,0.0,0.0,-0.091816396,0.0,0.0,0.0,0.0,0.0,0.0,0.0,0,1,1,0
1069165143,1069165110,0.0,0.0,0.0,-0.09580841,0.0,0.0,0.0,0.0,0.0,0.0,0.0,0,1,1,0
1069353140,1069353106,0.0,0.0,0.0,-0.091816396,0.0,0.0,0.0,0.0,0.0,0.0,0.0,0,1,1,0
1069545141,1069545107,0.0,0.0,0.0,-0.091816396,0.0,0.0,0.0,0.0,0.0,0.0,0.0,0,1,1,0
1069765141,1069765108,0.0,0.0,0.0,-0.091816396,0.0,0.0,0.0,0.0,0.0,0.0,0.0,0,1,1,0
1069945141,1069945108,0.0,0.0,0.0,-0.091816396,0.0,0.0,0.0,0.0,0.0,0.0,0.0,0,1,1,0
1070161141,1070161107,0.0,0.0,0.0,-0.09580841,0.0,0.0,0.0,0.0,0.0,0.0,0.0,0,1,1,0
1070353165,1070353119,0.0,0.0,0.0,-0.091816396,0.0,0.0,0.0,0.0,0.0,0.0,0.0,0,1,1,0
1070565150,1070565107,0.0,0.0,0.0,-0.09580841,0.0,0.0,0.0,0.0,0.0,0.0,0.0,0,1,1,0
1070761155,1070761107,0.0,0.0,0.0,-0.09580841,0.0,0.0,0.0,0.0,0.0,0.0,0.0,0,1,1,0
1070965142,1070965108,0.0,0.0,0.0,-0.091816396,0.0,0.0,0.0,0.0,0.0,0.0,0.0,0,1,1,0
1071165140,1071165107,0.0,0.0,0.0,-0.09580841,0.0,0.0,0.0,0.0,0.0,0.0,0.0,0,1,1,0
1071353605,1071353570,0.0,0.0,0.0,-0.091816396,0.0,0.0,0.0,0.0,0.0,0.0,0.0,0,1,1,0
1071561162,1071561127,0.0,0.0,0.0,-0.091816396,0.0,0.0,0.0,0.0,0.0,0.0,0.0,0,1,1,0
1071761142,1071761107,0.0,0.0,0.0,-0.091816396,0.0,0.0,0.0,0.0,0.0,0.0,0.0,0,1,1,0
1071929140,1071929106,0.0,0.0,0.0,-0.091816396,0.0,0.0,0.0,0.0,0.0,0.0,0.0,0,1,1,0
1072153141,1072153107,0.0,0.0,0.0,-0.091816396,0.0,0.0,0.0,0.0,0.0,0.0,0.0,0,1,1,0
1072361142,1072361107,0.0,0.0,0.0,-0.091816396,0.0,0.0,0.0,0.0,0.0,0.0,0.0,0,1,1,0
1072557392,1072557116,0.0,0.0,0.0,-0.091816396,0.0,0.0,0.0,0.0,0.0,0.0,0.0,0,1,1,0
1072761142,1072761107,0.0,0.0,0.0,-0.091816396,0.0,0.0,0.0,0.0,0.0,0.0,0.0,0,1,1,0
1072961141,1072961106,0.0,0.0,0.0,-0.091816396,0.0,0.0,0.0,0.0,0.0,0.0,0.0,0,1,1,0
1073157141,1073157107,0.0,0.0,0.0,-0.091816396,0.0,0.0,0.0,0.0,0.0,0.0,0.0,0,1,1,0
1073357153,1073357107,0.0,0.0,0.0,-0.09580841,0.0,0.0,0.0,0.0,0.0,0.0,0.0,0,1,1,0
1073477167,1073477107,0.0,0.0,0.0,-0.091816396,0.0,0.0,0.0,0.0,0.0,0.0,0.0,0,1,1,0
1073761142,1073761107,0.0,0.0,0.0,-0.091816396,0.0,0.0,0.0,0.0,0.0,0.0,0.0,0,1,1,0
1073965176,1073965143,0.0,0.0,0.0,-0.091816396,0.0,0.0,0.0,0.0,0.0,0.0,0.0,0,1,1,0
1074157142,1074157108,0.0,0.0,0.0,-0.091816396,0.0,0.0,0.0,0.0,0.0,0.0,0.0,0,1,1,0
1074349248,1074349214,0.0,0.0,0.0,-0.091816396,0.0,0.0,0.0,0.0,0.0,0.0,0.0,0,1,1,0
1074549415,1074549381,0.0,0.0,0.0,-0.091816396,0.0,0.0,0.0,0.0,0.0,0.0,0.0,0,1,1,0
1074765465,1074765432,0.0,0.0,0.0,-0.09580841,0.0,0.0,0.0,0.0,0.0,0.0,0.0,0,1,1,0
1074949420,1074949358,0.0,0.0,0.0,-0.091816396,0.0,0.0,0.0,0.0,0.0,0.0,0.0,0,1,1,0
1075165162,1075165108,0.0,0.0,0.0,-0.091816396,0.0,0.0,0.0,0.0,0.0,0.0,0.0,0,1,1,0
1075345142,1075345108,0.0,0.0,0.0,-0.091816396,0.0,0.0,0.0,0.0,0.0,0.0,0.0,0,1,1,0
1075565190,1075565107,0.0,0.0,0.0,-0.09580841,0.0,0.0,0.0,0.0,0.0,0.0,0.0,0,1,1,0
1075757140,1075757106,0.0,0.0,0.0,-0.091816396,0.0,0.0,0.0,0.0,0.0,0.0,0.0,0,1,1,0
1075957140,1075957107,0.0,0.0,0.0,-0.09580841,0.0,0.0,0.0,0.0,0.0,0.0,0.0,0,1,1,0
1076165153,1076165107,0.0,0.0,0.0,-0.091816396,0.0,0.0,0.0,0.0,0.0,0.0,0.0,0,1,1,0
1076365140,1076365107,0.0,0.0,0.0,-0.09580841,0.0,0.0,0.0,0.0,0.0,0.0,0.0,0,1,1,0
1076565141,1076565107,0.0,0.0,0.0,-0.09580841,0.0,0.0,0.0,0.0,0.0,0.0,0.0,0,1,1,0
1076761233,1076761187,0.0,0.0,0.0,-0.091816396,0.0,0.0,0.0,0.0,0.0,0.0,0.0,0,1,1,0
1076965205,1076965144,0.0,0.0,0.0,-0.09580841,0.0,0.0,0.0,0.0,0.0,0.0,0.0,0,1,1,0
1077153140,1077153106,0.0,0.0,0.0,-0.09580841,0.0,0.0,0.0,0.0,0.0,0.0,0.0,0,1,1,0
1077341142,1077341107,0.0,0.0,0.0,-0.091816396,0.0,0.0,0.0,0.0,0.0,0.0,0.0,0,1,1,0
1077561383,1077561348,0.0,0.0,0.0,-0.091816396,0.0,0.0,0.0,0.0,0.0,0.0,0.0,0,1,1,0
1077761273,1077761237,0.0,0.0,0.0,-0.091816396,0.0,0.0,0.0,0.0,0.0,0.0,0.0,0,1,1,0
1077961926,1077961880,0.0,0.0,0.0,-0.091816396,0.0,0.0,0.0,0.0,0.0,0.0,0.0,0,1,1,0
1078153140,1078153106,0.0,0.0,0.0,-0.091816396,0.0,0.0,0.0,0.0,0.0,0.0,0.0,0,1,1,0
1078361181,1078361107,0.0,0.0,0.0,-0.09580841,0.0,0.0,0.0,0.0,0.0,0.0,0.0,0,1,1,0
1078541161,1078541126,0.0,0.0,0.0,-0.091816396,0.0,0.0,0.0,0.0,0.0,0.0,0.0,0,1,1,0
1078749161,1078749107,0.0,0.0,0.0,-0.091816396,0.0,0.0,0.0,0.0,0.0,0.0,0.0,0,1,1,0
1078961141,1078961106,0.0,0.0,0.0,-0.091816396,0.0,0.0,0.0,0.0,0.0,0.0,0.0,0,1,1,0
1079157159,1079157113,0.0,0.0,0.0,-0.091816396,0.0,0.0,0.0,0.0,0.0,0.0,0.0,0,1,1,0
1079349141,1079349107,0.0,0.0,0.0,-0.091816396,0.0,0.0,0.0,0.0,0.0,0.0,0.0,0,1,1,0
1079557151,1079557118,0.0,0.0,0.0,-0.091816396,0.0,0.0,0.0,0.0,0.0,0.0,0.0,0,1,1,0
1079761142,1079761107,0.0,0.0,0.0,-0.091816396,0.0,0.0,0.0,0.0,0.0,0.0,0.0,0,1,1,0
1079957402,1079957368,0.0,0.0,0.0,-0.091816396,0.0,0.0,0.0,0.0,0.0,0.0,0.0,0,1,1,0
1080157143,1080157109,0.0,0.0,0.0,-0.091816396,0.0,0.0,0.0,0.0,0.0,0.0,0.0,0,1,1,0
1080357224,1080357158,0.0,0.0,0.0,-0.09580841,0.0,0.0,0.0,0.0,0.0,0.0,0.0,0,1,1,0
1080565142,1080565107,0.0,0.0,0.0,-0.09580841,0.0,0.0,0.0,0.0,0.0,0.0,0.0,0,1,1,0
1080765140,1080765107,0.0,0.0,0.0,-0.091816396,0.0,0.0,0.0,0.0,0.0,0.0,0.0,0,1,1,0
1080949141,1080949107,0.0,0.0,0.0,-0.091816396,0.0,0.0,0.0,0.0,0.0,0.0,0.0,0,1,1,0
1081165141,1081165107,0.0,0.0,0.0,-0.09580841,0.0,0.0,0.0,0.0,0.0,0.0,0.0,0,1,1,0
1081357333,1081357123,0.0,0.0,0.0,-0.091816396,0.0,0.0,0.0,0.0,0.0,0.0,0.0,0,1,1,0
1081557178,1081557107,0.0,0.0,0.0,-0.091816396,0.0,0.0,0.0,0.0,0.0,0.0,0.0,0,1,1,0
1081757141,1081757107,0.0,0.0,0.0,-0.09580841,0.0,0.0,0.0,0.0,0.0,0.0,0.0,0,1,1,0
1081929142,1081929106,0.0,0.0,0.0,-0.091816396,0.0,0.0,0.0,0.0,0.0,0.0,0.0,0,1,1,0
1082165140,1082165107,0.0,0.0,0.0,-0.09580841,0.0,0.0,0.0,0.0,0.0,0.0,0.0,0,1,1,0
1082353141,1082353107,0.0,0.0,0.0,-0.09580841,0.0,0.0,0.0,0.0,0.0,0.0,0.0,0,1,1,0
1082565141,1082565107,0.0,0.0,0.0,-0.09580841,0.0,0.0,0.0,0.0,0.0,0.0,0.0,0,1,1,0
1082765140,1082765107,0.0,0.0,0.0,-0.091816396,0.0,0.0,0.0,0.0,0.0,0.0,0.0,0,1,1,0
1082953141,1082953107,0.0,0.0,0.0,-0.09580841,0.0,0.0,0.0,0.0,0.0,0.0,0.0,0,1,1,0
1083165176,1083165131,0.0,0.0,0.0,-0.091816396,0.0,0.0,0.0,0.0,0.0,0.0,0.0,0,1,1,0
1083333236,1083325106,0.0,0.0,0.0,-0.091816396,0.0,0.0,0.0,0.0,0.0,0.0,0.0,0,1,1,0
1083553271,1083553237,0.0,0.0,0.0,-0.09580841,0.0,0.0,0.0,0.0,0.0,0.0,0.0,0,1,1,0
1083765280,1083765247,0.0,0.0,0.0,-0.091816396,0.0,0.0,0.0,0.0,0.0,0.0,0.0,0,1,1,0
1083965605,1083965549,0.0,0.0,0.0,-0.09580841,0.0,0.0,0.0,0.0,0.0,0.0,0.0,0,1,1,0
1084165735,1084165702,0.0,0.0,0.0,-0.091816396,0.0,0.0,0.0,0.0,0.0,0.0,0.0,0,1,1,0
1084353399,1084353365,0.0,0.0,0.0,-0.091816396,0.0,0.0,0.0,0.0,0.0,0.0,0.0,0,1,1,0
1084561142,1084561108,0.0,0.0,0.0,-0.091816396,0.0,0.0,0.0,0.0,0.0,0.0,0.0,0,1,1,0
1084729355,1084729320,0.0,0.0,0.0,-0.091816396,0.0,0.0,0.0,0.0,0.0,0.0,0.0,0,1,1,0
1084861333,1084861298,0.0,0.0,0.0,-0.091816396,0.0,0.0,0.0,0.0,0.0,0.0,0.0,0,1,1,0
1085121183,1085121148,0.0,0.0,0.0,-0.091816396,0.0,0.0,0.0,0.0,0.0,0.0,0.0,0,1,1,0
1085361312,1085361277,0.0,0.0,0.0,-0.09580841,0.0,0.0,0.0,0.0,0.0,0.0,0.0,0,1,1,0
1085537152,1085537108,0.0,0.0,0.0,-0.091816396,0.0,0.0,0.0,0.0,0.0,0.0,0.0,0,1,1,0
1085761142,1085761108,0.0,0.0,0.0,-0.091816396,0.0,0.0,0.0,0.0,0.0,0.0,0.0,0,1,1,0
1085961141,1085961106,0.0,0.0,0.0,-0.09580841,0.0,0.0,0.0,0.0,0.0,0.0,0.0,0,1,1,0
1086161299,1086161264,0.0,0.0,0.0,-0.091816396,0.0,0.0,0.0,0.0,0.0,0.0,0.0,0,1,1,0
1086349641,1086349592,0.0,0.0,0.0,-0.091816396,0.0,0.0,0.0,0.0,0.0,0.0,0.0,0,1,1,0
1086557141,1086557106,0.0,0.0,0.0,-0.091816396,0.0,0.0,0.0,0.0,0.0,0.0,0.0,0,1,1,0
1086765140,1086765107,0.0,0.0,0.0,-0.09580841,0.0,0.0,0.0,0.0,0.0,0.0,0.0,0,1,1,0
1086937189,1086937132,0.0,0.0,0.0,-0.091816396,0.0,0.0,0.0,0.0,0.0,0.0,0.0,0,1,1,0
1087157270,1087157236,0.0,0.0,0.0,-0.09580841,0.0,0.0,0.0,0.0,0.0,0.0,0.0,0,1,1,0
1087357141,1087357108,0.0,0.0,0.0,-0.091816396,0.0,0.0,0.0,0.0,0.0,0.0,0.0,0,1,1,0
1087565141,1087565107,0.0,0.0,0.0,-0.091816396,0.0,0.0,0.0,0.0,0.0,0.0,0.0,0,1,1,0
1087757140,1087757106,0.0,0.0,0.0,-0.091816396,0.0,0.0,0.0,0.0,0.0,0.0,0.0,0,1,1,0
1087965221,1087965188,0.0,0.0,0.0,-0.09580841,0.0,0.0,0.0,0.0,0.0,0.0,0.0,0,1,1,0
1088165163,1088165108,0.0,0.0,0.0,-0.091816396,0.0,0.0,0.0,0.0,0.0,0.0,0.0,0,1,1,0
1088297145,1088297107,0.0,0.0,0.0,-0.09580841,0.0,0.0,0.0,0.0,0.0,0.0,0.0,0,1,1,0
1088553141,1088553107,0.0,0.0,0.0,-0.09580841,0.0,0.0,0.0,0.0,0.0,0.0,0.0,0,1,1,0
1088757140,1088757107,0.0,0.0,0.0,-0.09580841,0.0,0.0,0.0,0.0,0.0,0.0,0.0,0,1,1,0
1088965141,1088965107,0.0,0.0,0.0,-0.09580841,0.0,0.0,0.0,0.0,0.0,0.0,0.0,0,1,1,0
1089165403,1089165369,0.0,0.0,0.0,-0.09580841,0.0,0.0,0.0,0.0,0.0,0.0,0.0,0,1,1,0
1089365141,1089365107,0.0,0.0,0.0,-0.091816396,0.0,0.0,0.0,0.0,0.0,0.0,0.0,0,1,1,0
1089565181,1089565135,0.0,0.0,0.0,-0.091816396,0.0,0.0,0.0,0.0,0.0,0.0,0.0,0,1,1,0
1089765161,1089765128,0.0,0.0,0.0,-0.09580841,0.0,0.0,0.0,0.0,0.0,0.0,0.0,0,1,1,0
1089945183,1089945148,0.0,0.0,0.0,-0.09580841,0.0,0.0,0.0,0.0,0.0,0.0,0.0,0,1,1,0
1090161154,1090161106,0.0,0.0,0.0,-0.091816396,0.0,0.0,0.0,0.0,0.0,0.0,0.0,0,1,1,0
1090353162,1090353129,0.0,0.0,0.0,-0.091816396,0.0,0.0,0.0,0.0,0.0,0.0,0.0,0,1,1,0
1090561159,1090561107,0.0,0.0,0.0,-0.09580841,0.0,0.0,0.0,0.0,0.0,0.0,0.0,0,1,1,0
1090761173,1090761127,0.0,0.0,0.0,-0.091816396,0.0,0.0,0.0,0.0,0.0,0.0,0.0,0,1,1,0
1090953359,1090953326,0.0,0.0,0.0,-0.091816396,0.0,0.0,0.0,0.0,0.0,0.0,0.0,0,1,1,0
1091157762,1091157136,0.0,0.0,0.0,-0.091816396,0.0,0.0,0.0,0.0,0.0,0.0,0.0,0,1,1,0
1091349141,1091349106,0.0,0.0,0.0,-0.09580841,0.0,0.0,0.0,0.0,0.0,0.0,0.0,0,1,1,0
1091561142,1091561107,0.0,0.0,0.0,-0.09580841,0.0,0.0,0.0,0.0,0.0,0.0,0.0,0,1,1,0
1091761142,1091761107,0.0,0.0,0.0,-0.091816396,0.0,0.0,0.0,0.0,0.0,0.0,0.0,0,1,1,0
1091961246,1091961191,0.0,0.0,0.0,-0.09580841,0.0,0.0,0.0,0.0,0.0,0.0,0.0,0,1,1,0
1092161141,1092161107,0.0,0.0,0.0,-0.09580841,0.0,0.0,0.0,0.0,0.0,0.0,0.0,0,1,1,0
1092361145,1092361110,0.0,0.0,0.0,-0.091816396,0.0,0.0,0.0,0.0,0.0,0.0,0.0,0,1,1,0
1092561163,1092561107,0.0,0.0,0.0,-0.091816396,0.0,0.0,0.0,0.0,0.0,0.0,0.0,0,1,1,0
1092749208,1092749175,0.0,0.0,0.0,-0.091816396,0.0,0.0,0.0,0.0,0.0,0.0,0.0,0,1,1,0
1092965207,1092965174,0.0,0.0,0.0,-0.091816396,0.0,0.0,0.0,0.0,0.0,0.0,0.0,0,1,1,0
1093165784,1093165154,0.0,0.0,0.0,-0.09580841,0.0,0.0,0.0,0.0,0.0,0.0,0.0,0,1,1,0
1093365240,1093365205,0.0,0.0,0.0,-0.091816396,0.0,0.0,0.0,0.0,0.0,0.0,0.0,0,1,1,0
1093557155,1093557121,0.0,0.0,0.0,-0.09580841,0.0,0.0,0.0,0.0,0.0,0.0,0.0,0,1,1,0
1093766019,1093765985,0.0,0.0,0.0,-0.091816396,0.0,0.0,0.0,0.0,0.0,0.0,0.0,0,1,1,0
1093965330,1093965116,0.0,0.0,0.0,-0.09580841,0.0,0.0,0.0,0.0,0.0,0.0,0.0,0,1,1,0
1094157427,1094157392,0.0,0.0,0.0,-0.091816396,0.0,0.0,0.0,0.0,0.0,0.0,0.0,0,1,1,0
1094365394,1094365108,0.0,0.0,0.0,-0.091816396,0.0,0.0,0.0,0.0,0.0,0.0,0.0,0,1,1,0
1094557425,1094557391,0.0,0.0,0.0,-0.09580841,0.0,0.0,0.0,0.0,0.0,0.0,0.0,0,1,1,0
1094765574,1094765528,0.0,0.0,0.0,-0.091816396,0.0,0.0,0.0,0.0,0.0,0.0,0.0,0,1,1,0
1094965140,1094965106,0.0,0.0,0.0,-0.091816396,0.0,0.0,0.0,0.0,0.0,0.0,0.0,0,1,1,0
1095153179,1095153123,0.0,0.0,0.0,-0.09580841,0.0,0.0,0.0,0.0,0.0,0.0,0.0,0,1,1,0
1095353141,1095353107,0.0,0.0,0.0,-0.09580841,0.0,0.0,0.0,0.0,0.0,0.0,0.0,0,1,1,0
1095537754,1095537721,0.0,0.0,0.0,-0.09580841,0.0,0.0,0.0,0.0,0.0,0.0,0.0,0,1,1,0
1095765174,1095765139,0.0,0.0,0.0,-0.09580841,0.0,0.0,0.0,0.0,0.0,0.0,0.0,0,1,1,0
1095965140,1095965107,0.0,0.0,0.0,-0.09580841,0.0,0.0,0.0,0.0,0.0,0.0,0.0,0,1,1,0
1096165142,1096165108,0.0,0.0,0.0,-0.09580841,0.0,0.0,0.0,0.0,0.0,0.0,0.0,0,1,1,0
1096361165,1096361130,0.0,0.0,0.0,-0.091816396,0.0,0.0,0.0,0.0,0.0,0.0,0.0,0,1,1,0
1096561304,1096561257,0.0,0.0,0.0,-0.09580841,0.0,0.0,0.0,0.0,0.0,0.0,0.0,0,1,1,0
1096761220,1096761185,0.0,0.0,0.0,-0.091816396,0.0,0.0,0.0,0.0,0.0,0.0,0.0,0,1,1,0
1096942689,1096942655,0.0,0.0,0.0,-0.09580841,0.0,0.0,0.0,0.0,0.0,0.0,0.0,0,1,1,0
1097125266,1097125212,0.0,0.0,0.0,-0.091816396,0.0,0.0,0.0,0.0,0.0,0.0,0.0,0,1,1,0
1097361304,1097361269,0.0,0.0,0.0,-0.09580841,0.0,0.0,0.0,0.0,0.0,0.0,0.0,0,1,1,0
1097561331,1097561107,0.0,0.0,0.0,-0.091816396,0.0,0.0,0.0,0.0,0.0,0.0,0.0,0,1,1,0
1097753141,1097753107,0.0,0.0,0.0,-0.09580841,0.0,0.0,0.0,0.0,0.0,0.0,0.0,0,1,1,0
1097957246,1097957107,0.0,0.0,0.0,-0.09580841,0.0,0.0,0.0,0.0,0.0,0.0,0.0,0,1,1,0
1098161166,1098161117,0.0,0.0,0.0,-0.09580841,0.0,0.0,0.0,0.0,0.0,0.0,0.0,0,1,1,0
1098361141,1098361106,0.0,0.0,0.0,-0.091816396,0.0,0.0,0.0,0.0,0.0,0.0,0.0,0,1,1,0
1098549153,1098549107,0.0,0.0,0.0,-0.09580841,0.0,0.0,0.0,0.0,0.0,0.0,0.0,0,1,1,0
1098761141,1098761106,0.0,0.0,0.0,-0.091816396,0.0,0.0,0.0,0.0,0.0,0.0,0.0,0,1,1,0
1098957172,1098957138,0.0,0.0,0.0,-0.09580841,0.0,0.0,0.0,0.0,0.0,0.0,0.0,0,1,1,0
1099157188,1099157154,0.0,0.0,0.0,-0.09580841,0.0,0.0,0.0,0.0,0.0,0.0,0.0,0,1,1,0
1099365161,1099365128,0.0,0.0,0.0,-0.091816396,0.0,0.0,0.0,0.0,0.0,0.0,0.0,0,1,1,0
1099565141,1099565107,0.0,0.0,0.0,-0.091816396,0.0,0.0,0.0,0.0,0.0,0.0,0.0,0,1,1,0
1099757158,1099757125,0.0,0.0,0.0,-0.091816396,0.0,0.0,0.0,0.0,0.0,0.0,0.0,0,1,1,0
1099965140,1099965107,0.0,0.0,0.0,-0.091816396,0.0,0.0,0.0,0.0,0.0,0.0,0.0,0,1,1,0
1100149164,1100149118,0.0,0.0,0.0,-0.091816396,0.0,0.0,0.0,0.0,0.0,0.0,0.0,0,1,1,0
1100357279,1100357245,0.0,0.0,0.0,-0.091816396,0.0,0.0,0.0,0.0,0.0,0.0,0.0,0,1,1,0
1100565141,1100565107,0.0,0.0,0.0,-0.09580841,0.0,0.0,0.0,0.0,0.0,0.0,0.0,0,1,1,0
1100765140,1100765107,0.0,0.0,0.0,-0.091816396,0.0,0.0,0.0,0.0,0.0,0.0,0.0,0,1,1,0
1100953142,1100953108,0.0,0.0,0.0,-0.09580841,0.0,0.0,0.0,0.0,0.0,0.0,0.0,0,1,1,0
1101145254,1101145112,0.0,0.0,0.0,-0.091816396,0.0,0.0,0.0,0.0,0.0,0.0,0.0,0,1,1,0
1101353142,1101353108,0.0,0.0,0.0,-0.09580841,0.0,0.0,0.0,0.0,0.0,0.0,0.0,0,1,1,0
1101565139,1101565106,0.0,0.0,0.0,-0.091816396,0.0,0.0,0.0,0.0,0.0,0.0,0.0,0,1,1,0
1101765140,1101765107,0.0,0.0,0.0,-0.091816396,0.0,0.0,0.0,0.0,0.0,0.0,0.0,0,1,1,0
1101905141,1101905108,0.0,0.0,0.0,-0.09580841,0.0,0.0,0.0,0.0,0.0,0.0,0.0,0,1,1,0
1102161160,1102161125,0.0,0.0,0.0,-0.13373256,0.0,0.0,0.0,0.0,0.0,0.0,0.0,0,1,1,0
1102365140,1102365107,0.0,0.0,0.0,-0.13572857,0.0,0.0,0.0,0.0,0.0,0.0,0.0,0,1,1,0
1102553545,1102553511,0.0,0.0,0.0,-0.13572857,0.0,0.0,0.0,0.0,0.0,0.0,0.0,0,1,1,0
1102765140,1102765107,0.0,0.0,0.0,-0.26746508,0.0,0.0,0.0,0.0,0.0,0.0,0.0,0,1,1,1
1102962124,1102962090,0.0,0.0,0.0,-0.23752497,0.0,0.0,0.0,0.0,0.0,0.0,0.0,0,1,1,0
1103161141,1103161106,0.0,0.0,0.0,-0.25349304,0.0,0.0,0.0,0.0,0.0,0.0,0.0,0,1,1,0
1103361175,1103361139,0.0,0.0,0.0,-0.27744514,0.0,0.0,0.0,0.0,0.0,0.0,0.0,0,1,1,0
1103561288,1103561254,0.0,0.0,0.0,-0.35329345,0.0,0.0,0.0,0.0,0.0,0.0,0.0,0,1,1,1
1103761141,1103761107,0.0,0.0,0.0,-0.39920163,0.0,0.0,0.0,0.0,0.0,0.0,0.0,0,1,1,0
1103953587,1103953534,0.0,0.0,0.0,-0.43912178,0.0,0.0,0.0,0.0,0.0,0.0,0.0,0,1,1,0
1104081184,1104081150,0.0,0.0,0.0,-0.5229541,0.0,0.0,0.0,0.0,0.0,0.0,0.0,0,1,1,1
1104361141,1104361106,0.0,0.0,0.0,-0.60279447,0.0,0.0,0.0,0.0,0.0,0.0,0.0,0,1,1,1
1104561524,1104561489,0.0,0.0,0.0,-0.69461083,0.0,0.0,0.0,0.0,0.0,0.0,0.0,0,1,1,1
1104761141,1104761107,0.0,0.0,0.0,-0.82834333,0.0,0.0,0.0,0.0,0.0,0.0,0.0,0,1,1,1
1104929266,1104929107,0.0,0.0,0.0,-1.0,0.0,0.0,0.0,0.0,0.0,0.0,0.0,0,1,1,1
1105129279,1104929107,0.0,0.0,0.0,-1.0,0.0,0.0,0.0,0.0,0.0,0.0,0.0,0,1,1,1
1105357141,1105357107,0.0,0.0,0.0,-1.0,0.0,0.0,0.0,0.0,0.0,0.0,0.0,0,1,1,0
1105497141,1105497107,0.0,0.0,0.0,-1.0,0.0,0.0,0.0,0.0,0.0,0.0,0.0,0,1,1,0
1105761746,1105761700,0.0,0.0,0.0,-1.0,0.0,0.0,0.0,0.0,0.0,0.0,0.0,0,1,1,0
1105965150,1105965116,0.0,0.0,0.0,-1.0,0.0,0.0,0.0,0.0,0.0,0.0,0.0,0,1,1,0
1106165140,1106165106,0.0,0.0,0.0,-0.9680639,0.0,0.0,0.0,0.0,0.0,0.0,0.0,0,1,1,0
1106365140,1106365106,0.0,0.0,0.0,-0.738523,0.0,0.0,0.0,0.0,0.0,0.0,0.0,0,1,1,1
1106565143,1106565109,0.0,0.0,0.0,-0.5449102,0.0,0.0,0.0,0.0,0.0,0.0,0.0,0,1,1,1
1106757200,1106757156,0.0,0.0,0.0,-0.243513,0.0,0.0,0.0,0.0,0.0,0.0,0.0,0,1,1,1
1106965141,1106965107,0.0,0.0,0.0,-0.15369265,0.0,0.0,0.0,0.0,0.0,0.0,0.0,0,1,1,1
1107165152,1107165107,0.0,0.0,0.0,-0.013972085,0.0,0.0,0.0,0.0,0.0,0.0,0.0,0,1,1,1
1107365156,1107365122,0.0,0.0,0.0,-0.029940149,0.0,0.0,0.0,0.0,0.0,0.0,0.0,0,1,1,0
1107565143,1107565109,0.0,0.0,0.0,-0.029940149,0.0,0.0,0.0,0.0,0.0,0.0,0.0,0,1,1,0
1107765152,1107765106,0.0,0.0,0.0,-0.029940149,0.0,0.0,0.0,0.0,0.0,0.0,0.0,0,1,1,0
1107965186,1107965152,0.0,0.0,0.0,-0.029940149,0.0,0.0,0.0,0.0,0.0,0.0,0.0,0,1,1,0
1108161349,1108161124,0.0,0.0,0.0,-0.029940149,0.0,0.0,0.0,0.0,0.0,0.0,0.0,0,1,1,0
1108365165,1108365131,0.0,0.0,0.0,-0.0678643,0.0,0.0,0.0,0.0,0.0,0.0,0.0,0,1,1,0
1108533343,1108533308,0.0,0.0,0.0,-0.0678643,0.0,0.0,0.0,0.0,0.0,0.0,0.0,0,1,1,0
1108765143,1108765109,0.0,0.0,0.0,-0.19760482,0.0,0.0,0.0,0.0,0.0,0.0,0.0,0,1,1,1
1108961155,1108961117,0.0,0.0,0.0,-0.19760482,0.0,0.0,0.0,0.0,0.0,0.0,0.0,0,1,1,0
1109153151,1109153117,0.0,0.0,0.0,-0.13373256,0.0,0.0,0.0,0.0,0.0,0.0,0.0,0,1,1,0
1109361141,1109361106,0.0,0.0,0.0,-0.21157688,0.0,0.0,0.0,0.0,0.0,0.0,0.0,0,1,1,1
1109557477,1109557417,0.0,0.0,0.0,-0.21157688,0.0,0.0,0.0,0.0,0.0,0.0,0.0,0,1,1,0
1109753140,1109753107,0.0,0.0,0.0,-0.243513,0.0,0.0,0.0,0.0,0.0,0.0,0.0,0,1,1,0
1109953153,1109953107,0.0,0.0,0.0,-0.2634731,0.0,0.0,0.0,0.0,0.0,0.0,0.0,0,1,1,0
1110161142,1110161107,0.0,0.0,0.0,-0.48103794,0.0,0.0,0.0,0.0,0.0,0.0,0.0,0,1,1,1
1110361143,1110361107,0.0,0.0,0.0,-0.8682635,0.0,0.0,0.0,0.0,0.0,0.0,0.0,0,1,1,1
1110561168,1110561107,0.0,0.0,0.0,-1.0,0.0,0.0,0.0,0.0,0.0,0.0,0.0,0,1,1,1
1110749140,1110749106,0.0,0.0,0.0,-1.0,0.0,0.0,0.0,0.0,0.0,0.0,0.0,0,1,1,0
1110861141,1110861107,0.0,0.0,0.0,-1.0,0.0,0.0,0.0,0.0,0.0,0.0,0.0,0,1,1,0
1111081141,1111077106,0.0,0.0,0.0,-1.0,0.0,0.0,0.0,0.0,0.0,0.0,0.0,0,1,1,0
1111317143,1111317108,0.0,0.0,0.0,-1.0,0.0,0.0,0.0,0.0,0.0,0.0,0.0,0,1,1,0
1111565580,1111565546,0.0,0.0,0.0,-1.0,0.0,0.0,0.0,0.0,0.0,0.0,0.0,0,1,1,0
1111765591,1111565546,0.0,0.0,0.0,-1.0,0.0,0.0,0.0,0.0,0.0,0.0,0.0,0,1,1,0
1111869142,1111869107,0.0,0.0,0.0,-1.0,0.0,0.0,0.0,0.0,0.0,0.0,0.0,0,1,1,0
