timestamp,timestamp_sample,position[0],position[1],position[2],q[0],q[1],q[2],q[3],velocity[0],velocity[1],velocity[2],angular_velocity[0],angular_velocity[1],angular_velocity[2],position_variance[0],position_variance[1],position_variance[2],orientation_variance[0],orientation_variance[1],orientation_variance[2],velocity_variance[0],velocity_variance[1],velocity_variance[2],pose_frame,velocity_frame,reset_counter,quality
987207800,987207186,-0.0101272585,-0.32256073,-0.21129861,0.6590179,-0.011843751,-0.020331895,0.75175923,0.002713743,-0.00012760825,-0.020603204,0.0072846524,-0.0019999573,-0.005352562,6.7213364e-06,6.721328e-06,2.2048273e-06,4.522338e-06,6.206275e-06,0.000113631875,5.7051882e-05,5.7051784e-05,2.412258e-06,1,1,14,0
987712211,987707390,-0.009007466,-0.32226557,-0.22758402,0.6590107,-0.011812189,-0.020252109,0.7517681,0.0043782326,0.0015715281,-0.0549902,-0.0066539897,0.023201816,-0.0026477373,6.1446417e-06,6.144666e-06,2.1290557e-06,4.47218e-06,6.1464684e-06,0.000113357935,5.4528446e-05,5.4529548e-05,2.365515e-06,1,1,14,0
988212048,988207592,-0.00825117,-0.32168466,-0.25358614,0.658992,-0.011660349,-0.020027224,0.75179297,0.004978684,0.00044874885,-0.09086539,0.012224009,-0.0052862647,0.0059966003,6.5301356e-06,6.530171e-06,2.1652168e-06,4.4778553e-06,6.1374258e-06,0.00011340204,5.6482117e-05,5.6482873e-05,2.3932505e-06,1,1,14,0
988712681,988707794,-0.009179054,-0.32301345,-0.2799657,0.6590809,-0.011712708,-0.019981114,0.7517154,0.0025302013,-0.0027554198,-0.11287907,-0.004214486,-0.0011909445,-0.006584082,6.1901846e-06,6.1901796e-06,2.139432e-06,4.4374624e-06,6.085142e-06,0.00011331113,5.4464283e-05,5.4463337e-05,2.374104e-06,1,1,14,0
989208543,989207742,-0.010075946,-0.3238363,-0.29546186,0.6590193,-0.011665691,-0.020052264,0.7517683,0.0012439053,-0.0026806102,-0.11438988,0.006865871,0.0075114965,0.0023895914,6.365954e-06,6.365948e-06,2.1383305e-06,4.4533094e-06,6.101606e-06,0.00011315551,5.5739027e-05,5.573925e-05,2.3796713e-06,1,1,14,0
989708595,989707937,-0.010962087,-0.32343248,-0.32990643,0.6590434,-0.01153372,-0.020077895,0.75174844,0.000179895,-0.001423985,-0.12578325,0.0003926009,0.0006340305,-0.002806742,6.4971396e-06,6.4971528e-06,4.6430196e-06,4.4515646e-06,6.104202e-06,0.00011331429,5.53641e-05,5.5364784e-05,3.5850085e-06,1,1,14,0
990208787,990208105,-0.010731291,-0.32201317,-0.39525008,0.65902454,-0.011471569,-0.020147322,0.7517641,0.0011890054,0.00046982,-0.14611338,-0.004557045,0.000950198,-0.000738792,6.764273e-06,6.764264e-06,9.294516e-06,4.5031634e-06,6.1604937e-06,0.000113406546,5.7867153e-05,5.7867215e-05,5.038378e-06,1,1,14,0
990708690,990708262,-0.010714651,-0.32215196,-0.47665152,0.6590506,-0.011464639,-0.020029936,0.7517445,-0.00048509095,-0.00031899472,-0.16834198,0.005259066,0.0052285106,0.0018765162,7.088191e-06,7.088202e-06,1.7053295e-05,4.514674e-06,6.1754713e-06,0.00011367747,5.8849706e-05,5.88497e-05,6.7639744e-06,1,1,14,0
991208812,991208379,-0.011781338,-0.32259202,-0.5691435,0.6590299,-0.011444816,-0.019912248,0.7517661,-0.0034627286,0.0002511593,-0.18859567,-0.00034725334,0.0023061677,-0.0021875554,6.4803767e-06,6.4803703e-06,2.9075933e-05,4.4898557e-06,6.1513997e-06,0.00011367319,5.6294495e-05,5.6294524e-05,8.783341e-06,1,1,14,0
991709262,991708596,-0.012792817,-0.32172418,-0.6725628,0.6590286,-0.011182228,-0.020080345,0.7517667,-0.0030179964,0.0011919214,-0.21859936,0.011221436,0.0005625665,-0.021429507,6.303198e-06,6.3031925e-06,4.6731086e-05,4.4679095e-06,6.131571e-06,0.000113479364,5.523946e-05,5.5239063e-05,1.1116957e-05,1,1,14,0
992213000,992208792,-0.011373917,-0.32011342,-0.79715496,0.65902084,-0.01086728,-0.02017227,0.75177556,0.001451813,0.005944187,-0.27983573,0.010978381,0.025015693,-0.000110428715,6.63275e-06,6.6327357e-06,7.164471e-05,4.4893054e-06,6.1489163e-06,0.000113478345,5.7202462e-05,5.7203863e-05,1.3792332e-05,1,1,14,0
992709920,992708916,-0.010071276,-0.32112336,-0.96838355,0.65907633,-0.007740155,-0.020720324,0.7517507,-0.0063130185,-0.014636131,-0.4034907,-0.01597331,0.0026726543,0.040040173,6.711612e-06,6.711772e-06,0.00010573477,4.4671738e-06,6.084176e-06,0.00011373479,5.769847e-05,5.7700367e-05,1.684379e-05,1,1,14,0
993209393,993208970,-0.02698445,-0.2995318,-1.2446836,0.6584446,-0.0021440974,-0.017705299,0.75241786,-0.113211855,0.17133726,-0.76009613,-0.06874327,0.22071916,-0.00089504954,6.6615535e-06,6.662064e-06,0.00015114776,4.640391e-06,5.9228455e-06,0.000113697315,5.97837e-05,5.9850183e-05,2.029008e-05,1,1,14,0
993709724,993709158,-0.073878914,-0.18871675,-1.723469,0.664271,-0.031089505,-0.0014989367,0.7468436,-0.087323174,0.24292207,-1.1178029,-0.008475533,0.016938327,-0.12507206,6.7111955e-06,6.6644725e-06,0.00021031029,4.405081e-06,5.8276687e-06,0.0001121035,6.159689e-05,6.0282277e-05,2.4259502e-05,1,1,14,0
994210309,994209247,-0.081372365,-0.088537596,-0.65162534,0.66332436,-0.035327997,0.004432739,0.7474846,-0.016227096,0.14883351,-1.3390485,0.023356447,0.04839582,0.06490854,6.702747e-06,6.7073056e-06,5.0000777e-05,4.821378e-06,5.6277286e-06,0.000110541674,6.0369715e-05,5.9831083e-05,2.8878476e-05,1,1,15,0
994709961,994709421,-0.09712416,-0.04087787,-1.3237513,0.6595245,-0.03348753,0.0037200733,0.7509277,-0.033553336,0.041013185,-1.5488015,0.0899239,0.037978087,-0.015341607,6.358961e-06,6.2761637e-06,2.1381888e-05,4.5242705e-06,5.556663e-06,0.00010831307,5.910258e-05,5.6429595e-05,3.43665e-05,1,1,15,0
995209870,995209454,-0.14125969,-0.0327873,-2.1670713,0.65314823,-0.03206701,-0.0017562137,0.7565488,-0.055516247,-0.03700149,-1.846511,0.0105096735,-0.021946222,-0.008253736,6.673119e-06,6.624777e-06,4.683561e-05,4.330456e-06,5.7115803e-06,0.00010551264,5.9937367e-05,5.941732e-05,4.0622384e-05,1,1,15,0
995709996,995709565,-0.15682217,-0.050370216,-3.157464,0.65319043,-0.03176907,-0.0063372045,0.75650036,0.016979523,-0.026984334,-1.9934253,0.01761527,0.06771144,-0.020303821,7.0314336e-06,7.0306764e-06,9.5235766e-05,4.255951e-06,5.878444e-06,0.0001054414,6.178931e-05,6.1598825e-05,4.7760564e-05,1,1,15,0
996210392,996209709,-0.12504189,-0.061259355,-4.1648917,0.65886945,-0.02936669,-0.008918195,0.7516311,0.08370137,0.0050403518,-2.1661975,0.02592886,0.07945604,0.017224219,6.7233314e-06,6.6998737e-06,0.00017186078,4.3205014e-06,5.852034e-06,0.0001053992,5.9085884e-05,5.8180838e-05,5.596083e-05,1,1,15,0
996710241,996709820,-0.11308736,-0.060437713,-5.2507386,0.6574169,-0.024538338,-0.004899155,0.7531116,0.038048223,0.015987394,-2.2230244,0.059418287,-0.056297474,-0.03724426,6.8949907e-06,6.8580534e-06,0.00028275046,4.452868e-06,5.786305e-06,0.00010435482,5.9043865e-05,5.8485963e-05,6.520379e-05,1,1,15,0
997210502,997209974,-0.112660795,-0.06932016,-6.358851,0.656191,-0.02560764,-0.00095106655,0.7541597,-0.007663636,-0.011937133,-2.262771,-0.008733476,0.0029288677,-0.09029168,6.455962e-06,6.468394e-06,0.00043438913,4.53336e-06,5.837796e-06,0.000104035425,5.5453205e-05,5.5913668e-05,7.483995e-05,1,1,15,0
997710669,997710095,-0.10206839,-0.06694061,-7.5498486,0.6539536,-0.027295936,-0.0005298794,0.7560419,-0.024652552,-0.01032864,-2.494473,0.02133083,0.01781639,-0.06642565,6.479412e-06,6.488058e-06,0.00063416566,4.5563315e-06,5.962601e-06,0.0001039525,5.827201e-05,5.8233578e-05,8.56264e-05,1,1,15,0
998210559,998210143,-0.08762001,-0.052951332,-8.860026,0.65569663,-0.03043196,-0.0005252188,0.7544108,0.0031044122,-0.019979179,-2.7102334,0.02239686,0.0243849,0.082503915,7.133509e-06,7.1320896e-06,0.0008899436,4.542297e-06,5.966409e-06,0.00010434209,6.162403e-05,6.156394e-05,9.741785e-05,1,1,15,0
998710828,998710302,-0.074832894,-0.054254923,-10.256581,0.65650904,-0.03328898,0.00013483058,0.7535833,0.011501461,-0.042762153,-2.899242,-0.020557657,0.078624316,-0.005810004,6.5095596e-06,6.510616e-06,0.0012103998,4.4715985e-06,5.8343585e-06,0.0001047521,5.747033e-05,5.7545683e-05,0.000110196146,1,1,15,0
999211031,999210454,-0.07727024,-0.08082031,-11.776646,0.65558,-0.03302041,-0.0001269326,0.7544035,-0.0067418986,-0.08093173,-3.1385531,0.022818461,0.033945236,-0.033491533,6.5183594e-06,6.519963e-06,0.0016053893,4.421666e-06,5.771899e-06,0.000105161635,5.8533984e-05,5.8548012e-05,0.00012444852,1,1,15,0
999700907,999700027,-0.07649877,-0.13210356,-2.6479604,0.65308565,-0.030891195,-0.002171939,0.75665057,0.026571497,-0.1186654,-3.320781,0.016627299,-0.10811213,-0.101801135,6.4803667e-06,6.480928e-06,7.3063944e-05,4.3674872e-06,5.756996e-06,0.000105632666,5.8069007e-05,5.8061523e-05,0.0001393893,1,1,16,0
1000211200,1000210680,-0.06772758,-0.1849949,-4.378576,0.656183,-0.029165966,-0.0038628594,0.75402814,0.004409843,-0.087514594,-3.4958096,0.10838083,0.12087969,-0.037848607,6.344886e-06,6.340129e-06,0.00017109847,4.351611e-06,5.759617e-06,0.000106132815,5.661172e-05,5.6392022e-05,0.00015686624,1,1,16,0
1000711349,1000710822,-0.058833614,-0.24102639,-6.213465,0.6492967,-0.03781603,0.005485162,0.75957465,0.022988673,-0.11944895,-3.7600346,-0.03913769,0.035369925,0.102900974,6.63191e-06,6.62487e-06,0.00035385496,4.453026e-06,5.780003e-06,0.000106354026,5.940522e-05,5.9258917e-05,0.00017514799,1,1,16,0
1001211352,1001210659,-0.032678287,-0.33520025,-8.125766,0.6466041,-0.02988266,-0.0016748365,0.76223844,0.024746386,-0.19024475,-3.8941503,0.059327032,0.050486255,-0.009816367,6.4457863e-06,6.4424103e-06,0.00063571084,4.479364e-06,5.758017e-06,0.00010661839,5.7140187e-05,5.6984027e-05,0.00019461015,1,1,16,0
1001711374,1001710795,-0.022881271,-0.41997537,-10.125224,0.6490027,-0.025625234,-0.0046781036,0.7603401,0.0028927359,-0.15423806,-4.084839,-0.03842993,0.034841035,-0.017120022,6.5867694e-06,6.586074e-06,0.0010312425,4.356639e-06,5.804069e-06,0.00010712852,5.769127e-05,5.7700498e-05,0.00021466934,1,1,16,0
1002211494,1002210909,-0.02151414,-0.47142488,-12.215175,0.65015155,-0.025067402,-0.007182083,0.759357,-0.011213242,-0.096466005,-4.2547007,0.010452635,-0.0015226704,-0.04731473,6.22598e-06,6.2207237e-06,0.0015549493,4.337376e-06,5.809562e-06,0.00010751992,5.6224224e-05,5.5938788e-05,0.00023590225,1,1,16,0
1002711701,1002711001,-0.022256665,-0.47584534,-14.385761,0.6504324,-0.02365742,-0.00798444,0.7591536,-0.005100552,-0.0017393484,-4.421068,0.0051675253,-0.029210784,-0.04791156,6.407964e-06,6.3931802e-06,0.0022223874,4.3804944e-06,5.854384e-06,0.000107588305,5.6689456e-05,5.6400906e-05,0.00025811174,1,1,16,0
1003211858,1003211071,-0.021250842,-0.45509705,-16.640764,0.64807653,-0.024584407,-0.007283208,0.76114345,0.0012590835,0.037260484,-4.5857415,0.013909242,0.059424706,0.02398692,6.8272197e-06,6.821507e-06,0.0030502044,4.484985e-06,5.8810024e-06,0.00010784181,5.947064e-05,5.94466e-05,0.00028154164,1,1,16,0
1003711735,1003711125,-0.016928807,-0.44867846,-18.969786,0.64812845,-0.025261048,-0.0050935345,0.76109487,-0.0010983597,0.021855643,-4.7173133,0.029722482,-0.032593988,0.05134538,6.6293815e-06,6.6260204e-06,0.0040542386,4.4912745e-06,5.829638e-06,0.00010827639,5.8216905e-05,5.802815e-05,0.00030506155,1,1,16,0
1004211650,1004211193,-0.022095809,-0.43352887,-21.365866,0.64453757,-0.026901402,-0.0047365483,0.7640846,-0.009567024,0.03575407,-4.8759685,0.033702657,-0.09229091,-0.0025366454,6.7231244e-06,6.7164283e-06,0.005251697,4.4749513e-06,5.874574e-06,0.00010847184,5.826916e-05,5.8210833e-05,0.0003303195,1,1,16,0
1004711787,1004711251,-0.03135802,-0.4101828,-3.9184942,0.6455389,-0.027224548,-0.004113108,0.763231,0.018105365,0.017481662,-5.0249104,-0.0051583145,-0.030014705,-0.121479556,6.569054e-06,6.567155e-06,0.0001055816,4.458144e-06,5.868737e-06,0.00010891836,5.696919e-05,5.6943445e-05,0.00035653284,1,1,17,0
1005211840,1005211298,-0.05159025,-0.3894718,-6.452346,0.64439064,-0.02671473,-0.0033639392,0.7642224,-0.034970507,0.03946778,-5.15245,0.029855879,0.10828384,0.020932434,6.286052e-06,6.285118e-06,0.00034110332,4.4264675e-06,5.8362502e-06,0.0001093008,5.621773e-05,5.624164e-05,0.00038404771,1,1,17,0
1005711988,1005711424,-0.07643997,-0.36674508,-9.07317,0.6405236,-0.026944688,-0.0033031385,0.7674586,-0.06023448,0.03564559,-5.3263917,-0.055542253,0.06843812,0.061529044,6.4383294e-06,6.4404044e-06,0.00078086706,4.427237e-06,5.886981e-06,0.000109642846,5.7133024e-05,5.716439e-05,0.00041363869,1,1,17,0
1006212095,1006211476,-0.074073814,-0.34800458,-11.775094,0.6439715,-0.02908213,-0.0048782686,0.76448107,-0.03140692,0.017681915,-5.4740224,-0.05104147,-0.097619936,-0.104235224,7.0502715e-06,7.0502083e-06,0.0014466936,4.4792446e-06,5.9275853e-06,0.00011035282,5.9677157e-05,5.966938e-05,0.00044435757,1,1,17,0
1006712260,1006711483,-0.057525974,-0.3395302,-14.561018,0.64065963,-0.028657129,-0.0054192683,0.767271,0.03456435,-0.00081505044,-5.6555033,0.026530564,0.03512243,-0.030061824,6.4806313e-06,6.4811447e-06,0.0023605863,4.434484e-06,5.8970636e-06,0.00011070156,5.762065e-05,5.763025e-05,0.00047498397,1,1,17,0
1007212692,1007211597,-0.05072772,-0.318915,-17.419619,0.6433116,-0.027644774,-0.004806622,0.76509017,0.022505183,0.010910117,-5.7634706,-0.007007922,-0.0069472417,0.10073709,6.283826e-06,6.284497e-06,0.0035460654,4.3876234e-06,5.818387e-06,0.000110908586,5.6259178e-05,5.62586e-05,0.0005075987,1,1,17,0
1007712135,1007711633,-0.05967314,-0.29559326,-20.307678,0.6427323,-0.027340552,-0.003728291,0.7655938,0.011407157,0.015534481,-5.8720903,-0.020761747,0.044300612,0.037027385,6.336963e-06,6.3374273e-06,0.0050278553,4.4509884e-06,5.868756e-06,0.00011122769,5.543091e-05,5.5460052e-05,0.000542599,1,1,17,0
1008212180,1008211651,-0.065409325,-0.2850293,-23.279789,0.64219785,-0.027571145,-0.0034599074,0.7660352,-0.02507028,0.0055081444,-6.0119057,0.025894793,0.07674733,0.0237541,6.6837815e-06,6.684005e-06,0.0068318243,4.4917724e-06,5.935581e-06,0.00011175104,5.8297454e-05,5.8308666e-05,0.0005775714,1,1,17,0
1008712656,1008711697,-0.07519871,-0.28267086,-26.330492,0.6426623,-0.027553955,-0.003388118,0.76564646,-0.026574979,-0.009907575,-6.1764097,0.047840636,0.061672658,-0.018301373,6.4824953e-06,6.4840456e-06,0.008984331,4.460489e-06,5.9412673e-06,0.00011185086,5.7336892e-05,5.737209e-05,0.0006157588,1,1,17,0
1009212332,1009211807,-0.07091694,-0.27320808,-29.46222,0.64292824,-0.027897254,-0.006661697,0.7653892,-0.008516714,0.008240861,-6.34685,0.038058482,-0.03810729,-0.059652593,6.1508895e-06,6.1507903e-06,0.011512825,4.41636e-06,5.917652e-06,0.0001118062,5.593839e-05,5.591703e-05,0.000654769,1,1,17,0
1009712576,1009711795,-0.042819776,-0.26522318,-4.953893,0.6451316,-0.028749181,-0.0062516327,0.7635049,0.029516175,0.015302625,-6.5261083,-0.06637787,0.013851547,0.019941099,6.703531e-06,6.7068027e-06,0.00014814628,4.4360913e-06,5.919163e-06,0.00011205535,5.8839047e-05,5.9142658e-05,0.0006947064,1,1,18,0
1010212691,1010211910,-0.029941816,-0.26127195,-8.214094,0.64222205,-0.02809568,-0.005197204,0.765986,0.036499053,0.005065903,-6.6173034,0.024136925,0.06860954,0.06997193,6.484874e-06,6.4856094e-06,0.00059180974,4.4280164e-06,5.816921e-06,0.00011235752,5.6305027e-05,5.634735e-05,0.00073641085,1,1,18,0
1010712468,1010711935,-0.031620722,-0.26587537,-11.569765,0.64171046,-0.027099863,-0.004213627,0.76645654,0.0055006,-0.025823263,-6.7807446,-0.05995526,-0.056172337,0.08194329,6.359654e-06,6.3591006e-06,0.0014215865,4.438613e-06,5.8200494e-06,0.00011254967,5.6959267e-05,5.694686e-05,0.00077967596,1,1,18,0
1011212824,1011212031,-0.052450098,-0.25944465,-14.9846,0.6409781,-0.026078278,-0.0034551653,0.7671083,-0.029557103,0.015565255,-6.8922343,-0.036058664,0.09331024,0.030097082,7.076339e-06,7.079033e-06,0.0026696678,4.45263e-06,5.885945e-06,0.00011302586,5.9296886e-05,5.9376198e-05,0.00082527334,1,1,18,0
1011712653,1011712123,-0.06713508,-0.24249779,-18.467203,0.64134675,-0.0267747,-0.0036937778,0.766775,-0.01557055,0.02023151,-7.0132523,0.0039995224,-0.040030904,-0.058850456,6.8007303e-06,6.8004906e-06,0.0043708924,4.510121e-06,5.931983e-06,0.000113319446,5.83539e-05,5.8303856e-05,0.0008726831,1,1,18,0
1012212852,1012212203,-0.06825331,-0.22877485,-22.005117,0.6413793,-0.028111307,-0.0040103463,0.76669824,-0.014526151,0.02079328,-7.1542263,-0.13682762,-0.11022586,0.015777992,6.4871842e-06,6.486616e-06,0.006560602,4.5365064e-06,5.9325075e-06,0.00011346066,5.739931e-05,5.7379682e-05,0.00092261424,1,1,18,0
1012702045,1012701636,-0.06718825,-0.23444247,-25.53938,0.6453201,-0.02920121,-0.0032534096,0.76334697,-0.005774214,-0.0074340627,-7.296173,0.020084897,-0.059942525,-0.04996439,6.4837104e-06,6.483765e-06,0.009213791,4.5529864e-06,5.9084064e-06,0.00011367083,5.7994097e-05,5.7917747e-05,0.0009706716,1,1,18,0
1013212644,1013212103,-0.06941374,-0.24673262,-29.307251,0.64476997,-0.028655827,-0.0037001397,0.7638304,0.0015752331,-0.022414362,-7.4733677,-0.004872173,-0.025668265,0.0056995624,6.4097626e-06,6.407586e-06,0.012553364,4.482539e-06,5.8812348e-06,0.000113788294,5.704755e-05,5.698072e-05,0.0010240688,1,1,18,0
1013712963,1013712124,-0.062167324,-0.2461023,-33.084167,0.6465703,-0.028186265,-0.0035823213,0.7623251,-0.0050112,0.0015383154,-7.622125,-0.06637275,-0.021214861,-0.008515788,6.4095498e-06,6.4094e-06,0.016430939,4.4099093e-06,5.838077e-06,0.00011399465,5.6722947e-05,5.6727265e-05,0.0010785401,1,1,18,0
1014212678,1014212126,-0.06064941,-0.23329987,-36.95936,0.64857626,-0.027884088,-0.0046350514,0.7606247,-0.0073072286,0.0136406915,-7.940985,-0.016191216,0.0036745055,0.009227849,6.191351e-06,6.1903884e-06,0.02095262,4.427817e-06,5.83908e-06,0.00011396526,5.6357054e-05,5.63881e-05,0.0011354798,1,1,18,0
1014712866,1014712214,-0.053856343,-0.23515312,-5.318201,0.6523846,-0.029299058,-0.0033883832,0.75731397,0.009851363,-0.00056002394,-8.05034,-0.03164959,0.041151363,0.06418962,6.440908e-06,6.4408573e-06,0.00025559278,4.440442e-06,5.762823e-06,0.00011405295,5.7170146e-05,5.7162524e-05,0.0011924249,1,1,19,0
1015212713,1015212182,-0.046931636,-0.2355727,-9.363577,0.65538883,-0.029908549,-0.0033613374,0.75469184,0.003076612,-0.006065645,-8.209579,-0.0023667333,0.07926789,0.04805351,6.449518e-06,6.4497967e-06,0.0009970792,4.444431e-06,5.796045e-06,0.000114110575,5.7026584e-05,5.7036883e-05,0.0012532045,1,1,19,0
1015712775,1015712193,-0.04863086,-0.2327498,-13.512451,0.652897,-0.029193556,-0.004027426,0.7568732,-0.0037855313,0.0032511642,-8.367623,0.038713638,-0.058387063,-0.090511896,6.665922e-06,6.6661896e-06,0.0023900862,4.4663793e-06,5.8654796e-06,0.00011430106,5.8329515e-05,5.8347156e-05,0.0013149072,1,1,19,0
1016212738,1016212203,-0.043914612,-0.232671,-17.742395,0.65225124,-0.029565793,-0.004382463,0.7574133,-0.0042491993,-0.01575435,-8.527324,0.028942509,0.009850688,-0.008123877,6.4218484e-06,6.4219494e-06,0.004480731,4.468441e-06,5.880443e-06,0.00011446667,5.6993424e-05,5.699362e-05,0.0013775114,1,1,19,0
1016702197,1016701791,-0.048169203,-0.22804768,-21.954607,0.65359914,-0.029317496,-0.0037140932,0.7562638,-0.00090458954,0.0066616368,-8.658902,-0.0056832097,-0.010019709,-0.025433403,6.506846e-06,6.506821e-06,0.0072496,4.4687217e-06,5.894688e-06,0.000114548995,5.7526795e-05,5.7476314e-05,0.0014433017,1,1,19,0
1017213320,1017212215,-0.045073044,-0.22608313,-26.419945,0.6542131,-0.03071678,-0.0040132552,0.75567573,0.02128284,-0.015268712,-8.834924,-0.039286606,-0.060020555,-0.03710948,6.5560307e-06,6.556764e-06,0.010947174,4.493022e-06,5.898593e-06,0.00011464703,5.7535108e-05,5.761535e-05,0.001509984,1,1,19,0
1017712753,1017712231,-0.046441868,-0.2359457,-30.87261,0.65559685,-0.029737389,-0.0039190254,0.7545151,0.020529766,-0.0519674,-8.976542,-0.05295062,-0.019612769,0.09184234,6.8577083e-06,6.857728e-06,0.015419868,4.4962267e-06,5.8677133e-06,0.00011492142,5.8904465e-05,5.8892234e-05,0.0015783898,1,1,19,0
1018212775,1018212241,-0.058288373,-0.23598298,-35.39868,0.6654461,-0.024563486,-0.01546723,0.7458813,0.0055388166,-0.0012839073,-9.154879,-0.3240609,-0.13237408,-0.18937701,6.2200406e-06,6.22006e-06,0.02078523,4.407889e-06,5.8167157e-06,0.00011494387,5.5619843e-05,5.55917e-05,0.001649303,1,1,19,0
1018712815,1018712290,-0.04932001,-0.18620625,-40.002346,0.69014126,-0.030753573,-0.009181019,0.7229627,0.04495748,0.11170142,-9.258665,0.062261246,0.031813577,-0.11112084,6.502949e-06,6.483483e-06,0.027098587,4.4485964e-06,6.0003467e-06,0.0001146652,5.813965e-05,5.7129688e-05,0.0017217178,1,1,19,0
1019202364,1019201963,-0.016782045,-0.1478424,-44.56255,0.7049117,-0.026569774,0.007093877,0.70876175,0.042631205,0.05255843,-9.345729,-0.07693208,-0.013279306,-0.009125281,6.7436463e-06,6.7341634e-06,0.034229662,4.769412e-06,5.678153e-06,0.000114266004,5.7898164e-05,5.7771435e-05,0.0017923302,1,1,19,0
1019713157,1019712332,0.009457854,-0.16327928,-6.039264,0.7073437,-0.029280027,-0.004475492,0.70624894,0.00411926,-0.020789815,-9.41348,-0.03476182,-0.07973158,-0.12474422,6.413461e-06,6.394446e-06,0.00033072682,4.661247e-06,5.7810184e-06,0.00011388829,5.8016172e-05,5.7133213e-05,0.0018655921,1,1,20,0
1020212807,1020212304,0.02325956,-0.17470697,-10.749732,0.70966065,-0.02820047,-0.003710696,0.7039693,0.020197505,-0.0077699022,-9.519998,-0.07439339,-0.051181942,0.06568256,6.3755433e-06,6.3726466e-06,0.0014679284,4.468515e-06,6.013273e-06,0.00011249933,5.6429548e-05,5.6428737e-05,0.0019417165,1,1,20,0
1020713409,1020712276,0.036802042,-0.17390347,-15.52619,0.71103954,-0.030472204,-0.00134348,0.70249015,0.016390791,-0.007089368,-9.596116,0.0028412645,-0.00261529,-0.01245109,6.617562e-06,6.6173097e-06,0.0036077276,4.5047173e-06,6.004209e-06,0.000112797636,5.7024932e-05,5.7154717e-05,0.0020209048,1,1,20,0
1021212860,1021212340,0.03210518,-0.17178051,-20.349543,0.7103885,-0.030757234,-0.0028668155,0.70313156,-0.0048849615,-0.008604554,-9.70162,-0.039860494,0.03347272,0.066571824,6.34904e-06,6.349773e-06,0.006809145,4.5182765e-06,5.9625595e-06,0.00011268485,5.6281904e-05,5.6253346e-05,0.0021042724,1,1,20,0
1021712840,1021712317,0.01715565,-0.17205617,-25.229136,0.70706064,-0.028921356,-0.0040861517,0.7065495,-0.008837723,-0.011429191,-9.808863,-0.009805169,-0.12624599,-0.06394637,6.3347857e-06,6.334965e-06,0.011135864,4.473082e-06,5.968013e-06,0.00011276639,5.622339e-05,5.6236033e-05,0.0021874795,1,1,20,0
1022213110,1022212366,0.006294591,-0.1680057,-30.157555,0.70706916,-0.029553093,-0.0029154264,0.7065207,-0.026409397,0.014760249,-9.915181,-0.0942747,0.001602192,0.008749621,6.5523004e-06,6.5519052e-06,0.016649347,4.4702424e-06,5.9306094e-06,0.00011316098,5.6822588e-05,5.6787194e-05,0.0022745943,1,1,20,0
1022712931,1022712351,0.005146405,-0.16379906,-35.134552,0.7071417,-0.030099994,-0.0023595453,0.70642704,-0.012401905,-0.016585499,-10.018159,-0.004407759,-0.08229329,-0.05435247,6.2455706e-06,6.245112e-06,0.023416216,4.4917865e-06,5.9262343e-06,0.000113176546,5.550557e-05,5.5502907e-05,0.0023631789,1,1,20,0
1023202659,1023201920,0.018708201,-0.17081513,-40.061337,0.70686257,-0.030828401,-0.0029792197,0.70667255,0.011048596,-0.03747115,-10.116966,0.0075949742,-0.06937638,-0.08595366,6.366645e-06,6.3656166e-06,0.03131918,4.5092816e-06,5.92917e-06,0.00011327193,5.6152727e-05,5.615066e-05,0.0024513218,1,1,20,0
1023702639,1023701860,0.025667388,-0.16967455,-45.142727,0.71182764,-0.028519487,-0.00041981312,0.7017749,0.0062076314,-0.00788537,-10.209059,0.028604163,0.09885489,0.044495355,6.2657573e-06,6.2648887e-06,0.040759373,4.4584403e-06,5.894391e-06,0.00011335214,5.5566794e-05,5.5571447e-05,0.002544058,1,1,20,0
1024213486,1024212469,0.020362271,-0.15704785,-50.38346,0.7181222,-0.028767135,-0.0024639498,0.6953179,-0.020017987,-0.009708367,-10.310252,-0.0011454885,-0.092137165,-0.039479744,6.6949688e-06,6.6949597e-06,0.051899873,4.5077018e-06,5.878049e-06,0.00011368074,5.7453086e-05,5.7457895e-05,0.002641342,1,1,20,0
1024713432,1024712292,0.023518896,-0.14786711,-6.3385887,0.7205601,-0.030862167,-0.002846093,0.6926996,0.026022704,0.00014534147,-10.423151,0.074783646,-0.004661431,-0.035063643,6.4758738e-06,6.47526e-06,0.00040027092,4.508651e-06,5.947816e-06,0.00011378146,5.6785208e-05,5.684065e-05,0.0027396325,1,1,21,0
1025202323,1025201918,0.025570547,-0.14699209,-11.442116,0.72211534,-0.028923456,-0.0014063981,0.6911664,0.024527753,-0.00953411,-10.52878,0.04656412,0.03368197,0.09381769,6.7466317e-06,6.748168e-06,0.0019635004,4.537511e-06,5.893634e-06,0.00011409955,5.8282203e-05,5.8274563e-05,0.0028365825,1,1,21,0
1025713087,1025712283,0.01190488,-0.1530343,-16.8447,0.7184457,-0.02937606,-0.0012220332,0.69496137,-0.021518024,-0.013642512,-10.657654,-0.049152292,-0.082567506,0.08181231,6.2681565e-06,6.2685954e-06,0.0050827595,4.4600906e-06,5.8558676e-06,0.00011425439,5.5689696e-05,5.5774828e-05,0.0029406562,1,1,21,0
1026202399,1026201850,0.0015867518,-0.16082896,-22.084778,0.7204842,-0.026159106,-0.00046261027,0.69297767,-0.033566568,-0.025553163,-10.758323,-0.1233433,-0.026824001,0.08427009,6.384168e-06,6.386271e-06,0.009578122,4.4518288e-06,5.859213e-06,0.000114377515,5.6296554e-05,5.644175e-05,0.0030437252,1,1,21,0
1026712854,1026712299,-0.003931997,-0.16861512,-27.600645,0.7228198,-0.028394023,-0.0016159816,0.69045115,-0.05734861,-0.033487733,-10.861391,0.02048607,-0.010609765,-0.1045364,6.4820765e-06,6.483819e-06,0.015909836,4.4620506e-06,5.9268154e-06,0.00011435998,5.68174e-05,5.682252e-05,0.003149886,1,1,21,0
1027213379,1027212209,-0.0040447903,-0.1698345,-33.05622,0.72169155,-0.032091647,-0.0034094967,0.6914621,-0.020188877,-0.022529555,-10.974364,0.0048771603,0.009233245,-0.020815028,6.366216e-06,6.3660395e-06,0.023820793,4.4675567e-06,6.02287e-06,0.0001142469,5.6383593e-05,5.6408735e-05,0.0032564576,1,1,21,0
1027713079,1027712250,0.0038057906,-0.15873693,-38.567013,0.71234584,-0.031591754,-0.0058962684,0.7010925,0.021476217,-0.009505535,-11.053865,0.04620377,0.016556883,0.026546495,6.4150777e-06,6.4182304e-06,0.033505246,4.4600506e-06,6.0845955e-06,0.00011415073,5.6567023e-05,5.6594046e-05,0.003369387,1,1,21,0
1028213511,1028212242,0.022876317,-0.16631716,-44.123432,0.7040568,-0.029509235,-0.0080260495,0.709485,0.035722706,-0.017905252,-11.171344,0.018735403,-0.121428095,-0.05307054,6.7513656e-06,6.755926e-06,0.04504599,4.409886e-06,6.0232574e-06,0.00011452856,5.7284968e-05,5.733007e-05,0.0034810426,1,1,21,0
1028712679,1028712145,0.0352746,-0.17750122,-49.740353,0.69898814,-0.031859796,-0.0064975503,0.71439373,0.04733751,-0.026222808,-11.306572,-0.015714807,0.031581376,0.063766494,6.362717e-06,6.361005e-06,0.058506582,4.407061e-06,5.9795457e-06,0.00011448564,5.6824887e-05,5.6761426e-05,0.003594341,1,1,21,0
1029202112,1029201712,0.041954044,-0.17442763,-55.305553,0.6987001,-0.031535383,-0.0030961004,0.71471274,0.030546663,-0.013734394,-11.403313,0.009143231,0.036650468,-0.044524357,6.8474255e-06,6.8458808e-06,0.07362072,4.4709404e-06,5.924382e-06,0.00011478548,5.883509e-05,5.8812613e-05,0.003705658,1,1,21,0
1029712951,1029712155,0.038758587,-0.15756147,-6.817785,0.6984795,-0.029094126,-0.005096075,0.7150203,0.0056371973,0.015762545,-11.517183,0.045277383,0.008952349,-0.024964644,6.2257004e-06,6.2258828e-06,0.00049481046,4.400963e-06,5.811287e-06,0.00011481157,5.5184217e-05,5.5227585e-05,0.003826231,1,1,22,0
1030212595,1030212073,0.028079761,-0.13713332,-12.580215,0.697077,-0.028933154,-0.0067621563,0.7163805,-0.0034223243,0.03246202,-11.646379,-0.00080330175,0.052367464,0.06301137,6.562218e-06,6.564065e-06,0.0027043729,4.4389353e-06,5.9177974e-06,0.000114905975,5.748687e-05,5.7489837e-05,0.0039486564,1,1,22,0
1030702266,1030701647,0.022089133,-0.13115236,-18.311783,0.6938493,-0.031360965,-0.008419427,0.71938777,-0.019069564,0.0145829385,-11.778658,-0.045995668,-0.03791523,-0.0040874253,6.6557245e-06,6.6557654e-06,0.0068280823,4.459472e-06,6.034787e-06,0.00011489439,5.7952195e-05,5.7955007e-05,0.0040707416,1,1,22,0
1031212847,1031212077,0.041199487,-0.14107509,-24.351416,0.6949933,-0.030728709,-0.004161311,0.7183473,0.04616704,-0.016229035,-11.880764,0.01013329,-0.06337789,-0.11764202,6.281746e-06,6.284069e-06,0.013286551,4.4450644e-06,5.9389577e-06,0.00011498735,5.563138e-05,5.5724362e-05,0.0041967384,1,1,22,0
1031712511,1031711989,0.061859354,-0.14798127,-30.313326,0.6949654,-0.027894551,-0.004650479,0.71848685,0.042535212,-0.010825651,-11.971765,0.0046757944,-0.08087253,-0.03799441,6.67443e-06,6.6755138e-06,0.021845687,4.4583207e-06,5.844523e-06,0.00011517388,5.7741945e-05,5.7694408e-05,0.0043262923,1,1,22,0
1032212676,1032212020,0.055866506,-0.1369821,-36.31916,0.69490093,-0.02821066,-0.0057059205,0.71852934,-0.015661335,0.026782157,-12.05373,-0.042123534,-0.02623745,-0.05680634,6.737249e-06,6.7381225e-06,0.032713313,4.4528065e-06,5.8681335e-06,0.00011541543,5.7735404e-05,5.7956386e-05,0.004461914,1,1,22,0
1032712484,1032711959,0.034601633,-0.1277287,-42.38079,0.69440645,-0.029547142,-0.0051856595,0.7189575,-0.0292685,0.018120708,-12.1749735,-0.00024537908,4.845004e-05,-0.009975515,6.3947527e-06,6.3992507e-06,0.045989543,4.4862672e-06,5.9497897e-06,0.0001150347,5.7341436e-05,5.7512556e-05,0.0045971903,1,1,22,0
1033212658,1033211915,0.03929983,-0.13386808,-48.497616,0.6958064,-0.029203577,-0.004041071,0.7176241,0.0061535956,-0.016776348,-12.280307,0.061108947,-0.08049945,-0.07354932,6.4224437e-06,6.422363e-06,0.06177321,4.485768e-06,5.934114e-06,0.000115008464,5.654752e-05,5.6665445e-05,0.0047306838,1,1,22,0
1033712491,1033711944,0.045972407,-0.13552034,-54.65995,0.69640803,-0.028704189,-0.0053686937,0.71705174,0.006712286,-0.02233093,-12.389467,0.0011261945,-0.13900477,-0.07528247,6.591009e-06,6.591819e-06,0.08015762,4.462282e-06,5.889833e-06,0.00011512168,5.688677e-05,5.687112e-05,0.00487161,1,1,22,0
1034212378,1034211860,0.04165999,-0.13500293,-60.884525,0.6944042,-0.029245246,-0.0056723855,0.71896833,-0.026675254,0.008822198,-12.498873,-0.04655602,0.10476793,0.016891154,6.37646e-06,6.3764373e-06,0.10125807,4.4246044e-06,5.889182e-06,0.00011522545,5.6650235e-05,5.6650253e-05,0.0050122216,1,1,22,0
1034712888,1034711812,0.02471713,-0.12652755,-7.1214457,0.69602776,-0.029917626,-0.0034785783,0.7173829,-0.03795095,0.0029629273,-12.608104,-0.042915054,-0.10104703,-0.07766623,6.3648545e-06,6.365852e-06,0.0005665977,4.449486e-06,5.913586e-06,0.000115094685,5.6429264e-05,5.6538644e-05,0.0051603667,1,1,23,0
1035212378,1035211821,0.021785688,-0.12683214,-13.41458,0.6996262,-0.0307942,-0.002434353,0.713841,-0.0189307,-0.017568251,-12.724254,-0.026090499,-0.08081031,0.01727794,6.6333055e-06,6.6341477e-06,0.0034375575,4.533813e-06,5.9408494e-06,0.000115172596,5.6991015e-05,5.6995912e-05,0.005311834,1,1,23,0
1035712561,1035711832,0.04440428,-0.14968306,-19.796597,0.6979593,-0.031835686,-0.0062581557,0.7154022,0.017976495,-0.05270863,-12.81748,-0.0058173607,-0.03745671,0.03825207,6.312629e-06,6.3122357e-06,0.009021243,4.4854737e-06,5.957399e-06,0.00011523857,5.5860975e-05,5.583491e-05,0.0054615084,1,1,23,0
1036201789,1036201355,0.061276466,-0.1607129,-26.09687,0.6976768,-0.03170459,-0.0056603365,0.7156884,0.04234725,-0.027918255,-12.925989,-0.07018354,-0.13049175,-0.028182445,6.5269305e-06,6.528886e-06,0.017225457,4.440774e-06,5.9758413e-06,0.00011530348,5.7412697e-05,5.7479705e-05,0.0056122276,1,1,23,0
1036716105,1036711852,0.06806134,-0.15761198,-32.710724,0.6990556,-0.028759632,-0.0034334045,0.71448046,0.02600477,-0.021180768,-12.985523,0.026276274,0.017403658,0.057525035,6.1666215e-06,6.1680357e-06,0.028784007,4.4512913e-06,5.8247188e-06,0.00011519127,5.4961223e-05,5.4962038e-05,0.005771135,1,1,23,0
1037212408,1037211637,0.050426975,-0.15572576,-39.224823,0.6990798,-0.027175842,-0.0056171543,0.714505,-0.013360538,-0.008654104,-13.076056,-0.005048116,0.027959598,-0.0011154523,6.452963e-06,6.4549895e-06,0.043189287,4.4410235e-06,5.850514e-06,0.000115324256,5.6103145e-05,5.62617e-05,0.0059297094,1,1,23,0
1037701575,1037701159,0.035709802,-0.14222127,-45.641884,0.70085126,-0.028683743,-0.0047744554,0.7127145,-0.028285792,0.027928662,-13.143507,-0.00388178,-0.040747203,-0.013081899,7.062361e-06,7.0628266e-06,0.060372073,4.5133756e-06,5.9807353e-06,0.000115633884,5.905135e-05,5.8989855e-05,0.0060873944,1,1,23,0
1038202233,1038201158,0.025257153,-0.12630337,-52.23681,0.6982659,-0.028993763,-0.0051017576,0.71523297,-0.032011908,0.037175287,-13.230982,-0.042251818,0.029721469,0.060584985,6.5476333e-06,6.5456197e-06,0.081188574,4.525811e-06,5.9719823e-06,0.000115594594,5.7377674e-05,5.7355108e-05,0.0062544243,1,1,23,0
1038712034,1038711487,0.018193768,-0.1287172,-59.03128,0.7024111,-0.010415627,-0.021654991,0.71136576,-0.029125907,0.053151798,-13.6345825,-0.20529653,-0.15500219,-0.04688479,6.2818535e-06,6.2818926e-06,0.10596921,4.547673e-06,5.996784e-06,0.00011538114,5.5877314e-05,5.5837223e-05,0.006426483,1,1,23,0
1039212016,1039211471,0.021581054,-0.06465243,-65.85989,0.70621,-0.03061892,-0.008790436,0.7072854,-0.017633671,0.18792227,-13.536744,-0.014639302,0.12323352,-0.057650357,6.3252196e-06,6.3094835e-06,0.13377833,4.2177317e-06,5.822337e-06,0.000115329465,5.700052e-05,5.5556076e-05,0.0065926085,1,1,23,0
1039712638,1039711442,0.042423055,0.012808344,-7.6265597,0.7026751,-0.039798867,0.008099912,0.71035075,0.011456808,0.065020576,-13.498248,-0.0397977,-0.08333248,-0.019245518,6.4786072e-06,6.4802653e-06,0.00067040144,4.9102973e-06,5.839422e-06,0.00011413355,5.419861e-05,5.396444e-05,0.006758539,1,1,24,0
1040211926,1040211363,0.06745683,0.029286359,-14.344074,0.7008392,-0.026915617,-0.0019682797,0.71280867,0.033220533,-0.015802057,-13.553894,-0.058408007,0.013494528,0.08750664,6.498948e-06,6.3933976e-06,0.0043546828,4.716035e-06,5.918436e-06,0.000112913796,6.0500948e-05,5.653882e-05,0.0069264392,1,1,24,0
1040712165,1040711362,0.06427906,0.045250367,-21.141666,0.70269173,-0.03356878,-0.0077255215,0.7106602,0.038469706,0.016127571,-13.62884,0.041905683,0.15756696,0.07461806,6.440666e-06,6.422406e-06,0.011568026,4.451376e-06,6.0804814e-06,0.000109881235,5.612754e-05,5.6168625e-05,0.0071047037,1,1,24,0
1041211801,1041211253,0.06417953,0.054729436,-27.983255,0.70531005,-0.03161698,-0.002544357,0.7081891,0.012680706,-0.02094871,-13.719265,0.031671822,0.0008215923,-0.047238994,6.53224e-06,6.527364e-06,0.02244332,4.494089e-06,6.035638e-06,0.00010994449,5.7052937e-05,5.687962e-05,0.0072826473,1,1,24,0
1041712610,1041711261,0.05906309,0.048923887,-34.87074,0.7031039,-0.025100911,-0.006747234,0.71061194,-0.0058676065,-0.009898417,-13.810394,-0.049641117,0.019082602,0.08967406,6.569459e-06,6.5634167e-06,0.037114777,4.4178755e-06,5.8672367e-06,0.000110047484,5.724911e-05,5.7165777e-05,0.007464466,1,1,24,0
1042211907,1042211179,0.061911475,0.06058967,-41.795223,0.69988096,-0.025507292,-0.0071826475,0.7137679,0.004053324,0.03446824,-13.888657,0.0011113081,0.027539773,0.04787661,6.191929e-06,6.183801e-06,0.05571989,4.34266e-06,5.826029e-06,0.00011000871,5.5343447e-05,5.4971588e-05,0.00765213,1,1,24,0
1042711731,1042711132,0.06597896,0.079314694,-48.76511,0.69666374,-0.027631883,-0.0031351922,0.7168587,-0.01003396,0.037538417,-13.972562,0.121265575,-0.0102300765,-0.091012344,6.7887854e-06,6.7843507e-06,0.07840172,4.4927483e-06,5.915882e-06,0.00010982749,5.8309026e-05,5.8408317e-05,0.007839981,1,1,24,0
1043211565,1043211046,0.06244938,0.09036371,-55.76738,0.6949868,-0.029393438,-0.004087296,0.7184098,-0.04920576,0.02471009,-14.054871,-0.017703539,0.06479234,0.056037832,6.5103586e-06,6.5113513e-06,0.10529216,4.5291054e-06,5.9590357e-06,0.00010992558,5.6873912e-05,5.6780646e-05,0.008032581,1,1,24,0
1043711719,1043711045,0.064110845,0.09862383,-62.8162,0.69381225,-0.03236414,-0.007338551,0.719391,-0.02925601,0.005119345,-14.17122,-0.042318102,-0.06530053,-0.009573702,6.391705e-06,6.3876614e-06,0.13654312,4.49605e-06,6.081034e-06,0.00010990793,5.6807177e-05,5.6736746e-05,0.008231034,1,1,24,0
1044211546,1044211013,0.08079812,0.10168645,-69.90937,0.69348204,-0.034266375,-0.008062845,0.7196135,0.024308749,0.011454496,-14.211332,-0.018250495,0.07408813,0.0889122,6.2759627e-06,6.2802337e-06,0.17230928,4.457751e-06,6.0576117e-06,0.00011011063,5.4987308e-05,5.5317785e-05,0.00843109,1,1,24,0
1044711780,1044710923,0.10075848,0.094286606,-7.8712234,0.69320345,-0.03356193,-0.007264514,0.7199235,0.05758333,-0.020862814,-14.305019,-0.024572114,-0.045558132,0.007028152,6.2569484e-06,6.2656172e-06,0.00077819894,4.4667872e-06,5.9500658e-06,0.00011020899,5.5115273e-05,5.528419e-05,0.00863505,1,1,25,0
1045211764,1045210837,0.103873454,0.08306485,-14.986827,0.6927969,-0.030304229,-0.0077478657,0.72045416,0.039007246,-0.031151423,-14.365122,-0.009023194,-0.076457515,-0.008994119,6.415317e-06,6.4159426e-06,0.0053957803,4.463696e-06,5.884547e-06,0.0001104832,5.62918e-05,5.6308738e-05,0.0088394005,1,1,25,0
1045711378,1045710850,0.09640015,0.07694237,-22.174595,0.69469625,-0.029560585,-0.008162053,0.71864927,0.0050101317,-0.012561772,-14.420332,-0.0464136,-0.029978795,-0.046702284,6.414141e-06,6.4160154e-06,0.014506769,4.4477765e-06,5.9210442e-06,0.000110814006,5.6006505e-05,5.6060282e-05,0.009047809,1,1,25,0
1046211539,1046210760,0.09256964,0.085081995,-29.39422,0.69938093,-0.028625527,-0.0058954083,0.7141514,-0.0022131405,0.025871472,-14.461852,-0.025167288,0.032088652,0.042713374,6.3443526e-06,6.344624e-06,0.028275749,4.497537e-06,5.934181e-06,0.000110846966,5.5613527e-05,5.5537555e-05,0.009262946,1,1,25,0
1046711298,1046710753,0.096587904,0.08825108,-36.644413,0.7002296,-0.029577367,-0.0056985742,0.7132821,0.013262609,0.0013343052,-14.526056,-0.0026387898,0.047490206,0.07650889,6.506139e-06,6.5059694e-06,0.046857037,4.5323177e-06,5.9570725e-06,0.00011104172,5.6476285e-05,5.6437108e-05,0.009474375,1,1,25,0
1047211492,1047210674,0.097289175,0.08551794,-43.9185,0.6999726,-0.03051177,-0.0046278303,0.7135026,0.009566731,-0.0080846315,-14.576474,-0.0058370437,-0.043293033,-0.085807465,6.219191e-06,6.2183035e-06,0.070411675,4.504714e-06,5.954308e-06,0.00011124365,5.507572e-05,5.5066437e-05,0.009693823,1,1,25,0
1047711315,1047710601,0.096942276,0.08528587,-51.217518,0.70189416,-0.029527944,-0.0044481903,0.7116551,0.0015476522,0.0001963749,-14.61802,0.032671284,0.12129274,0.06965626,6.6907464e-06,6.690423e-06,0.099102736,4.540398e-06,5.952766e-06,0.00011181748,5.6966117e-05,5.693212e-05,0.009914736,1,1,25,0
1048211692,1048210572,0.0813832,0.08332882,-58.544487,0.6982286,-0.028726965,-0.005279591,0.7152788,-0.023312792,-0.017667904,-14.682551,-0.032308877,0.063799664,-0.038066786,6.349091e-06,6.3488465e-06,0.13309431,4.4822636e-06,5.9453787e-06,0.00011212458,5.5544457e-05,5.5603636e-05,0.010140626,1,1,25,0
1048711565,1048710558,0.06309606,0.08239727,-65.90275,0.7000626,-0.031871244,-0.018269368,0.713136,-0.03615114,-0.023773355,-14.771163,-1.3910971,-0.9417296,-0.38906035,6.303146e-06,6.3042166e-06,0.17256178,4.451252e-06,6.0119464e-06,0.000112321155,5.5429708e-05,5.5418812e-05,0.010367819,1,1,25,0
1049211230,1049210544,0.23745014,0.1964647,-73.36162,0.7356811,-0.036801152,-0.07609737,0.6720329,0.66482913,0.4209477,-14.865313,-0.0030989759,-0.15634583,-0.21240805,6.604693e-06,6.6796797e-06,0.21765389,5.09139e-06,1.0557686e-05,0.00010620398,6.440316e-05,7.26035e-05,0.01059349,1,1,25,0
1049711438,1049710530,0.5806179,0.44153625,-8.090445,0.73932695,-0.0023044392,0.025931478,0.67284316,0.5016192,0.50039047,-14.885559,0.21178873,0.28729358,0.074714355,6.7786073e-06,6.9630596e-06,0.00088666397,4.652084e-06,5.6701538e-06,8.863362e-05,5.8292662e-05,5.761044e-05,0.010796179,1,1,26,0
1050211200,1050210520,0.70694995,0.59023863,-15.489282,0.735992,-0.01894423,0.025765471,0.6762345,0.018949179,0.25908396,-14.91385,-0.14732076,0.053152584,-0.08987335,6.278515e-06,6.7013325e-06,0.0065313363,5.4198695e-06,6.0799484e-06,8.123075e-05,6.192725e-05,8.861556e-05,0.0110055385,1,1,26,0
1050710814,1050710202,0.7422922,0.6785527,-22.967823,0.7299687,-0.037574593,0.00750235,0.68240577,-0.024178963,0.10587543,-14.973081,0.14518304,0.18645155,0.050478674,6.4180326e-06,6.6984194e-06,0.017755868,4.5429733e-06,5.9873505e-06,5.8939502e-05,5.931163e-05,6.006045e-05,0.011229348,1,1,26,0
1051211390,1051210173,0.7767482,0.7473793,-30.48364,0.72406936,-0.039542,0.00642928,0.6885628,0.022063544,0.0029674922,-15.060546,0.013475434,-0.15573688,-0.07710833,6.5477184e-06,6.4911055e-06,0.03473931,4.4132503e-06,6.265906e-06,5.4727338e-05,5.6621822e-05,5.80785e-05,0.011469522,1,1,26,0
1051711520,1051710106,0.77899796,0.7640955,-38.048107,0.7207363,-0.03419589,-0.006695949,0.69233304,0.03247493,-0.025780775,-15.182124,-0.14635336,-0.13173968,-0.043331977,6.3277876e-06,6.442078e-06,0.05765391,4.2960696e-06,6.0126454e-06,5.5268265e-05,5.6215977e-05,5.9446982e-05,0.011716717,1,1,26,0
1052211274,1052210028,0.7577555,0.75198036,-45.68711,0.72220224,-0.03259387,-0.0059985677,0.6908876,0.039914366,-0.021828229,-15.27719,0.060511123,-0.015043764,-0.06815385,6.636459e-06,6.6773073e-06,0.086691916,4.297488e-06,5.76424e-06,5.5002667e-05,5.92915e-05,5.909791e-05,0.011972148,1,1,26,0
1052710905,1052709954,0.7413768,0.7260173,-53.3627,0.721261,-0.029384455,-0.0036796115,0.69203013,0.03553539,-0.049085904,-15.356024,0.12941399,-0.05904334,0.019370338,6.483851e-06,6.462645e-06,0.12204472,4.3339273e-06,5.6004696e-06,5.570792e-05,5.646898e-05,5.6033437e-05,0.012225362,1,1,26,0
1053210313,1053209893,0.754208,0.71325994,-61.058228,0.718796,-0.022790764,-0.0030576645,0.6948407,0.0046973703,-0.0019646522,-15.426283,0.023250379,0.030192886,-0.007267604,6.5211075e-06,6.519838e-06,0.16391122,4.3772066e-06,5.6150066e-06,5.7501602e-05,5.704077e-05,5.7313937e-05,0.012480245,1,1,26,0
1053710919,1053709851,0.7624877,0.7404942,-68.78082,0.72019076,-0.023752585,-0.0022727768,0.6933657,-0.05708609,0.059647094,-15.472007,-0.061550863,0.13234463,0.06544296,6.2911304e-06,6.306741e-06,0.21249141,4.3815894e-06,5.6414665e-06,5.926548e-05,5.4781096e-05,5.5092103e-05,0.012745413,1,1,26,0
1054210279,1054209727,0.76986426,0.766334,-76.51884,0.7252342,-0.027502883,-0.0007178327,0.6879524,-0.04079005,0.020125343,-15.51874,0.00012865195,-0.03791911,-0.049953755,6.430603e-06,6.4386054e-06,0.2679631,4.4881326e-06,5.7610655e-06,6.08496e-05,5.640168e-05,5.6411718e-05,0.01300791,1,1,26,0
1054710278,1054709741,0.7729965,0.7857791,-8.170448,0.73755497,-0.030263515,-0.0010329927,0.6746079,-0.01882142,0.038177818,-15.584139,-0.06698328,-0.015423838,-0.033035748,6.2085724e-06,6.2055487e-06,0.0009938099,4.4746857e-06,5.7398147e-06,6.277705e-05,5.4942335e-05,5.495167e-05,0.013273413,1,1,27,0
1055210224,1055209619,0.7586726,0.81732917,-15.926463,0.74388367,-0.03481447,-0.0026101933,0.6673966,-0.002057695,0.029941507,-15.663103,0.016887596,0.035335667,0.035964794,6.4055466e-06,6.4079513e-06,0.007804094,4.5154757e-06,5.762299e-06,6.470374e-05,5.6059784e-05,5.6099096e-05,0.013546848,1,1,27,0
1055710905,1055709510,0.74705166,0.81175,-23.770245,0.74322176,-0.031541154,-0.004052672,0.668289,0.0028903808,1.198682e-05,-15.743741,0.09817536,0.07898526,0.007057133,6.4233454e-06,6.4242568e-06,0.021481428,4.46588e-06,5.736871e-06,6.661822e-05,5.6576668e-05,5.6610672e-05,0.013824904,1,1,27,0
1056211072,1056209453,0.7521135,0.77004325,-31.664122,0.7404261,-0.028129837,-0.0016052703,0.671547,0.003801646,-0.039275374,-15.805121,0.05128273,-0.028674698,0.038339738,6.296479e-06,6.295706e-06,0.04223174,4.3675464e-06,5.6896347e-06,6.865806e-05,5.5508233e-05,5.5498724e-05,0.014099428,1,1,27,0
1056714595,1056709399,0.77623385,0.74343854,-39.58858,0.7395538,-0.028094163,-0.0007451851,0.6725105,0.03000003,-0.027577698,-15.858771,-0.010550797,0.024233999,0.081365585,6.3495318e-06,6.348601e-06,0.07027147,4.3613572e-06,5.700874e-06,7.068482e-05,5.5625093e-05,5.5501205e-05,0.014384192,1,1,27,0
1057209859,1057209317,0.79096025,0.7513785,-47.54,0.7354867,-0.028819164,-0.0019463112,0.6769233,0.015460207,0.01081187,-15.9321995,0.017372107,0.0644565,0.032648187,6.328545e-06,6.3254765e-06,0.10581433,4.399989e-06,5.7402426e-06,7.25391e-05,5.5501765e-05,5.5464356e-05,0.0146720745,1,1,27,0
1057710658,1057709262,0.7849563,0.7604493,-55.526707,0.737558,-0.027067624,2.0695903e-05,0.6747412,-0.013964717,0.007449105,-16.002132,0.039136294,-0.010606828,-0.019517519,6.1186456e-06,6.1187816e-06,0.14906624,4.423034e-06,5.7188713e-06,7.433596e-05,5.4724947e-05,5.470264e-05,0.014961294,1,1,27,0
1058209687,1058209159,0.7704886,0.7669406,-63.54979,0.73830503,-0.033383124,-0.0025284265,0.67363566,-0.022723295,-0.021201622,-16.083366,-0.0001575044,-0.039370812,0.012305278,6.4281858e-06,6.427862e-06,0.20025216,4.471622e-06,5.752719e-06,7.619772e-05,5.6121266e-05,5.610891e-05,0.015258788,1,1,27,0
1058713573,1058709158,0.7689027,0.76518214,-71.61272,0.73390603,-0.03535772,0.0045381836,0.678315,0.03806453,-0.00861063,-16.148376,0.409069,1.4585121,0.21283908,6.464155e-06,6.463518e-06,0.25960314,4.4333183e-06,5.7962843e-06,7.802856e-05,5.621777e-05,5.621123e-05,0.015555439,1,1,27,0
1059209847,1059209072,0.7367446,0.34360394,-79.75871,0.6484659,-0.11460821,0.052603744,0.75072634,0.059803586,-1.6211323,-16.306522,0.016299328,-1.4064244,0.25769418,7.060189e-06,6.549369e-06,0.3272554,1.6743743e-05,6.253809e-06,6.479004e-05,0.00013604185,5.9998496e-05,0.015822852,1,1,27,0
1059709438,1059708913,0.73249924,-0.36760944,-8.392132,0.64310336,0.03814065,-0.071438335,0.76148534,-0.08438257,-0.984582,-16.26802,-0.30863303,-0.29468447,-0.12696959,7.3341416e-06,6.5880486e-06,0.0011042473,5.883459e-06,5.4411134e-06,4.6438934e-05,5.8057693e-05,5.7009802e-05,0.016169682,1,1,28,0
1060209594,1060208904,0.68762803,-0.5362435,-16.435854,0.65556353,-0.028361019,-0.054326583,0.7526491,0.083463,-0.010480654,-16.308558,0.10345339,0.33804774,0.040717963,7.915676e-06,6.4035517e-06,0.009179284,5.7419024e-06,5.916671e-06,3.9524097e-05,0.00014004011,5.6394463e-05,0.0164105,1,1,28,0
1060709346,1060708794,0.7838503,-0.521458,-24.542643,0.6562188,-0.020802937,0.012837327,0.75417453,0.082948215,0.004969331,-16.336752,0.03034261,-0.0553597,0.013781751,7.3377337e-06,6.5658273e-06,0.025503028,4.5811958e-06,5.314755e-06,2.49147e-05,6.2184976e-05,5.7434547e-05,0.016678894,1,1,28,0
1061202693,1061198350,0.79545677,-0.5580444,-32.542713,0.6603913,-0.023757925,-0.007731237,0.750506,-0.05498137,-0.033994365,-16.4164,-0.057084545,0.06114117,-0.01076658,6.34497e-06,6.3204047e-06,0.049764007,4.7412955e-06,5.360525e-06,2.5152916e-05,6.165948e-05,5.6626635e-05,0.016986346,1,1,28,0
1061709261,1061708730,0.7812873,-0.5405703,-40.943905,0.6594082,-0.036681566,-0.010783275,0.7508122,-0.009469484,0.030889692,-16.483835,0.1294425,0.093410924,0.049317252,6.3704106e-06,6.208735e-06,0.08401123,4.366105e-06,5.546797e-06,2.553492e-05,5.8473328e-05,5.4973665e-05,0.017313546,1,1,28,0
1062213381,1062208696,0.7789443,-0.51338196,-49.20531,0.6555801,-0.032025944,0.003291618,0.754439,-0.016655175,-0.015483964,-16.546818,0.017819414,0.06225907,0.023368046,6.8428008e-06,6.7827295e-06,0.12664227,4.3135537e-06,5.5534642e-06,2.6736012e-05,5.8717804e-05,5.8195714e-05,0.017633587,1,1,28,0
1062713193,1062708664,0.7601804,-0.534259,-57.49361,0.65491104,-0.03603453,-0.009691004,0.75478417,-0.037089337,-0.06475595,-16.602846,-0.07298246,-0.0013757112,-0.033539277,6.126346e-06,6.1225933e-06,0.17851798,4.2105094e-06,5.530162e-06,2.863072e-05,5.442002e-05,5.4375338e-05,0.01796207,1,1,28,0
1063208941,1063208376,0.7462339,-0.57482487,-65.8016,0.6583589,-0.030986149,-0.016323946,0.75188893,0.002398911,-0.056441933,-16.648611,-0.053329982,0.01857047,-0.015214485,6.4936503e-06,6.4933365e-06,0.2398968,4.2360243e-06,5.6082813e-06,3.0758158e-05,5.6141605e-05,5.6058576e-05,0.018294599,1,1,28,0
1063708852,1063708295,0.751842,-0.58423156,-74.13403,0.66053945,-0.023011573,-0.010370695,0.75036705,0.0058153174,0.01272306,-16.689053,0.115340896,0.012327491,0.0057818857,6.6020416e-06,6.592015e-06,0.3109988,4.276637e-06,5.553561e-06,3.2976117e-05,5.7063306e-05,5.668544e-05,0.018630799,1,1,28,0
1064208831,1064208237,0.75105655,-0.56625986,-82.48968,0.65879846,-0.032702636,-0.009962351,0.75154245,0.0024099592,0.024092259,-16.73298,0.049077436,0.062073044,0.011732832,6.778433e-06,6.771331e-06,0.39206883,4.3169703e-06,5.557681e-06,3.512488e-05,5.7799538e-05,5.7817117e-05,0.018964393,1,1,28,0
1064708532,1064708113,0.7624123,-0.56426066,-8.377602,0.6586604,-0.031976048,-0.0063650385,0.75173366,0.0066831624,-0.025326155,-16.773294,-0.094522655,-0.11823381,-0.028589798,6.5274644e-06,6.5265617e-06,0.0012028507,4.355537e-06,5.6094586e-06,3.7309048e-05,5.6939807e-05,5.6817495e-05,0.019303992,1,1,29,0
1065212550,1065208084,0.7670631,-0.5689243,-16.715582,0.6609493,-0.031049697,-0.009034124,0.74973357,0.008647872,-0.0061242,-16.821932,-0.012304506,-0.10284888,-0.027613917,6.2197682e-06,6.214141e-06,0.010701567,4.27356e-06,5.5799824e-06,3.963498e-05,5.5069428e-05,5.4999964e-05,0.019649187,1,1,29,0
1065708507,1065707973,0.78244007,-0.5612594,-25.128426,0.66253716,-0.02805138,-0.010088652,0.7484357,0.05023759,0.0076782247,-16.855392,0.09262281,0.054080777,0.0053797895,6.230096e-06,6.2298695e-06,0.030148005,4.260024e-06,5.58634e-06,4.202003e-05,5.4799493e-05,5.477577e-05,0.02000054,1,1,29,0
1066208671,1066207876,0.78805935,-0.55882365,-33.572304,0.6617419,-0.029446395,-0.010176999,0.7490841,0.013090585,0.020568319,-16.925514,-0.034724735,0.026196694,-0.035422508,6.1321816e-06,6.130752e-06,0.059802525,4.2592396e-06,5.557193e-06,4.4452387e-05,5.465496e-05,5.4601627e-05,0.020352231,1,1,29,0
1066708883,1066707819,0.78355086,-0.56650484,-42.041576,0.6644587,-0.031184066,-0.0075952117,0.74663556,0.03751471,-0.0006788895,-16.954988,0.12010313,0.08188947,-0.041581858,6.6345237e-06,6.6337648e-06,0.09992887,4.3122336e-06,5.61771e-06,4.68657e-05,5.682719e-05,5.683104e-05,0.020708617,1,1,29,0
1067212381,1067207731,0.776985,-0.57751304,-50.536186,0.666161,-0.025600055,-0.0048119854,0.745353,-0.03514747,-0.004950664,-17.027548,0.091025256,0.015459293,-0.02083868,6.3713387e-06,6.3710195e-06,0.15078978,4.3034147e-06,5.540443e-06,4.9404174e-05,5.612525e-05,5.611252e-05,0.021071112,1,1,29,0
1067708160,1067707635,0.74785465,-0.5873337,-59.06269,0.6653579,-0.0275237,-0.008177892,0.7459722,-0.10589308,-0.003948138,-17.101452,-0.0754341,-0.036084354,-0.051392775,6.3101256e-06,6.314282e-06,0.21266124,4.2693887e-06,5.5388373e-06,5.1875577e-05,5.5378165e-05,5.555058e-05,0.021438219,1,1,29,0
1068212056,1068207589,0.7339416,-0.5818293,-67.64191,0.66616803,-0.03229683,-0.010183899,0.7450325,-0.06740669,-0.0036594372,-17.17403,-0.10473075,0.06930751,0.016654927,6.2686076e-06,6.2721615e-06,0.28583527,4.2747665e-06,5.734655e-06,5.3970485e-05,5.580904e-05,5.580556e-05,0.021808077,1,1,29,0
1068708034,1068707449,0.77584994,-0.5743272,-76.24579,0.6677039,-0.03097678,-0.00307917,0.7437759,0.041290347,0.02776632,-17.251604,1.1242639,0.78206545,0.02299829,6.2093454e-06,6.215072e-06,0.37055612,4.2620427e-06,5.7126895e-06,5.639742e-05,5.4919863e-05,5.5280747e-05,0.022184042,1,1,29,0
1069208143,1069207409,0.41559845,-0.6184318,-84.95133,0.6691057,0.038958102,0.035143375,0.74131286,-1.4715312,-0.08530939,-17.31425,-1.4992626,0.13744418,-0.073533915,6.6658604e-06,6.859207e-06,0.46711555,4.1839426e-06,1.1729445e-05,5.2272968e-05,6.002176e-05,0.000102459686,0.022545105,1,1,29,0
1069708037,1069707279,-0.2636108,-0.6208265,-8.482456,0.6743705,-0.089881524,-0.071221955,0.7294335,-0.87573826,0.057445504,-17.3095,-0.15850931,0.071209185,0.028825363,6.3071593e-06,6.9390326e-06,0.0012972645,4.177927e-06,8.902624e-06,3.9363586e-05,5.2888845e-05,5.316953e-05,0.022894178,1,1,30,0
1070207727,1070207152,-0.49511907,-0.5902805,-17.09185,0.676008,-0.05637562,-0.021351192,0.73442435,-0.13296682,0.021602025,-17.437014,0.28490418,-0.024077687,-0.032717805,6.2292966e-06,7.2476655e-06,0.012310029,4.3001983e-06,7.561131e-06,3.6677313e-05,5.71779e-05,0.00011338929,0.023238303,1,1,30,0
1070707965,1070707065,-0.59492123,-0.6131009,-25.786684,0.67854303,-0.03392078,-0.013553179,0.73365194,-0.06852747,-0.051655754,-17.517069,-0.015685892,-0.019201089,-0.036089428,6.6663765e-06,7.275926e-06,0.03502753,4.188967e-06,5.374037e-06,2.7592909e-05,5.7720306e-05,6.178401e-05,0.023597028,1,1,30,0
1071207512,1071207005,-0.6588703,-0.6278686,-34.543934,0.67951214,-0.033393715,-0.019591551,0.73264205,0.0072047263,0.007862586,-17.582615,0.06395408,0.13118538,0.03871839,6.262439e-06,6.2743907e-06,0.06976639,4.14629e-06,5.2766163e-06,2.8336966e-05,5.5524328e-05,5.8249632e-05,0.023983216,1,1,30,0
1071711376,1071706971,-0.62947917,-0.60764515,-43.352673,0.68515056,-0.024179943,-0.0034196787,0.72799206,0.024795886,0.060372733,-17.663752,-0.013537839,-0.04642162,-0.061213188,6.550058e-06,6.6686325e-06,0.11684025,4.200767e-06,5.2799633e-06,2.9634246e-05,5.6904315e-05,6.0182407e-05,0.024381103,1,1,30,0
1072207406,1072206854,-0.59586155,-0.58442485,-52.184933,0.6929613,-0.02655702,0.00024008859,0.7204855,-0.017993862,0.034145724,-17.690796,-0.01770305,-0.084717795,-0.057018116,6.3076036e-06,6.389003e-06,0.17649207,4.258066e-06,5.2956116e-06,3.0601816e-05,5.5064316e-05,5.6449753e-05,0.024785515,1,1,30,0
1072707274,1072706746,-0.5944666,-0.57461536,-61.03898,0.7116301,-0.024428675,-0.0060212384,0.70210373,-0.04599527,0.05230817,-17.750364,-0.011846985,0.071235955,-0.08332179,6.3958028e-06,6.415769e-06,0.24909678,4.3091654e-06,5.3778867e-06,3.228537e-05,5.582086e-05,5.5831253e-05,0.025188446,1,1,30,0
1073207788,1073206679,-0.6218211,-0.54314345,-69.92444,0.7228221,-0.03855054,-0.0044189347,0.68994385,-0.022239288,0.043439873,-17.802416,-0.022244366,0.045847323,0.05946882,6.3493903e-06,6.347122e-06,0.33485806,4.3313744e-06,5.463503e-06,3.437769e-05,5.574439e-05,5.574927e-05,0.025596332,1,1,30,0
1073707376,1073706564,-0.650748,-0.54076624,-78.80376,0.7225588,-0.03643322,-0.006617581,0.69031703,-0.004322895,-0.0193425,-17.828596,-0.005243133,-0.074877374,0.033778332,6.403011e-06,6.4098135e-06,0.43390977,4.3279947e-06,5.4978386e-06,3.6585985e-05,5.589424e-05,5.6227258e-05,0.025995845,1,1,30,0
1074206938,1074206520,-0.6582363,-0.56492937,-87.71022,0.7227666,-0.02490965,-0.007088121,0.6906069,0.018538523,-0.00442671,-17.87026,0.033086922,0.0049978225,-0.012798976,6.4491846e-06,6.4568358e-06,0.5467064,4.2531183e-06,5.453582e-06,3.8910537e-05,5.633864e-05,5.6437693e-05,0.026405167,1,1,30,0
1074707499,1074706492,-0.6524751,-0.58294344,-8.5165,0.71621555,-0.030004472,-0.0020829975,0.69723076,0.0012456689,-0.005059461,-17.915668,-0.00617856,0.02617852,0.015580049,6.562447e-06,6.559532e-06,0.0013791808,4.2487027e-06,5.4534944e-06,4.1245963e-05,5.708365e-05,5.699449e-05,0.026834087,1,1,31,0
1075206955,1075206431,-0.6521972,-0.59836364,-17.405708,0.71868134,-0.02954606,-0.002914789,0.6947055,-0.02961417,-0.010940968,-17.941238,-0.023585776,0.06822712,0.18322763,6.5153167e-06,6.5192553e-06,0.014018187,4.265907e-06,5.4460274e-06,4.35879e-05,5.5892735e-05,5.613365e-05,0.027262902,1,1,31,0
1075706926,1075706151,-0.6514027,-0.61052287,-26.373014,0.70824486,-0.034871507,-0.004075544,0.7050934,0.0061274683,-0.049010817,-17.96826,0.064158365,-0.04256582,0.012320432,6.575176e-06,6.576955e-06,0.040431447,4.308311e-06,5.5799715e-06,4.5827852e-05,5.6930712e-05,5.6914807e-05,0.027695308,1,1,31,0
1076206502,1076206087,-0.6406387,-0.61503273,-35.36882,0.7019838,-0.028000325,-0.0035186335,0.7116337,0.014147015,-0.035084266,-18.015099,-0.057487402,0.014226026,0.0430133,6.463079e-06,6.4622227e-06,0.08094183,4.25981e-06,5.5489477e-06,4.8336053e-05,5.621191e-05,5.6221816e-05,0.028136432,1,1,31,0
1076706387,1076705968,-0.62816745,-0.6163651,-44.380154,0.6924868,-0.028418891,-0.0059875557,0.72084576,-0.008952338,-0.011244601,-18.053667,-0.08229561,-0.068281025,0.036538005,6.5392555e-06,6.538418e-06,0.13587855,4.240568e-06,5.5209707e-06,5.085266e-05,5.6849043e-05,5.6826866e-05,0.028576434,1,1,31,0
1077207358,1077205921,-0.6161775,-0.6164853,-53.412537,0.6819278,-0.03187851,-0.005589573,0.7307031,0.0151449405,-0.025467308,-18.084293,-0.01614583,0.11114734,0.07965642,7.060281e-06,7.0580995e-06,0.20554134,4.2860715e-06,5.5792602e-06,5.3313244e-05,5.9124613e-05,5.909659e-05,0.029017054,1,1,31,0
1077706233,1077705816,-0.6162049,-0.6110416,-62.476933,0.67912394,-0.03213846,-0.0048803682,0.7333035,0.01814377,-0.028609103,-18.129593,-0.03831233,-0.05072274,0.09135211,6.442576e-06,6.4409132e-06,0.290234,4.281921e-06,5.5515075e-06,5.5723456e-05,5.6417215e-05,5.6373057e-05,0.029461818,1,1,31,0
1078210081,1078205756,-0.6274362,-0.5979369,-71.556305,0.67694044,-0.029155547,-0.006033462,0.7354354,-0.007891173,-0.0050175176,-18.165771,-0.036507424,-0.061411146,-0.041334573,6.689985e-06,6.6884854e-06,0.39034212,4.273162e-06,5.4941725e-06,5.825479e-05,5.7357454e-05,5.734338e-05,0.029909823,1,1,31,0
1078706433,1078705631,-0.6396244,-0.57822967,-80.64546,0.67552215,-0.026617745,-0.0073132017,0.73682284,-0.04587277,0.012843901,-18.214308,0.41972542,-0.6173406,-0.44060725,6.409397e-06,6.4099736e-06,0.50622064,4.2676565e-06,5.5156e-06,6.061868e-05,5.596732e-05,5.5956996e-05,0.03037067,1,1,31,0
1079206068,1079205501,-0.6863114,-0.25741372,-89.88254,0.73874295,-0.0024211726,-0.08287334,0.66886854,-0.030850165,1.1642425,-18.430658,0.11259316,0.90878004,-0.3052978,6.754387e-06,6.556555e-06,0.6382175,7.958511e-06,5.4153643e-06,5.844227e-05,8.951699e-05,6.0776394e-05,0.030836074,1,1,31,0
1079706580,1079705463,-0.6478389,0.30487025,-8.60957,0.7706129,-0.053414833,0.030367238,0.6343347,0.051867962,0.92322844,-18.162373,0.324346,0.32736877,-0.0961521,7.3751003e-06,6.848609e-06,0.0014512342,5.5216383e-06,5.2501987e-06,4.927623e-05,5.679444e-05,5.6518176e-05,0.03121157,1,1,32,0
1080205733,1080205325,-0.6408511,0.5720739,-17.59758,0.76936525,-0.050868697,0.013765999,0.63663185,-0.026091022,0.36357147,-18.161541,-0.053975683,-0.09560162,0.062603585,6.983563e-06,6.426985e-06,0.015745262,6.1414316e-06,5.281723e-06,4.738483e-05,9.209155e-05,5.803837e-05,0.031503014,1,1,32,0
1080709865,1080705285,-0.629642,0.6616301,-26.686722,0.7588005,-0.038969066,-0.0023289034,0.6501522,0.059516735,0.1546168,-18.260326,0.037533764,-0.10129699,-0.00756175,7.4433233e-06,6.786008e-06,0.04581382,4.292412e-06,5.545108e-06,3.822151e-05,6.634906e-05,5.8498103e-05,0.0318735,1,1,32,0
1081205578,1081205160,-0.6073955,0.71604025,-35.835194,0.75466967,-0.028391289,0.010052049,0.65541327,0.02675066,0.093825884,-18.35484,-0.0150478035,0.054377202,-0.005560856,6.472705e-06,6.4667042e-06,0.09209199,4.156003e-06,5.330721e-06,3.782121e-05,5.8226266e-05,5.7281817e-05,0.032338895,1,1,32,0
1081716055,1081715497,-0.6241982,0.7452249,-45.23097,0.7517901,-0.031425875,0.0052543893,0.6586324,-0.032240335,0.0465375,-18.436975,-0.15589848,-0.018124929,0.06751851,6.7782607e-06,6.689159e-06,0.15640132,4.061679e-06,5.2282085e-06,3.9629445e-05,6.106882e-05,5.8363596e-05,0.032830227,1,1,32,0
1082216125,1082215398,-0.6426609,0.7604701,-54.45905,0.76271653,-0.03213737,0.0012392108,0.64593273,-0.003905574,0.024729405,-18.470993,-0.08537562,0.02020745,-0.10419861,6.607548e-06,6.552609e-06,0.23646258,4.0577843e-06,5.2404184e-06,4.066217e-05,5.7183028e-05,5.6545832e-05,0.03331258,1,1,32,0
1082705583,1082704870,-0.63734156,0.7743822,-63.514637,0.7654992,-0.032120485,0.0011388568,0.6426338,0.0404263,0.0024989052,-18.500807,0.0026015989,0.006542274,0.07894887,6.5791587e-06,6.5746117e-06,0.331623,4.1462918e-06,5.2727605e-06,4.2571293e-05,5.633789e-05,5.646284e-05,0.03379215,1,1,32,0
1083205201,1083204808,-0.6304802,0.79038095,-72.76837,0.7651974,-0.02704979,0.0023128453,0.64322305,0.02589868,0.009049335,-18.524982,0.027804267,-0.011439389,0.06295864,6.469683e-06,6.4726273e-06,0.44629437,4.1792714e-06,5.275568e-06,4.485693e-05,5.647748e-05,5.645873e-05,0.034294017,1,1,32,0
1083705257,1083704636,-0.64568615,0.81465816,-82.034676,0.7660886,-0.026453475,0.005525442,0.64216673,-0.030915264,0.062221177,-18.570591,-0.08633035,0.030180747,-0.038482796,6.6235734e-06,6.6245816e-06,0.5789885,4.18985e-06,5.2842124e-06,4.7246038e-05,5.7140296e-05,5.7228186e-05,0.03480308,1,1,32,0
1084205273,1084204556,-0.66884726,0.8323503,-91.3273,0.7659186,-0.032721836,0.0031267137,0.6420968,-0.06391242,0.0313395,-18.611265,0.0964623,0.12785484,0.048468377,6.6950047e-06,6.701427e-06,0.7301392,4.2100264e-06,5.358517e-06,4.946309e-05,5.7516812e-05,5.769454e-05,0.03531776,1,1,32,0
1084705255,1084704499,-0.6583157,0.8282899,-8.239063,0.7511424,-0.036118545,-0.001121682,0.6591505,0.028093204,-0.0055083707,-18.632915,-0.06904581,-0.0150179695,0.10319702,6.6735415e-06,6.6729317e-06,0.0013560421,4.179314e-06,5.5178757e-06,5.1655377e-05,5.6672357e-05,5.6670127e-05,0.035837803,1,1,33,0
1085215427,1085214839,-0.6264806,0.8187159,-17.673616,0.7406446,-0.029480845,0.0025039148,0.67124534,0.011227749,-0.007221268,-18.694788,-0.024851449,-0.020709757,0.017629938,6.5085947e-06,6.5140703e-06,0.017617568,4.1453104e-06,5.3894382e-06,5.4127977e-05,5.6965673e-05,5.698871e-05,0.036375172,1,1,33,0
1085715248,1085714702,-0.6318417,0.821456,-27.020615,0.7400777,-0.027904185,0.0032652235,0.6719344,-0.020531034,3.3298915e-05,-18.734661,-0.02875198,-0.0056973766,-0.057942186,6.2422046e-06,6.2389013e-06,0.05208847,4.1130525e-06,5.262782e-06,5.64886e-05,5.5214445e-05,5.520089e-05,0.03689318,1,1,33,0
1086204957,1086204191,-0.655639,0.8356284,-36.20815,0.74929297,-0.033121005,0.0004911731,0.66140974,-0.058114707,0.01996347,-18.793972,0.013655989,0.042147096,-0.08438882,6.3936795e-06,6.39491e-06,0.10397009,4.1530225e-06,5.295379e-06,5.871777e-05,5.576311e-05,5.580883e-05,0.03740017,1,1,33,0
1086704637,1086704083,-0.68008274,0.8551184,-45.622612,0.75082713,-0.042464186,-0.0018186346,0.65912986,-0.018872159,0.02071704,-18.85247,-0.059509847,-0.009467134,0.020645354,6.26938e-06,6.269518e-06,0.17588995,4.2143047e-06,5.4466504e-06,6.080295e-05,5.526687e-05,5.527856e-05,0.03794024,1,1,33,0
1087204415,1087204012,-0.6739284,0.8450287,-55.061035,0.73307234,-0.048479274,0.0038244266,0.67841,0.050216064,-0.08616975,-18.888664,0.033074748,-0.16371635,0.054589655,7.14989e-06,7.159712e-06,0.26737037,4.3612654e-06,5.594169e-06,6.29538e-05,6.0167044e-05,6.0403574e-05,0.038494013,1,1,33,0
1087704619,1087703959,-0.65729034,0.78857034,-64.50956,0.72689444,-0.018019078,-0.008366555,0.68646187,0.013856401,-0.03713404,-18.934977,0.054607693,-0.041889656,0.022896199,6.65968e-06,6.6545927e-06,0.37878782,4.0918126e-06,5.296469e-06,6.5403125e-05,5.6931727e-05,5.6850553e-05,0.03905943,1,1,33,0
1088214890,1088214216,-0.66794765,0.7974345,-74.18072,0.736411,-0.026812298,-0.0018134974,0.67600065,-0.052680604,0.09460732,-18.980799,-0.0042535146,0.18259926,-0.09097729,6.2615777e-06,6.2469803e-06,0.51351523,4.0671007e-06,5.234825e-06,6.750749e-05,5.6666475e-05,5.568396e-05,0.039624617,1,1,33,0
1088708166,1088703851,-0.69766265,0.8428728,-83.47363,0.75038165,-0.046820723,0.0052334885,0.65932375,-0.056983553,0.07155845,-19.007257,-0.258625,0.85763294,-0.20231077,6.6492885e-06,6.6419216e-06,0.6629735,4.3651157e-06,5.4126244e-06,6.8055655e-05,5.682468e-05,5.7007415e-05,0.040165782,1,1,33,0
1089204145,1089203549,-0.48922196,0.5855789,-93.0235,0.7031727,-0.12288355,0.005094424,0.70030135,0.82060635,-1.040099,-19.001858,0.9100732,-1.1259216,0.3787497,6.6712146e-06,6.5300146e-06,0.836572,9.9147555e-06,1.1842727e-05,5.6367615e-05,8.900949e-05,7.346142e-05,0.04071084,1,1,33,0
1089704033,1089703488,-0.12798943,0.12872966,-8.314569,0.68252814,0.05915907,-0.028833432,0.7278903,0.46066928,-0.5353037,-19.12408,-0.035079915,0.17707548,0.094324,6.635678e-06,6.4994483e-06,0.0013912234,5.0952735e-06,5.252406e-06,4.457566e-05,5.6280536e-05,5.64396e-05,0.04128556,1,1,34,0
1090204100,1090203367,-0.017257694,0.074853614,-17.739092,0.68200284,-0.017548287,-0.019873545,0.7308689,0.17155588,0.101466805,-19.131075,-0.0015849686,0.47673038,0.036597043,6.9885314e-06,6.5803e-06,0.019081136,4.674397e-06,4.944057e-06,4.109813e-05,9.353335e-05,7.088178e-05,0.04181476,1,1,34,0
1090703652,1090703268,0.079237886,0.13580893,-27.275457,0.6765478,-0.032901984,0.012931799,0.73554975,0.16185503,0.022317786,-19.14244,0.03736245,0.07397082,0.041270528,6.8116906e-06,6.593321e-06,0.057705842,4.327041e-06,5.2252503e-06,2.9693107e-05,5.7275465e-05,5.6503177e-05,0.04227624,1,1,34,0
1091214172,1091213574,0.11705935,0.13892053,-37.08084,0.6789406,-0.018016778,0.0064301044,0.73394394,-0.021295521,-0.04507136,-19.225454,-0.15053537,-0.023488076,0.03597755,6.438691e-06,6.368198e-06,0.119183116,4.343706e-06,5.167796e-06,3.0881536e-05,6.0910992e-05,5.572174e-05,0.04281227,1,1,34,0
1091714172,1091713518,0.066370726,0.14522354,-46.73586,0.6804497,-0.037898343,-0.008435489,0.7317655,-0.07251605,-0.015000967,-19.326078,-0.11563698,-0.04497574,-0.0067266044,6.7440524e-06,6.6132543e-06,0.20147873,4.1491644e-06,5.400111e-06,3.144431e-05,5.9747075e-05,5.7823145e-05,0.043376066,1,1,34,0
1092207396,1092202989,0.05711336,0.14495936,-56.200706,0.6808015,-0.034751948,-0.0046393536,0.7316285,0.018598832,-0.04161644,-19.36122,0.07843622,0.02696469,-0.01642223,6.7764113e-06,6.7894166e-06,0.30369827,4.0941054e-06,5.4179363e-06,3.2775126e-05,5.780109e-05,5.88458e-05,0.04394295,1,1,34,0
1092703531,1092702876,0.064865604,0.1257035,-65.8883,0.68311656,-0.027902937,-0.006213019,0.72974974,-0.007985795,-0.04762789,-19.398178,-0.043147568,-0.0061031766,0.05892717,6.698907e-06,6.7181004e-06,0.43051207,4.0768896e-06,5.181401e-06,3.475182e-05,5.7709178e-05,5.787345e-05,0.044532716,1,1,34,0
1093203274,1093202702,0.0697846,0.10965232,-75.60368,0.6863147,-0.02763279,-0.0077056335,0.72673875,-0.01753563,-0.011358444,-19.455063,-0.07349917,-0.056489125,0.04764379,6.5658755e-06,6.5596446e-06,0.5805085,4.087025e-06,5.159635e-06,3.686972e-05,5.740832e-05,5.7270998e-05,0.045131654,1,1,34,0
1093703014,1093702599,0.081591174,0.116768636,-85.33122,0.68830013,-0.028682621,-0.008068157,0.7248139,0.0089586815,0.031781368,-19.43719,0.058971882,0.117048234,0.011199975,6.6502084e-06,6.646889e-06,0.75414157,4.1072926e-06,5.2014957e-06,3.901364e-05,5.6870762e-05,5.684668e-05,0.0457319,1,1,34,0
1094214064,1094212988,0.09119341,0.13539088,-95.26024,0.70685315,-0.019115048,-0.00476365,0.70708597,-0.019324869,0.065987036,-19.478634,0.025984496,-0.016752716,-0.10731437,6.1709216e-06,6.1708993e-06,0.9561866,4.1118756e-06,5.1442116e-06,4.13335e-05,5.451046e-05,5.4502067e-05,0.046346057,1,1,34,0
1094713624,1094712869,0.066270195,0.17166747,-8.389741,0.7158086,-0.038557388,-0.0008463232,0.6972308,-0.06574209,0.061997052,-19.537283,-0.0662679,0.032018006,0.12216699,6.3485413e-06,6.3479074e-06,0.0015687263,4.1794597e-06,5.153009e-06,4.3619246e-05,5.6119796e-05,5.614118e-05,0.046957605,1,1,35,0
1095213249,1095212692,0.03509087,0.17193492,-18.0574,0.7140141,-0.035074275,-0.00480852,0.6992358,-0.008570821,-0.031403378,-19.535568,0.0022491105,-0.073903345,0.051210698,6.4395886e-06,6.431504e-06,0.021699699,4.206444e-06,5.310805e-06,4.572875e-05,5.6040542e-05,5.5714045e-05,0.047566745,1,1,35,0
1095713270,1095712617,0.039972223,0.14093307,-27.823309,0.71709937,-0.022388646,-0.007641136,0.6965694,-0.007210646,-0.020968217,-19.58039,0.03706568,-0.0021731546,-0.026411079,6.3438856e-06,6.3404864e-06,0.065799035,4.076624e-06,5.199453e-06,4.80932e-05,5.548905e-05,5.5523233e-05,0.04817506,1,1,35,0
1096213087,1096212520,0.035558928,0.13939837,-37.625275,0.72035176,-0.027459148,-0.0017925757,0.69306296,-0.040917184,0.029097218,-19.613506,0.019493377,0.06707236,-0.014025889,6.3202556e-06,6.3154735e-06,0.13432032,4.068042e-06,5.154876e-06,5.0426763e-05,5.552089e-05,5.529529e-05,0.048797973,1,1,35,0
1096702701,1096701987,0.02531194,0.14810047,-47.24125,0.72453,-0.030145854,-0.003805692,0.6885733,-0.033055823,-0.0121226385,-19.652084,-0.0112467455,-0.061191607,-0.0994605,6.4728597e-06,6.47124e-06,0.22556719,4.127321e-06,5.1940265e-06,5.2474083e-05,5.641315e-05,5.6443983e-05,0.049415905,1,1,35,0
1097213322,1097212325,0.030566057,0.14160484,-57.282894,0.717755,-0.030561185,-0.008866853,0.6955682,-0.006819294,-0.0060457885,-19.689005,-0.0034157871,-0.0111951055,0.054768667,6.1150367e-06,6.114763e-06,0.3465482,4.0803307e-06,5.2987934e-06,5.4735247e-05,5.393004e-05,5.392338e-05,0.0500657,1,1,35,0
1097713352,1097712182,0.05297562,0.1254798,-67.13712,0.71028495,-0.028590987,-0.008474593,0.70328236,0.0383179,0.00088407146,-19.728409,0.012558926,0.02947766,-0.03319501,6.3331167e-06,6.3348048e-06,0.49122292,4.045636e-06,5.270594e-06,5.7190184e-05,5.5024404e-05,5.51186e-05,0.050704867,1,1,35,0
1098212830,1098212086,0.067948885,0.12852508,-77.00027,0.70752704,-0.026774693,-0.0057049794,0.70615596,0.039679162,0.019040424,-19.74325,0.025460096,0.026267858,-0.053840518,6.223911e-06,6.2227537e-06,0.6622198,4.068136e-06,5.2235014e-06,5.9518814e-05,5.510458e-05,5.5043794e-05,0.051357627,1,1,35,0
1098712501,1098711986,0.06729155,0.13755184,-86.87354,0.7150363,-0.026353488,-0.0051453225,0.69857156,-0.002123737,0.046822224,-19.766333,0.06712653,0.027366422,-0.04295757,6.4168485e-06,6.416654e-06,0.85994786,4.1103326e-06,5.203582e-06,6.184037e-05,5.603203e-05,5.6093206e-05,0.052008595,1,1,35,0
1099212328,1099211886,0.05432312,0.14861736,-96.76698,0.72453,-0.033442225,-0.0030362713,0.6884248,-0.007399732,0.013411348,-19.815926,-0.14531504,-0.07504561,-0.01352094,6.6836737e-06,6.6857647e-06,1.0849832,4.188405e-06,5.2416112e-06,6.404008e-05,5.7208686e-05,5.7192447e-05,0.05266159,1,1,35,0
1099712320,1099711799,0.052797455,0.13725679,-8.312107,0.71740884,-0.037492696,-0.0029822646,0.6956364,0.022619266,-0.054355126,-19.843641,0.06053682,0.072468914,0.08269276,6.604105e-06,6.6002603e-06,0.001578618,4.244882e-06,5.3680174e-06,6.608468e-05,5.6936322e-05,5.6767014e-05,0.053331472,1,1,36,0
1100212181,1100211656,0.05609521,0.108310245,-18.141981,0.7221032,-0.022658985,-0.005533546,0.6913921,0.04010532,-0.052373737,-19.894814,0.021371916,0.07073377,-0.01891009,6.785139e-06,6.780587e-06,0.023892902,4.088669e-06,5.179635e-06,6.856514e-05,5.710533e-05,5.7048066e-05,0.053992603,1,1,36,0
1100712122,1100711603,0.04126262,0.11707186,-28.08714,0.7244407,-0.026721673,-0.0012755523,0.68881786,-0.035110608,-0.022018466,-19.945908,0.046779074,0.0227927,0.05395472,6.777364e-06,6.7729366e-06,0.07341011,4.1114154e-06,5.1702777e-06,7.077579e-05,5.8702324e-05,5.847298e-05,0.05467314,1,1,36,0
1101212223,1101211455,-0.027867744,0.089835204,-38.055195,0.972473,-0.045528214,0.012617452,0.22817579,-0.20916352,-0.15648597,-19.909702,0.002962456,-0.12517731,-1.539255,6.3784914e-06,6.399646e-06,0.15064707,5.25998e-06,4.441088e-06,7.199998e-05,5.7505087e-05,5.787906e-05,0.055365738,1,1,36,0
1101711883,1101711361,-0.088929564,0.017794762,-48.06621,0.998958,-0.025748605,-0.014230078,0.034893464,0.022679213,-0.16613989,-20.040487,0.031412527,0.008171493,-0.26945093,7.151999e-06,6.878293e-06,0.25343367,4.606956e-06,3.834537e-06,7.344721e-05,9.416231e-05,8.2875886e-05,0.055449557,1,1,36,0
1102211847,1102211230,-0.05173131,-0.1633431,-58.352283,0.9996968,-0.010969015,0.00070627296,0.022033114,0.20435585,-0.281744,-20.213764,0.142037,0.02812416,0.001557032,8.1174985e-06,8.017987e-06,0.3718312,3.2813803e-06,3.1604447e-06,7.4201576e-05,8.562798e-05,8.583699e-05,0.05405718,1,1,36,0
1102711685,1102711122,-0.06706036,-0.465831,-68.50594,0.99980986,0.0092060035,0.014964551,0.008467505,0.11034591,-0.27392107,-20.284393,0.040463235,0.037405487,0.0059550568,6.922527e-06,6.880762e-06,0.51836133,3.2770824e-06,3.293702e-06,7.302459e-05,6.2817315e-05,6.0814196e-05,0.053811967,1,1,36,0
1103211427,1103211005,-0.13406064,-0.62483156,-78.49572,0.99975204,0.012092513,0.018356632,0.0035805583,-0.009228415,-0.061101723,-20.283964,-0.06566101,-0.012516129,0.019473793,6.9144608e-06,6.8016675e-06,0.6979512,3.4792708e-06,3.55942e-06,7.2647716e-05,6.262771e-05,5.974684e-05,0.054376114,1,1,36,0
1103711454,1103710928,-0.18905605,-0.6076963,-88.6035,0.99981093,0.0008256956,0.018437373,0.0061217053,-0.07808977,0.11043112,-20.332783,-0.06629548,-0.097400315,0.012251296,6.3778766e-06,6.3697335e-06,0.9067087,3.2924765e-06,3.478552e-06,7.061539e-05,5.656788e-05,5.6969824e-05,0.055037286,1,1,36,0
1104211191,1104210788,-0.20723751,-0.4935297,-98.79008,0.99978274,-0.01119381,0.017225645,0.0035346823,-0.061248664,0.18829729,-20.371925,-0.03807584,-0.05914205,-0.034375966,6.748247e-06,6.75084e-06,1.1439313,3.1647783e-06,3.5644018e-06,7.160842e-05,5.9235364e-05,5.8282618e-05,0.055693675,1,1,36,0
1104711625,1104710730,-0.20190698,-0.34783137,-8.253153,0.99974,-0.015535898,0.015835134,0.0052840523,-0.051038325,0.21565838,-20.491274,-0.04130136,0.1425985,0.07472595,6.7315327e-06,6.6475886e-06,0.0014740872,3.1060156e-06,3.4921206e-06,7.242592e-05,5.9873564e-05,5.7595444e-05,0.056373797,1,1,37,0
1105211221,1105210664,-0.18764995,-0.24154358,-18.413511,0.99971986,-0.01827446,0.014696561,0.0032075723,-0.00996164,0.11362247,-20.544346,0.036890358,0.05470136,0.012693053,6.4059595e-06,6.336406e-06,0.024466801,3.0841518e-06,3.374002e-06,7.226876e-05,5.7402634e-05,5.5755885e-05,0.057064753,1,1,37,0
1105711026,1105710602,-0.15957317,-0.21597144,-28.688389,0.9997324,-0.01783844,0.014032022,-0.0044767293,0.03906595,0.0154625,-20.590303,0.06202487,0.009194447,0.036996365,6.889093e-06,6.840186e-06,0.07620036,3.161568e-06,3.349072e-06,7.266911e-05,5.9535803e-05,5.9164755e-05,0.057762664,1,1,37,0
1106211034,1106210586,-0.12998164,-0.19173086,-38.99931,0.9997929,-0.012275731,0.015288434,-0.005476219,0.0622384,0.015766738,-20.635168,-0.018221963,0.06013218,0.008291277,6.8610807e-06,6.8626973e-06,0.15720479,3.1795805e-06,3.3296044e-06,7.4197145e-05,5.7472214e-05,5.746485e-05,0.05846802,1,1,37,0
1106710789,1106710203,-0.1126705,-0.15945022,-49.327557,0.99980634,-0.009956593,0.01686525,-0.0019463211,0.03341219,0.059384704,-20.70053,0.0027865183,0.06855912,0.09964277,6.4020824e-06,6.3903267e-06,0.26797962,3.1966883e-06,3.3214521e-06,7.5953765e-05,5.63531e-05,5.610262e-05,0.059174698,1,1,37,0
1107210632,1107210159,-0.1043227,-0.13698542,-59.68165,0.9997482,-0.011032544,0.018901324,-0.004967859,0.027673582,0.047925036,-20.7217,0.061784662,0.12683164,-0.021365339,6.5312806e-06,6.5182726e-06,0.40908408,3.1839922e-06,3.329695e-06,7.741074e-05,5.6814424e-05,5.6682693e-05,0.059885677,1,1,37,0
1107700202,1107699634,-0.09006639,-0.13478065,-69.834175,0.99970686,-0.012785502,0.018650992,-0.008653957,-0.017115405,0.012520143,-20.798948,-0.0016739317,-0.060314644,0.12605213,6.4878122e-06,6.487769e-06,0.57710993,3.1640468e-06,3.336663e-06,7.904153e-05,5.5920926e-05,5.5933422e-05,0.0605901,1,1,37,0
1108199995,1108199464,-0.08526178,-0.13763961,-80.23924,0.9944565,-0.042380728,0.010780936,0.095624186,-0.0047307084,-0.027735775,-20.776197,-0.38002542,0.08374529,0.6559771,6.4591873e-06,6.4598767e-06,0.77974045,3.1570455e-06,3.3482343e-06,8.0906735e-05,5.6385496e-05,5.6303998e-05,0.061311636,1,1,37,0
1108710525,1108709761,-0.062902234,-0.15325403,-90.759094,0.99639255,-0.0029920146,0.009852362,0.08423725,0.010354864,-0.003355838,-20.39811,-0.020313723,-0.025698308,-0.07580425,6.371321e-06,6.3647763e-06,1.0195472,3.1104664e-06,3.3463325e-06,8.278599e-05,5.2375344e-05,5.247627e-05,0.062054407,1,1,37,0
1109210291,1109209670,-0.012603334,-0.11703816,-100.74297,0.9976198,-0.0038155422,0.0084850285,0.068324655,0.116026565,0.097131185,-19.512094,0.011175315,0.044516526,-0.020710807,6.177414e-06,6.185044e-06,1.286566,3.2738315e-06,3.5029543e-06,8.436611e-05,4.7004098e-05,4.6714667e-05,0.06275069,1,1,37,0
1109709990,1109709586,0.08776385,-0.105032235,-7.6919117,0.9980841,-0.006529257,0.011491638,0.06044284,0.19178356,0.020410853,-21.01255,-0.050246324,0.021058014,-0.0156208165,7.4527475e-06,7.44783e-06,0.0014441268,3.2961825e-06,3.5159558e-06,8.55364e-05,9.491305e-05,9.381873e-05,0.0634288,1,1,38,0
1110199610,1110199001,0.16258459,-0.091999575,-17.742645,0.99835056,-0.0075073186,-0.00846094,0.05628732,0.08408417,-0.023649264,-21.19741,0.03552358,0.32169983,0.026661584,6.1647024e-06,6.164192e-06,0.025791334,3.0049896e-06,3.0762765e-06,8.6849126e-05,4.1968764e-05,4.189433e-05,0.06412911,1,1,38,0
1110709772,1110709349,0.15951099,-0.09804405,-28.465355,0.99811304,-0.013283955,0.0057638655,0.059671365,-0.0072174533,-0.011912861,-21.127325,-0.037996802,-0.0584623,-0.0058871754,7.031806e-06,7.1002687e-06,0.08410138,3.0667202e-06,3.290184e-06,8.7917644e-05,6.5190885e-05,6.8721565e-05,0.064853586,1,1,38,0
1111209614,1111209226,0.1514451,-0.10514785,-39.050827,0.9980332,-0.014163464,0.004666799,0.060887966,-0.020135485,0.016679943,-21.214447,0.03376576,-0.013420928,-0.012541514,7.8168105e-06,7.821261e-06,0.17438321,3.0075657e-06,3.2035532e-06,8.79927e-05,0.0006389598,0.0006385454,0.06604304,1,1,38,0
1111714503,1111709160,0.15525666,-0.08752864,-49.678215,0.9980249,-0.013839099,0.00451341,0.061110646,0.0028103946,0.005595466,-21.267878,-0.004519482,-0.0039502094,-0.0033204746,1.4985038e-05,1.4984552e-05,0.29892585,4.0772243e-06,4.280308e-06,8.9639114e-05,0.00031886902,0.0003186051,0.08102931,1,1,38,0
